



ASM/6800 1.3H4: 0000 ASMIODRIVER        - - - I/O Package for MAL/6800-6809   1.4 - - -
08/16/82 00:00:00; Page 1; Form 1       *** SDOS 1.1 DEFINITIONS ***
ASM14IODR.ASM
                  1: *       Edit history:
                  2: *
                  3: *       23-Aug-83       WAM     Edited in minor corrections for 1.4:
                  4: *                               Added ignore of ACTIVATIONNOTINBUFFER &
                  5: *                               Changed include of sdos definitions.
                  6: *
                  7: *
  0001            8:         PCC     1
                  0:         INCLUDE SDOSUSERDEFS.ASM        THIS IS DEF'NING




ASM/6800 1.3H4: 0000 ASMIODRIVER        - - - I/O Package for MAL/6800-6809   1.4 - - -
08/16/82 00:00:00; Page 2; Form 1       *** SDOS 1.1 DEFINITIONS ***
SDOSUSERDEFS.ASM
                  1:         PAGE    *** SDOS 1.1 DEFINITIONS ***
                  2: *       SDOS 1.1 DEFINITIONS FILE (AS OF 8/16/82)
                  3: *
  0011            4: SDOSVERSION     EQU     $11     1.1 IN HEX
                  5: *
                  6: *
                  7: *       The Definitions are broken into 3 parts:
                  8: *               A) THOSE NEEDED TO ASSEMBLE SDOS PROPER OR SYSTEM PROGRAMS
                  9: *               B) THOSE NEEDED TO BUILD AN I/O PACKAGE (A SUBSET OF "A")
                 10: *               C) THOSE NEEDED BY EVERYDAY USER PROGRAMS (A SUBSET OF "B")
                 11: *
  00FB           12: SYSCALL$        EQU     $FB     JMP TO SDOS; RESERVED SYSCALL ENTRY POINT
                 13: *       CONTENTS OF ($FC,$FD) POINTS TO END OF USER RAM
                 14: *       CONTENTS OF ($FE,$FF) ARE SACRED; THEY BELONG TO THE ROM




ASM/6800 1.3H4: 0000 ASMIODRIVER        - - - I/O Package for MAL/6800-6809   1.4 - - -
08/16/82 00:00:00; Page 3; Form 1       *** SDOS 1.1 DEFINITIONS ***
SDOSUSERDEFS.ASM
                 15:         PAGE
                 16: *       SYSCALL$ OPCODE DEFINITIONS
                 17: *
  0000           18:         ORG     0
0000 0001        19: SYSCALL:OPEN    RMB     1       OPEN FILE
0001 0001        20: SYSCALL:CREATE  RMB     1       CREATE A NEW FILE
0002 0001        21: SYSCALL:CLOSE   RMB     1       CLOSE A FILE
0003 0001        22: SYSCALL:RENAME  RMB     1       RENAME A FILE
0004 0001        23: SYSCALL:DELETE  RMB     1       DELETE A FILE
0005 0001        24: SYSCALL:LOAD    RMB     1       LOAD AN OVERLAY
0006 0001        25: SYSCALL:CHAIN   RMB     1       CHAIN TO A FILE
0007 0001        26: SYSCALL:CREATELOG       RMB     1       CREATE THE LOG FILE
0008 0001        27: SYSCALL:CLOSELOG        RMB     1       CLOSE THE LOG FILE
0009 0001        28: SYSCALL:DISKDEFAULT     RMB     1       SELECT DEFAULT DISK DEVICE
000A 0001        29: SYSCALL:READA   RMB     1       READ ASCII BYTES FROM A FILE
000B 0001        30: SYSCALL:READB   RMB     1       READ BINARY BYTES FROM A FILE
000C 0001        31: SYSCALL:WRITEA  RMB     1       WRITE ASCII BYTES TO A FILE
000D 0001        32: SYSCALL:WRITEB  RMB     1       WRITE BINARY BYTES TO A FILE
000E 0001        33: SYSCALL:CONTROL RMB     1       PERFORM A CONTROL OPERATION ON A FILE/DEVICE
000F 0001        34: SYSCALL:STATUS  RMB     1       READ FILE/DEVICE STATUS
0010 0001        35: SYSCALL:WAITDONE        RMB     1       WAIT FOR I/O ON CHANNEL TO COMPLETE
0011 0001        36: SYSCALL:EXIT    RMB     1       GIVE CONTROL BACK TO THE OPERATING SYSTEM
0012 0001        37: SYSCALL:ERROREXIT       RMB     1       EXIT TO SYSTEM WITH ERROR CODE
0013 0001        38: SYSCALL:SETERROR        RMB     1       REPORT AN ERROR TO THE SYSTEM
0014 0001        39: SYSCALL:GETERROR        RMB     1       READ BACK THE LAST ERROR CODE
0015 0001        40: SYSCALL:DISPERROR       RMB     1       DISPLAY ERROR MESSAGE CORRESPONDING TO LAST 
0016 0001        41: SYSCALL:KILLPROOF       RMB     1       PREVENT USER PROGRAM FROM BEING KILLED
0017 0001        42: SYSCALL:KILLENABLE      RMB     1       ALLOW USER PROGRAM TO BE KILLED
0018 0001        43: SYSCALL:DEBUG   RMB     1       CALL SYSTEM DEBUGGER
0019 0001        44: SYSCALL:ATTNCHECK       RMB     1       OPERATOR ATTENTION REQUEST CHECK
001A 0001        45: SYSCALL:ISCONSOLE       RMB     1       CHECK FOR CHANNEL 0 INPUT DEVICE = CONSOLE:
001B 0001        46: SYSCALL:INTERLOCK       RMB     1       PERFORM INTERLOCK FUNCTIONS ON OBJECTS
001C 0001        47: SYSCALL:DELAY   RMB     1       DELAY FOR n 1/60ths OF A SECOND
001D 0001        48: SYSCALL:READLUN RMB     1       CONVERT LOGICAL UNIT NUMBER TO DEVICE NAME
001E 0001        49: SYSCALL:GETSERIALNUMBER RMB     1       GET PROCESSOR SERIAL NUMBER
001F 0001        50: SYSCALL:JOBCONTROL      RMB     1       CREATE/TEST/DESTROY OTHER JOBS




ASM/6800 1.3H4: 001F ASMIODRIVER        - - - I/O Package for MAL/6800-6809   1.4 - - -
08/16/82 00:00:00; Page 4; Form 1       *** SDOS 1.1 DEFINITIONS ***
SDOSUSERDEFS.ASM
                 51:         PAGE
                 52: *
                 53: *       SYSCALL BLOCK DISPLACEMENTS
                 54: *
  0000           55:         ORG     0
0000 0001        56: SCBLK:OPCODE    RMB     1       PRIMARY SYSCALL FUNCTION (OPEN, READ, ETC.)
0001 0001        57: SCBLK:WLEN      RMB     1       WAIT FLAG BIT (0=WAIT) AND SYSCALL BLOCK LENGTH (0..
0002 0002        58: SCBLK:PARAMS    RMB     2       PARAMETER BYTES TO OPCODE (SECONDARY OPCODE, CHANNEL
0004 0002        59: SCBLK:WRBUF     RMB     2       POINTER TO WRITE DATA BUFFER
0006 0002        60: SCBLK:WRLEN     RMB     2       NUMBER OF BYTES IN WRITE DATA BUFFER
0008 0002        61: SCBLK:RPLEN     RMB     2       LENGTH OF REPLY (RESULT OF SYSCALL)
000A 0002        62: SCBLK:RDBUF     RMB     2       POINTER TO READ DATA BUFFER (WHERE RESULT GOES)
000C 0002        63: SCBLK:RDLEN     RMB     2       CEILING ON SIZE OF REPLY (READ DATA BUFFER)
000E 0000        64: SCBLK:DATA      RMB     0       OTHER PARAMETERS FOR SYSCALL; UP TO 127-12 BYTES
000E 0000        65: SCBLK:END       RMB     0       END OF SYSCALL BLOCK; ASSERT SCBLK:WLEN[1..7]=SCBLK:
                 66: *
                 67: *       SYSCALL PARAMETER LIST DEFINITIONS
                 68: *
  0002           69: OPEN:CHANNEL    EQU     SCBLK:PARAMS    CHANNEL NUMBER
  0006           70: OPEN:LENGTH     EQU     SCBLK:WRLEN     FILE NAME LENGTH
  0004           71: OPEN:NAMEP      EQU     SCBLK:WRBUF     POINTER TO FILE NAME
  000E           72: OPEN:SCLEN      EQU     SCBLK:DATA      OPEN SYSCALL BLOCK LENGTH
                 73: *
  0002           74: CREATE:CHANNEL  EQU     SCBLK:PARAMS    CHANNEL NUMBER
  0006           75: CREATE:LENGTH   EQU     SCBLK:WRLEN     FILE NAME LENGTH
  0004           76: CREATE:NAMEP    EQU     SCBLK:WRBUF     POINTER TO FILE NAME
  000E           77: CREATE:SCLEN    EQU     SCBLK:DATA      CREATE SYSCALL BLOCK LENGTH
  000E           78: CREATE:FILESIZE EQU     SCBLK:DATA      4 BYTE FILE SIZE INITIAL ALLOCATION
  0012           79: CREATE:FILESIZESCLEN    EQU     CREATE:FILESIZE+4       END OF CREATE BLOCK WITH FIL
                 80: *
  0002           81: CLOSE:CHANNEL   EQU     SCBLK:PARAMS    CHANNEL NUMBER
  0003           82: CLOSE:SCLEN     EQU     SCBLK:PARAMS+1  CLOSE SYSCALL BLOCK LENGTH
                 83: *
  0002           84: RENAME:CHANNEL  EQU     SCBLK:PARAMS    CHANNEL NUMBER
  0006           85: RENAME:LENGTH   EQU     SCBLK:WRLEN     NEW FILE NAME LENGTH
  0004           86: RENAME:NAMEP    EQU     SCBLK:WRBUF     POINTER TO NEW FILE NAME
  000E           87: RENAME:SCLEN    EQU     SCBLK:DATA      RENAME SYSCALL BLOCK LENGTH
                 88: *
  0006           89: DELETE:LENGTH   EQU     SCBLK:WRLEN     FILE NAME LENGTH
  0004           90: DELETE:NAMEP    EQU     SCBLK:WRBUF     POINTER TO NAME




ASM/6800 1.3H4: 000E ASMIODRIVER        - - - I/O Package for MAL/6800-6809   1.4 - - -
08/16/82 00:00:00; Page 5; Form 1       *** SDOS 1.1 DEFINITIONS ***
SDOSUSERDEFS.ASM
  000E           91: DELETE:SCLEN    EQU     SCBLK:DATA      DELETE SYSCALL BLOCK LENGTH
                 92: *
  0006           93: LOAD:LENGTH     EQU     SCBLK:WRLEN     LENGTH OF FILE NAME
  0004           94: LOAD:NAMEP      EQU     SCBLK:WRBUF     POINTER TO FILE NAME
  000E           95: LOAD:SCLEN      EQU     SCBLK:DATA      LOAD SYSCALL BLOCK LENGTH
                 96: *
  0006           97: CHAIN:LENGTH    EQU     SCBLK:WRLEN     LENGTH OF FILE NAME
  0004           98: CHAIN:NAMEP     EQU     SCBLK:WRBUF     POINTER TO FILE NAME
  000E           99: CHAIN:SCLEN     EQU     SCBLK:DATA      CHAIN SYSCALL BLOCK LENGTH
                100: *
  0006          101: CREATELOG:LENGTH        EQU     SCBLK:WRLEN     LENGTH OF FILE NAME
  0004          102: CREATELOG:NAMEP EQU     SCBLK:WRBUF     POINTER TO FILE NAME
  000E          103: CREATELOG:SCLEN EQU     SCBLK:DATA      CREATELOG SYSCALL BLOCK LENGTH
                104: *
  0002          105: CLOSELOG:SCLEN  EQU     SCBLK:PARAMS    CLOSELOG SYSCALL BLOCK LENGTH
                106: *
  0006          107: DISKDEFAULT:LENGTH      EQU     SCBLK:WRLEN     FILE NAME LENGTH
  0004          108: DISKDEFAULT:NAMEP       EQU     SCBLK:WRBUF     POINTER TO FILE NAME
  000E          109: DISKDEFAULT:SCLEN       EQU     SCBLK:DATA      DISKDEFAULT SYSCALL BLOCK LENGTH
                110: *
  0002          111: READA:CHANNEL   EQU     SCBLK:PARAMS    CHANNEL NUMBER
  0003          112: READA:LMFLAG    EQU     SCBLK:PARAMS+1  LINE MODE FLAG BYTE
  000A          113: READA:BUFFERP   EQU     SCBLK:RDBUF     BUFFER POINTER
  000C          114: READA:MAXCOUNT  EQU     SCBLK:RDLEN     BYTE COUNT
  0008          115: READA:ACTUALCOUNT       EQU     SCBLK:RPLEN     ACTUAL NUMBER OF BYTES TRANSFERRED
  000E          116: READA:SCLEN     EQU     SCBLK:DATA      READA SYSCALL BLOCK LENGTH
  000E          117: RW:POSITION     EQU     SCBLK:DATA      READ/WRITE IMPLICIT FILE POSITION
  0012          118: RWPOSITION:SCLEN        EQU     RW:POSITION+4   END OF R/W SYSCALL WITH IMPLICIT FIL
                119: *
  0002          120: READB:CHANNEL   EQU     SCBLK:PARAMS    CHANNEL NUMBER
  000A          121: READB:BUFFERP   EQU     SCBLK:RDBUF     BUFFER POINTER
  000C          122: READB:MAXCOUNT  EQU     SCBLK:RDLEN     BYTE COUNT
  0008          123: READB:ACTUALCOUNT       EQU     SCBLK:RPLEN     ACTUAL NUMBER OF BYTES TRANSFERRED
  000E          124: READB:SCLEN     EQU     SCBLK:DATA      READB SYSCALL BLOCK LENGTH
                125: *
  0002          126: WRITEA:CHANNEL  EQU     SCBLK:PARAMS    CHANNEL NUMBER
  0004          127: WRITEA:BUFFERP  EQU     SCBLK:WRBUF     BUFFER POINTER
  0006          128: WRITEA:COUNT    EQU     SCBLK:WRLEN     BYTE COUNT
  0008          129: WRITEA:SCLEN    EQU     SCBLK:RPLEN     WRITEA SYSCALL BLOCK LENGTH
                130: *




ASM/6800 1.3H4: 000E ASMIODRIVER        - - - I/O Package for MAL/6800-6809   1.4 - - -
08/16/82 00:00:00; Page 6; Form 1       *** SDOS 1.1 DEFINITIONS ***
SDOSUSERDEFS.ASM
  0002          131: WRITEB:CHANNEL  EQU     SCBLK:PARAMS    CHANNEL NUMBER
  0004          132: WRITEB:BUFFERP  EQU     SCBLK:WRBUF     BUFFER POINTER
  0006          133: WRITEB:COUNT    EQU     SCBLK:WRLEN     BYTE COUNTER
  0008          134: WRITEB:SCLEN    EQU     SCBLK:RPLEN     WRITEB SYSCALL BLOCK LENGTH
                135: *
  0002          136: CONTROL:CHANNEL EQU     SCBLK:PARAMS    CHANNEL NUMBER
  0003          137: CONTROL:CODE    EQU     SCBLK:PARAMS+1  CONTROL CODE
  0004          138: CONTROL:SCLEN   EQU     SCBLK:WRBUF     CONTROL SYSCALL BLOCK MINIMUM LENGTH
  0000          139: CONTROL:DATA    EQU     0       DISPLACEMENT INTO WRITE BUFFER FOR CONTROL DATA
                140: *
  0002          141: STATUS:CHANNEL  EQU     SCBLK:PARAMS    CHANNEL NUMBER
  0003          142: STATUS:CODE     EQU     SCBLK:PARAMS+1  STATUS SELECTOR CODE
  000A          143: STATUS:BUFFERP  EQU     SCBLK:RDBUF     POINTER TO STATUS TARGET BUFFER
  000C          144: STATUS:MAXCOUNT EQU     SCBLK:RDLEN     SIZE OF STATUS READ-BACK BUFFER
  0008          145: STATUS:ACTUALCOUNT      EQU     SCBLK:RPLEN     ACTUAL # STATUS BYTES READ
  000E          146: STATUS:SCLEN    EQU     SCBLK:DATA      STATUS SYSCALL BLOCK MINIMUM LENGTH
  0000          147: STATUS:DATA     EQU     0       DISPLACEMENT INTO READ BUFFER FOR READ-BACK STATUS
                148: *
  0002          149: WAITDONE:CHANNEL        EQU     SCBLK:PARAMS    CHANNEL NUMBER
  0003          150: WAITDONE:SCLEN  EQU     SCBLK:PARAMS+1  WAITDONE SYSCALL BLOCK LENGTH
                151: *
  0002          152: EXIT:SCLEN      EQU     SCBLK:PARAMS    EXIT SYSCALL BLOCK LENGTH
                153: *
  0002          154: ERROREXIT:CODE  EQU     SCBLK:PARAMS    ERROR CODE NUMBER
  0004          155: ERROREXIT:SCLEN EQU     SCBLK:WRBUF     ERROREXIT SYSCALL BLOCK LENGTH
                156: *
  0002          157: SETERROR:CODE   EQU     SCBLK:PARAMS    ERROR CODE NUMBER
  0004          158: SETERROR:SCLEN  EQU     SCBLK:WRBUF     SETERROR SYSCALL BLOCK LENGTH
                159: *
  000A          160: GETERROR:BUFFERP        EQU     SCBLK:RDBUF     POINTER TO ERROR READ-BACK AREA
  000C          161: GETERROR:MAXCOUNT       EQU     SCBLK:RDLEN     SHOULD BE 2
  0008          162: GETERROR:ACTUALCOUNT    EQU     SCBLK:RPLEN     SHOULD BE RETURNED AS 2
  000E          163: GETERROR:SCLEN  EQU     SCBLK:DATA      GETERROR SYSCALL BLOCK LENGTH
                164: *
  0002          165: DISPERROR:SCLEN EQU     SCBLK:PARAMS    DISPERROR SYSCALL BLOCK LENGTH
                166: *
  0002          167: KILLPROOF:SCLEN EQU     SCBLK:PARAMS    KILLPROOF SYSCALL BLOCK LENGTH
                168: *
  0002          169: KILLENABLE:SCLEN        EQU     SCBLK:PARAMS    KILLENABLE SYSCALL BLOCK LENGTH
                170: *




ASM/6800 1.3H4: 000E ASMIODRIVER        - - - I/O Package for MAL/6800-6809   1.4 - - -
08/16/82 00:00:00; Page 7; Form 1       *** SDOS 1.1 DEFINITIONS ***
SDOSUSERDEFS.ASM
  0002          171: DEBUG:SCLEN     EQU     SCBLK:PARAMS    DEBUG SYSCALL BLOCK LENGTH
                172: *
  0002          173: ATTNCHECK:SCLEN EQU     SCBLK:PARAMS    ATTNCHECK SYSCALL BLOCK LENGTH
                174: *
  0002          175: ISCONSOLE:SCLEN EQU     SCBLK:PARAMS    ISCONSOLE SYSCALL BLOCK LENGTH
                176: *
  0002          177: INTERLOCK:FUNCTION      EQU     SCBLK:PARAMS    INTERLOCK FUNCTION
  0004          178: INTERLOCK:BUFFERP       EQU     SCBLK:WRBUF     POINTER TO OBJECT
  0006          179: INTERLOCK:COUNT EQU     SCBLK:WRLEN     LENGTH OF OBJECT
  0008          180: INTERLOCK:SCLEN EQU     SCBLK:RPLEN     INTERLOCK SYSCALL BLOCK LENGTH
                181: *
  0002          182: DELAY:PERIOD    EQU     SCBLK:PARAMS    DELAY PERIOD
  0004          183: DELAY:SCLEN     EQU     SCBLK:WRBUF     DELAY SYSCALL BLOCK LENGTH
                184: *
                185: *READLUNNAME:LUN        EQU     SCBLK:PARAMS    LOGICAL UNIT NUMBER
                186: *READLUNNAME:BUFFERP    EQU     SCBLK:RDBUF     WHERE TO READ NAME BACK
                187: *READLUNNAME:MAXCOUNT   EQU     SCBLK:RDLEN     MAXIMUM LENGTH OF REPLY
                188: *READLUNNAME:ACTUALCOUNT        EQU     SCBLK:RPLEN     ACTUAL NAME LENGTH
  000E          189: READLUNNAME:SCLEN       EQU     SCBLK:DATA      READLUN SYSCALL BLOCK LENGTH
                190: *
  000A          191: GETSERIALNUMBER:BUFFERP EQU     SCBLK:RDBUF     POINTER TO SERIAL NUMBER REPLY BUFFE
  000C          192: GETSERIALNUMBER:MAXCOUNT        EQU     SCBLK:RDLEN     SIZE OF BUFFER
  0008          193: GETSERIALNUMBER:ACTUALCOUNT     EQU     SCBLK:RPLEN     SIZE OF REPLY
  000E          194: GETSERIALNUMBER:SCLEN   EQU     SCBLK:DATA      MINIMUM SIZE OF BLOCK
                195: *
  0002          196: JOBCONTROL:FUNCTION     EQU     SCBLK:PARAMS    JOB CONTROL FUNCTION
  0004          197: JOBCONTROL:BUFFERP      EQU     SCBLK:WRBUF     POINTER TO JOB CAPABILITY
  0006          198: JOBCONTROL:COUNT        EQU     SCBLK:WRLEN     SIZE OF CAPABILITY
  000C          199: JOBCONTROL:MAXCOUNT     EQU     SCBLK:RDLEN     MAXIMUM LENGTH OF REPLY
  0008          200: JOBCONTROL:ACTUALCOUNT  EQU     SCBLK:RPLEN     ACTUAL SIZE OF CAPABILITY
  0008          201: JOBCONTROL:SCLEN        EQU     SCBLK:WRLEN+2   JOBCONTROL SYSCALL MINIMUM BLOCK LEN




ASM/6800 1.3H4: 000E ASMIODRIVER        - - - I/O Package for MAL/6800-6809   1.4 - - -
08/16/82 00:00:00; Page 8; Form 1       *** SDOS 1.1 DEFINITIONS ***
SDOSUSERDEFS.ASM
                202:         PAGE
  0003          203: LSN:SIZE        EQU     3       # BYTES OCCUPIED BY AN LSN
  0002          204: LCN:SIZE        EQU     2       # BYTES OCCUPIED BY AN LCN
                205: *
                206: *       STANDARD STATUS SYSCALL SUB-CODES
                207: *
  0000          208:         ORG     0
0000 0001       209: SC:GETPOS       RMB     1       GET BYTE POSITION
0001 0001       210: SC:GETCOL       RMB     1       GET COLUMN COUNT
0002 0001       211: SC:GETEOF       RMB     1       GET EOF FLAG
0003 0001       212: SC:GETFILESIZE  RMB     1       GET FILE SIZE
0004 0001       213: SC:GETTYPE      RMB     1       GET DEVICE TYPE AND CHARACTERISTICS
0005 0001       214: SC:GETPARAMS    RMB     1       GET DEVICE SPECIFIC PARAMETERS
                215: 
  0010          216: SC:DEVICESPECIFICOP     EQU     $10     BASE FOR DEVICE SPECIFIC STATUS CODES
                217: *
                218: *       STANDARD CONTROL SYSCALL SUB-CODES
                219: *
  0000          220:         ORG     0
0000 0001       221: CC:POSITION     RMB     1       POSITION TO THIS PLACE IN THE FILE
0001 0001       222: CC:DUMPBUFFERS  RMB     1       DUMP BUFFERS TO THE DEVICE (MAINLY FOR DISK)
                223: 
  0010          224: CC:DEVICESPECIFICOP     EQU     $10     BASE FOR DEVICE-SPECIFIC CONTROL CODES
                225: *
                226: *       STANDARD INTERLOCK SYSCALL SUB-CODES
                227: *
  0000          228:         ORG     0
0000 0001       229: IC:CREATE       RMB     1       CREATE AN OBJECT IDENTIFIER
0001 0001       230: IC:DESTROY      RMB     1       DESTROY AN OBJECT IDENTIFIER
0002 0001       231: IC:RESET        RMB     1       RESET OBJECT REFERENCE LIST
0003 0001       232: IC:LOCK RMB     1       LOCK AN OBJECT OR BLOCK UNTIL AVAILABLE
0004 0001       233: IC:RELEASE      RMB     1       RELEASE A LOCKED OBJECT
0005 0001       234: IC:TEST RMB     1       LOCK AN OBJECT OR ERROR IF UNAVAILABLE




ASM/6800 1.3H4: 0005 ASMIODRIVER        - - - I/O Package for MAL/6800-6809   1.4 - - -
08/16/82 00:00:00; Page 9; Form 1       *** SDOS 1.1 DEFINITIONS ***
SDOSUSERDEFS.ASM
                235:         PAGE
                236: *       VIRTUAL TERMINAL SPECIFIC STATUS REQUESTS
                237: *
                238: *
  0010          239:         ORG     SC:DEVICESPECIFICOP
0010 0001       240: SC:GETPROFILE   RMB     1       GET CURRENT DEVICE PROFILE NAME
0011 0001       241: SC:GETACTCOL    RMB     1       GET ACTIVATION COLUMN
0012 0001       242: SC:GETPROFILEALTERATION RMB 1   GET PROFILE ALTERATION INFORMATION
0013 0001       243: SC:GETOUTPUTTIMEOUT RMB  1      GET OUTPUT TIMEOUT
0014 0001       244: SC:GETBAUDRATE  RMB     1       GET CURRENT BAUD RATE
0015 0001       245:                 RMB     1       (RESERVED)
0016 0001       246: SC:GETTABS      RMB     1       GET CURRENT TAB SETTINGS
0017 0001       247: SC:GETIDLES     RMB     1       GET NUMBER OF IDLES SENT AFTER NEWLINE
0018 0001       248: SC:GETWRAP      RMB     1       GET WRAP/NO WRAP FLAG
0019 0001       249: SC:GETCOLORING  RMB     1       GET CURRENT COLORING INFORMATION
001A 0001       250: SC:GETBACKGROUND RMB    1       GET BACKGROUND COLORING INFORMATION
001B 0001       251: SC:GETPROFILENAME RMB   1       GET NAME OF CURRENT PROFILE
                252: 
  002C          253:         ORG     SC:DEVICESPECIFICOP+$1C (DON'T ASK!!!)
002C 0001       254: SC:GETLINEFLAGS RMB     1       GET LINE FLAGS
                255: *
                256: *       DISK FILE SPECIFIC STATUS REQUESTS
                257: *
  0010          258:         ORG     SC:DEVICESPECIFICOP
0010 0001       259: SC:GETFILEDATE  RMB     1       READ BACK CREATION DATE OF FILE IN CLOCK FORMAT
0011 0001       260: SC:GETFILEPROT  RMB     1       READ BACK FILE PROTECTION BYTE
                261: *
                262: *       DISK DEVICE STATUS REQUESTS
                263: *
  0010          264:         ORG     SC:DEVICESPECIFICOP
0010 0001       265: SC:GETLASTBADLSN        RMB     1       READ BACK LSN THAT CAUSED DRIVER A PROBLEM
0011 0001       266: SC:GETERRORSTATS        RMB     1       GET DEVICE ERROR (HISTORY) STATISTICS
                267: *
                268: *       VIRTUAL TERMINAL SPECIFIC CONTROL OPERATIONS
                269: *
  0010          270:         ORG     CC:DEVICESPECIFICOP
0010 0001       271: CC:ECHO RMB     1       TURN ECHO ON
0011 0001       272: CC:NOECHO       RMB     1       TURN ECHO OFF
0012 0001       273: CC:IDLES        RMB     1       SET TTY IDLES
0013 0001       274: CC:TABS RMB     1       SET TTY TABS




ASM/6800 1.3H4: 0014 ASMIODRIVER        - - - I/O Package for MAL/6800-6809   1.4 - - -
08/16/82 00:00:00; Page 10; Form 1      *** SDOS 1.1 DEFINITIONS ***
SDOSUSERDEFS.ASM
0014 0001       275: CC:SETACTBLOCK  RMB     1       DECLARE ACTIVATION SET
0015 0001       276: CC:CLRINPUT     RMB     1       CLEAR INPUT BUFFER
0016 0001       277: CC:CLROUTPUT    RMB     1       CLEAR OUTPUT BUFFER
0017 0001       278: CC:SETREADTIMEOUT       RMB     1       SET TIMEOUT PERIOD FOR READA
0018 0001       279: CC:SETPROFILE   RMB     1       DECLARE DEVICE PROFILE
0019 0001       280: CC:ALTERPROFILE RMB     1       ALTER MALLEABLE DEVICE PROFILE
001A 0001       281: CC:WRITEEDITLINE        RMB     1       PUT LINE IN TYPE-AHEAD BUFFER
001B 0001       282: CC:SETFIELDSIZE RMB     1       DECLARE WIDTH OF INPUT FIELD
001C 0001       283: CC:SETPARAMS    RMB     1       DECLARE DEVICE WIDTH AND DEPTH
001D 0001       284: CC:ACTIVATIONCK RMB     1       CHECK FOR READA DATA READY
001E 0001       285: CC:WRAP RMB     1       ALLOW FORE- AND BACK-WRAP
001F 0001       286: CC:NOWRAP       RMB     1       DISALLOW FORE- AND BACK-WRAP
0020 0001       287: CC:COLORING     RMB     1       DECLARE AND SET FOREGROUND COLORING
0021 0001       288: CC:BACKGROUND   RMB     1       DECLARE AND SET BACKGROUND COLORING
0022 0001       289: CC:KILLPROOF    RMB     1       KILLPROOF VT DEVICE
0023 0001       290: CC:KILLENABLE   RMB     1       KILLENABLE VT DEVICE
0024 0001       291: CC:SETOUTPUTTIMEOUT RMB 1       SET OUTPUT TIMEOUT FOR DEVICE
0025 0001       292: CC:SETBAUDRATE  RMB     1       SET BAUD RATE FOR DEVICE
0026 0001       293: CC:SETINPUTTRANSLATION RMB 1    SET INPUT TRANSLATION
                294: *
                295: *       DISK FILE SPECIFIC CONTROL OPERATIONS
                296: *
  0010          297:         ORG     CC:DEVICESPECIFICOP
0010 0001       298: CC:SETFILEDATE  RMB     1       SET CREATION DATE OF FILE (USE CLOCK FORMAT)
0011 0001       299: CC:SETFILEPROT  RMB     1       SET FILE PROTECTION BYTE
0012 0001       300: CC:SETFILESIZE  RMB     1       SET SIZE OF FILE
0013 0001       301: CC:POSITIONTOEND        RMB     1       POSITION TO END OF FILE
                302: *
                303: *       DISK DEVICE SPECIFIC CONTROL OPS
                304: *
  0010          305:         ORG     CC:DEVICESPECIFICOP
0010 0001       306: CC:UNLOCKDISK   RMB     1       UNLOCK THE DISK DEVICE FOR WRITING
0011 0001       307: CC:DISMOUNTDISK RMB     1       DISMOUNT THE DISK
0012 0001       308: CC:SETMAPALGORITHM      RMB     1       SET MAP ALGORITHM NUMBER FOR DRIVE
0013 0001       309: CC:MULTISECTORREAD      RMB     1       READ MULTIPLE SECTORS
0014 0001       310: CC:MULTISECTORWRITE     RMB     1       WRITE MULTIPLE, ACCORDING TO SYSCALL EXTENSI
0015 0001       311: CC:FORMAT       RMB     1       FORMAT DISK
0016 0001       312: CC:WAITDONE     RMB     1       WAIT FOR CONTROLLER OPERATION COMPLETE




ASM/6800 1.3H4: 0016 ASMIODRIVER        - - - I/O Package for MAL/6800-6809   1.4 - - -
08/16/82 00:00:00; Page 11; Form 1      *** SDOS 1.1 DEFINITIONS ***
SDOSUSERDEFS.ASM
                313:         PAGE
                314: *       RETURNED STATUS DISPLACEMENTS
                315: *
  0000          316:         ORG     0
0000 0004       317: STATUS:DIST     RMB     4       POSITION IN DISK FILE
                318: *
  0000          319:         ORG     0
0000 0001       320: STATUS:COLUMN   RMB     1       COLUMN NUMBER
                321: *
  0000          322:         ORG     0
0000 0001       323: STATUS:EOFFLAG  RMB     1       END OF FILE FLAG
                324: *
  0000          325:         ORG     0
0000 0001       326: STATUS:DEVTYPE  RMB     1       DEVICE TYPE DATA FOR DIRECTORIED DISK
                327: *
  0000          328:         ORG     0
0000 0002       329: STATUS:NBPS     RMB     2       NUMBER OF BYTES PER SECTOR
0002 0000       330: STATUS:NSPC     RMB     0       NUMBER OF SECTORS PER CLUSTER FOR DISK FILE
0002 0002       331: STATUS:NSPT     RMB     2       NUMBER OF SECTORS PER TRACK
0004 0002       332: STATUS:NTPC     RMB     2       NUMBER OF TRACKS PER CYLINDER
0006 0002       333: STATUS:NCYL     RMB     2       NUMBER OF CYLINDERS
                334: *
  0000          335:         ORG     0
0000 0004       336: STATUS:FILESIZE RMB     4       SIZE OF DISK FILE IN BYTES
                337: *
  0000          338:         ORG     0
0000 0003       339: STATUS:LASTBADLSN       RMB     3       LSN OF LAST BAD SECTOR ON DISK
                340: *
                341: *       SC:GETFILEDATE REPLY BUFFER
                342: *
  0000          343:         ORG     0
0000 0003       344: STATUS:DATETICKS        RMB     3       24 BITS OF TICKS SINCE MIDNITE
0003 0001       345: STATUS:DATEDAY  RMB     1       BCD VALUE OF DAY (1..31)
0004 0001       346: STATUS:DATEMONTH        RMB     1       BCD VALUE OF MONTH (1..12)
0005 0001       347: STATUS:DATEYEAR RMB     1       BCD VALUE OF YEAR MOD 100 (00.99)
                348: *
                349: *       SC:GETFILEPROT REPLY BUFFER
                350: *
  0000          351:         ORG     0
0000 0001       352: STATUS:PROT     RMB     1       PROTECTION BYTE FROM FILE




ASM/6800 1.3H4: 0000 ASMIODRIVER        - - - I/O Package for MAL/6800-6809   1.4 - - -
08/16/82 00:00:00; Page 12; Form 1      *** SDOS 1.1 DEFINITIONS ***
SDOSUSERDEFS.ASM
                353:         PAGE
                354: *       SC:GETERRORSTATS REPLY BUFFER
                355: *
  0000          356:         ORG     0
0000 0002       357: STATUS:SEEKERRCNT       RMB     2       # SEEK ERRORS SINCE MOUNT
0002 0002       358: STATUS:SEEKERRSTS       RMB     2       16 BITS OF LAST "SEEK" STATUS IN ERROR
0004 0002       359: STATUS:WRITEERRCNT      RMB     2       # WRITE ERRORS SINCE MOUNT
0006 0002       360: STATUS:WRITEERRSTS      RMB     2       16 BITS OF LAST "WRITE" STATUS IN ERROR
0008 0002       361: STATUS:READERRCNT       RMB     2       # READ ERRORS SINCE MOUNT
000A 0002       362: STATUS:READERRSTS       RMB     2       16 BITS OF LAST "READ" STATUS IN ERROR
000C 0003       363: STATUS:OPSCOUNT RMB     3       24 BITS OF # DRIVER OPERATIONS SINCE MOUNT
000F 0003       364: STATUS:ERRLSN   RMB     LSN:SIZE        LSN CAUSING ANY SOFT OR HARD ERROR




ASM/6800 1.3H4: 000F ASMIODRIVER        - - - I/O Package for MAL/6800-6809   1.4 - - -
08/16/82 00:00:00; Page 13; Form 1      *** SDOS 1.1 DEFINITIONS ***
SDOSUSERDEFS.ASM
                365:         PAGE
                366: *       CC:POSITION WRITE BUFFER
                367: *
  0000          368:         ORG     0
0000 0004       369: CONTROL:DIST    RMB     4       VALUE OF POSITIONING COMMANDS
                370: *
                371: *       CC:SETFILEDATE WRITE BUFFER
                372: *
  0000          373:         ORG     0
0000 0003       374: CONTROL:DATETICKS       RMB     3       24 BITS OF TICKS SINCE MIDNITE
0003 0001       375: CONTROL:DATEDAY RMB     1       BCD VALUE OF DAY (1..31)
0004 0001       376: CONTROL:DATEMONTH       RMB     1       BCD VALUE OF MONTH (1..12)
0005 0001       377: CONTROL:DATEYEAR        RMB     1       BCD VALUE OF YEAR MOD 100 (00..99)
                378: *
                379: *       CC:SETFILEPROT WRITE BUFFER
                380: *
  0000          381:         ORG     0
0000 0001       382: CONTROL:PROT    RMB     1       PROTECTION BYTE FOR FILE
                383: *
                384: *       CC:SETMAPALGORITHM WRITE BUFFER
                385: *
  0000          386:         ORG     0
0000 0002       387: CONTROL:MAPALGORITHM    RMB     2       PARAMETER BLOCK FOR SET MAP ALGORITHM CALL
                388: *
                389: *       JOB CONTROL SUB-CODES
                390: *
  0000          391:         ORG     0
0000 0001       392: JC:CREATE       RMB     1       CREATE A NEW JOB
0001 0001       393: JC:TESTDONE     RMB     1       TEST TO SEE IF A JOB IS DONE
0002 0001       394: JC:DESTROY      RMB     1       DESTROY A JOB




ASM/6800 1.3H4: 0002 ASMIODRIVER        - - - I/O Package for MAL/6800-6809   1.4 - - -
08/16/82 00:00:00; Page 14; Form 1      *** SDOS 1.1 DEFINITIONS ***
SDOSUSERDEFS.ASM
                395:         PAGE
                396: *
                397: *       SYSTEM-DEFINED ERROR CODES
                398: *
  0000          399:         ORG     0
0000 0001       400: ERR:NONE        RMB     1       CODE 0 --> NO ERROR
0001 0001       401: ERR:ATTENTION   RMB     1       OPERATOR REQUESTED ATTENTION
                402: 
  0064          403:         ORG     100
0064 0001       404: ERR:FATALCOMPILE        RMB     1       COMPILATION OR ASSEMBLY HAD FATAL ERRORS
0065 0001       405: ERR:WARNINGCOMPILE      RMB     1       COMPILATION OR ASSEMBLY HAD NON-FATAL ERRORS
0066 0001       406: ERR:BADCMDFORMAT        RMB     1       BAD COMMAND FORMAT (SYNTAX ERROR!)
0067 0001       407: ERR:CANTGOTO    RMB     1       CAN'T DO GOTO FROM CONSOLE:
0068 0001       408: ERR:ABNORMALSTOP        RMB     1       PROGRAM TERMINATED ABNORMALLY
0069 0001       409: ERR:NOTENUFMEM  RMB     1       NOT ENOUGH MEMORY TO EXECUTE COMMAND
                410: *
                411: *       SDOS ERROR CODES
                412: *
                413: *
                414: *       ERROR CODES FOR SDOS ARE RESERVED BETWEEN 1000-1999
                415: *
  03E8          416:         ORG     1000
03E8 0001       417: ERR:BOOTCKSUMFAIL       RMB     1       BOOT SECTOR DISKINFO CHECK SUM FAILED
03E9 0001       418: ERR:EOFHIT      RMB     1       END OF FILE HIT
03EA 0001       419: ERR:FILEISOPEN  RMB     1       A FILE IS OPEN DURING DISMOUNT REQUEST
03EB 0001       420: ERR:NODEBUGGER  RMB     1       NO DEBUGGER TO CALL!
03EC 0001       421: ERR:BADPOSITION RMB     1       BAD POSITIONING REQUEST
03ED 0001       422: ERR:NBPCTOOBIG  RMB     1       NUMBER OF BYTES PER CLUSTER >= 65536
03EE 0001       423: ERR:NODISKMAP   RMB     1       NO DISK MAP, CAN'T ALLOC OR FREE
03EF 0001       424: ERR:NOMATCHFCB  RMB     1       NO MATCHING FILE CONTROL BLOCK FOUND
03F0 0001       425: ERR:NODEFAULTPROGRAM    RMB     1       NO "DEFAULTPROGRAM" ON THIS DISK
03F1 0001       426:         RMB     1       **** UNUSED ****
03F2 0001       427: ERR:FILEWRTPROT RMB     1       FILE IS WRITE PROTECTED
03F3 0001       428: ERR:FILENOTFOUND        RMB     1       FILE NOT FOUND
03F4 0001       429: ERR:ILLEGALLCN  RMB     1       LCN OUT OF RANGE
03F5 0001       430: ERR:BADFNAMESIZE        RMB     1       LENGTH OF FILE NAME > 16 CHARACTERS
03F6 0001       431: ERR:NEWFILEEXISTS       RMB     1       NEW FILE ALREADY EXISTS!
03F7 0001       432: ERR:NODISKSPACE RMB     1       DISK SPACE EXHAUSTED
03F8 0001       433: ERR:LCNWASNTALLOCATED   RMB     1       LCN ENCOUNTERED BY FREECLUSTERS WASN'T ALLOC
03F9 0001       434: ERR:NOFREEFCBS  RMB     1       RAN OUT OF FCBS (*SYSTEM*)




ASM/6800 1.3H4: 03FA ASMIODRIVER        - - - I/O Package for MAL/6800-6809   1.4 - - -
08/16/82 00:00:00; Page 15; Form 1      *** SDOS 1.1 DEFINITIONS ***
SDOSUSERDEFS.ASM
03FA 0001       435: ERR:WRONGFILESYSTEM     RMB     1       FILE SYSTEM INCOMPATIBLE WITH THIS VERSION O
03FB 0001       436: ERR:FILEINCREATE        RMB     1       FILE IS BEING CREATED
03FC 0001       437: ERR:DISKMOUNTED RMB     1       DISK IS MOUNTED, CAN'T CHANGE MAPALGORITHM
03FD 0001       438: ERR:CANTOPENMUSTCREATE  RMB     1       MUST CREATE TO OPEN OUTPUT ONLY DEVICE
03FE 0001       439: ERR:NOERRORMSGS RMB     1       NO $ERRORMESSAGES FILE ON DRIVE 0
03FF 0001       440: ERR:BADFILENAME RMB     1       FILENAME DOESN'T START WITH A-Z OR $
0400 0001       441: ERR:ILLFILESIZE RMB     1       ILLEGAL FILE SIZE SPECIFICATION (SYNTAX OR OVFLOW)
0401 0001       442: ERR:HCSICTOOSMALL       RMB     1       HEADER CLUSTER NOT INITZED FOR RDCN FETCH
0402 0001       443: ERR:NOTENOUGHPOOL       RMB     1       NOT ENOUGH DISKBUFFER POOL (*SYSTEM*)
0403 0001       444: ERR:PWRFAILDISKF        RMB     1       DISK FILE HANDLERS DON'T IMPLEMENT POWER FAI
0404 0001       445: ERR:NOTALOADFILE        RMB     1       CAN'T LOAD THAT - WRONG FORMAT
0405 0001       446: ERR:BADFILEVERSION      RMB     1       FILE VERSION NUMBER HAS NO DIGITS OR IS >255
0406 0001       447: ERR:CHTOOBIG    RMB     1       CHANNEL # IS TOO BIG
0407 0001       448: ERR:CHBUSY      RMB     1       CHANNEL IS ALREADY OPEN
0408 0001       449: ERR:CLOSED      RMB     1       CHANNEL IS ALREADY CLOSED
0409 0001       450: ERR:ILLEGALSYSCALL      RMB     1       ILLEGAL SYSCALL #
040A 0001       451: ERR:ILLDEVICEOP RMB     1       ILLEGAL DEVICE OPERATION
040B 0001       452: ERR:RENAMEDEVICE        RMB     1       CAN'T RENAME TO DIFFERENT DEVICE
040C 0001       453: ERR:BADLOADRECORD       RMB     1       LOAD RECORD FORMAT ERROR
040D 0001       454: ERR:NOTENOUGHROOM       RMB     1       PROGRAM TOO BIG TO LOAD
040E 0001       455: ERR:ILLLSN      RMB     1       ILLEGAL LSN PASSED TO PHYSICAL DISK DRIVERS
040F 0001       456: ERR:DIRECTORYDAMAGED    RMB     1       DIRECTORY.SYS DIRECTORY ENTRY IS DAMAGED
0410 0001       457: ERR:IBUFOVERFLOW        RMB     1       INPUT BUFFER OVERFLOW IN THE DRIVERS
0411 0001       458: ERR:PROGRAMKILLED       RMB     1       PROGRAM KILLED BY OPERATOR
0412 0001       459: ERR:DEVICETIMEDOUT      RMB     1       DEVICE TIMED OUT
0413 0001       460: ERR:SECTORSIZE2 RMB     1       SECTORSIZE IS NOT A POWER OF 2!
0414 0001       461: ERR:SYSTEMCROAKED       RMB     1       ...WHILE DOING AN EXIT OR CHAIN (*SYSTEM*)
0415 0001       462: ERR:DISKREAD    RMB     1       DISK READ ERROR
0416 0001       463: ERR:DISKWRITE   RMB     1       DISK WRITE ERROR
0417 0001       464: ERR:DISKSEEK    RMB     1       DISK SEEK ERROR
0418 0001       465: ERR:DSKWRTPROT  RMB     1       DISK IS WRITE PROTECTED
0419 0001       466: ERR:DISKWRITELOCKED     RMB     1       DISK DEVICE IS SOFTWARE WRITE LOCKED
041A 0001       467: ERR:SDOSCKSUM   RMB     1       SDOS GOT A KNIFE IN THE RIBS!
041B 0001       468: ERR:NLSNGE224   RMB     1       NLSN >= 2^24, ILLEGAL
041C 0001       469: ERR:CLUSTERSIZELIMITSFILE       RMB     1       CLUSTER SIZE IS TOO SMALL TO SUPPORT
041D 0001       470: ERR:SYSCALLTOOSHORT     RMB     1       SYSCALL BLOCK IS TOO SMALL FOR SPECIFIED SYS
041E 0001       471: ERR:RDBUFTOOSMALL       RMB     1       READ BUFFER SPECIFIED BY SYSCALL IS TOO SHOR
041F 0001       472: ERR:WRBUFTOOSMALL       RMB     1       WRITE BUFFER SPECIFIED BY SYSCALL IS TOO SHO
0420 0001       473: ERR:NOSUCHDEVICE        RMB     1       NO SUCH DEVICE IN THIS CONFIGURATION
0421 0001       474: ERR:DEVICEERRORED       RMB     1       DEVICE HARDWARE DID NOT RESPOND REASONABLY




ASM/6800 1.3H4: 0422 ASMIODRIVER        - - - I/O Package for MAL/6800-6809   1.4 - - -
08/16/82 00:00:00; Page 16; Form 1      *** SDOS 1.1 DEFINITIONS ***
SDOSUSERDEFS.ASM
0422 0001       475: ERR:MUSTBEDISK  RMB     1       MUST SELECT DISK DEVICE
0423 0001       476: ERR:NOTOPENTOCONSOLE    RMB     1       CHANNEL 0 IS NOT OPEN TO CONSOLE DEVICE
0424 0001       477: ERR:DEVICENOTREADY      RMB     1       DEVICE IS NOT READY
0425 0001       478: ERR:TIMENOTSET  RMB     1       TIME NOT SET TO NON-ZERO DAY/MONTH!
0426 0001       479: ERR:NOSUCHLUN   RMB     1       NO SUCH LOGICAL UNIT NUMBER
0427 0001       480: ERR:ZEROSTARTADDRESS    RMB     1       OBJECT FILE HAS NO (ZERO) START ADDRESS
0428 0001       481: ERR:NOSUCHPROGRAM       RMB     1       NO SUCH PROGRAM EXISTS (ERROR ISSUED BY LOAD
0429 0001       482: ERR:OLDFILEEXISTS       RMB     1       OLD FILE BY SAME NAME ALREADY EXISTS
042A 0001       483:         RMB     1       *** UNUSED ***
042B 0001       484: ERR:ALLOC0CLUSTERS      RMB     1       "ALLOC" CALL WITH REQUEST FOR 0 CLUSTERS!
042C 0001       485: ERR:FILEALREADYDELETED  RMB     1       FILE WAS DELETED BUT NOT CLOSED BEFORE RENAM
042D 0001       486: ERR:PRINTERNOTREADY     RMB     1       PRINTER IS NOT READY
042E 0001       487: ERR:INPUTTIMEOUT        RMB     1       INPUT TIMED OUT, ABORTED
042F 0001       488: ERR:ENDOFMEDIUM RMB     1       END OF MEDIUM ON DEVICE
0430 0001       489: ERR:SELFTESTCKSUM       RMB     1       PROGRAM SELF-TEST CHECKSUM FAILED
0431 0001       490: ERR:NOTIMEOUTBLKS       RMB     1       ZERO TIME OUT BLOCKS IN I/O PKG NOT LEGAL
0432 0001       491: ERR:SERIALNOWRONG       RMB     1       THIS CPU HAS WRONG SERIAL NUMBER TO RUN PROG
0433 0001       492: ERR:NOSUCHKEY   RMB     1       NO SUCH KEY EXISTS IN INDEX
0434 0001       493: ERR:DUPLICATEKEY        RMB     1       KEY ALREADY EXISTS IN INDEX
0435 0001       494: ERR:BRANCHFACTORSIZE    RMB     1       KEY BRANCHING FACTOR IS TOO SMALL
0436 0001       495: ERR:SDOSNOTREGISTERED   RMB     1       THIS COPY OF SDOS NOT REGISTERED WITH SD YET
0437 0001       496: ERR:DECRYPTIONKEYSDONTMATCH     RMB     1       LAST FILE LOADED HAS DIFFERENT DECRY
                497: *
  076E          498: ERR:WRONGDISKTYPE       EQU     1902    WRONG DISK TECHNOLOGY (DENSITY, SIDES, ETC.)
                499: *
                500: *       VIRTUAL TERMINAL DRIVER ERROR CODES
                501: *
  0771          502:         ORG     1905
0771 0001       503: ERR:IOINPROGRESS        RMB     1       LAST REQUEST HAS NOT COMPLETED
0772 0001       504: ERR:BUSYFORANOTHERPROCESS       RMB     1       DCB OPEN TO ANOTHER PROCESS
0773 0001       505: ERR:ACTIVATIONNOTINBUFFER       RMB     1       RDBUF DOES NOT HOLD ACTIVATION
0774 0001       506: ERR:BADFIELDWIDTH       RMB     1       CRT SCREEN FEILD SPECIFICATION IS TOO WIDE
0775 0001       507: ERR:ACTIVATIONRECEIVED  RMB     1       ACTIV. REC'D PER CC:ACTIVATIONCK
0776 0001       508: ERR:TIMEDINPUTEXPIRED   RMB     1       TIMED INPUT PERIOD EXPIRED
0777 0001       509: ERR:PROFILENOTFOUND     RMB     1       DEVICE PROFILE NOT FOUND
0778 0001       510: ERR:PROFILENOTMALLEABLE RMB     1       DEVICE PROFILE NOT MALLEABLE
0779 0001       511:         RMB     1       *** RESERVED ***
                512: *
  04B0          513:         ORG     1200    SDOS/MT ERROR CODES
04B0 0001       514: ERR:BADREADBUF  RMB     1       SYSCALL REPLY BUFFER NOT WITHIN USER SPACE




ASM/6800 1.3H4: 04B1 ASMIODRIVER        - - - I/O Package for MAL/6800-6809   1.4 - - -
08/16/82 00:00:00; Page 17; Form 1      *** SDOS 1.1 DEFINITIONS ***
SDOSUSERDEFS.ASM
04B1 0001       515: ERR:BADWRITEBUF RMB     1       SYSCALL WRITE BUFFER NOT WITHIN USER SPACE
04B2 0001       516: ERR:RDBUFTOOBIG RMB     1       SYSCALL REPLY BUFFER > 255 BYTES
04B3 0001       517: ERR:WRBUFTOOBIG RMB     1       SYSCALL WRITE BUFFER > 255 BYTES
04B4 0001       518: ERR:NOTENOUGHCHANNELS   RMB     1       AVAILABLE I/O CHANNELS EXHAUSTED
04B5 0001       519: ERR:NOTUNDERTIMESHARE   RMB     1       FUNCTION NOT AVAILABLE UNDER SDOS/MT
04B6 0001       520: ERR:MTNOROOM    RMB     1       NOT ENOUGH ROOM TO RUN SDOS/MT
04B7 0001       521: ERR:MTBADCONFIG RMB     1       INCORRECT CONFIGURATION FOR SDOS/MT
04B8 0001       522: ERR:ALREADYLOCKED       RMB     1       INTERLOCK OBJECT IS ALREADY LOCKED
04B9 0001       523: ERR:NOSUCHOBJECT        RMB     1       BAD CAPABILITY GIVEN
04BA 0001       524: ERR:NOTLOCKED   RMB     1       INTERLOCK OBJECT IS NOT LOCKED
04BB 0001       525: ERR:OBJECTDESTROYED     RMB     1       INTERLOCK OBJECT DESTROYED WHILE WAITING FOR
04BC 0001       526: ERR:LOCKRESET   RMB     1       INTERLOCK OBJECT WAS RESET WHILE WAITING FOR IT
04BD 0001       527: ERR:IMPLEMENTATIONLIMITREACHED  RMB     1       CAN'T HANDLE MORE INTERLOCK OBJECTS 
04BE 0001       528: ERR:ILLEGALINTERLOCKFUNCTION    RMB     1       ILLEGAL INTERLOCK FUNCTION REQUESTED
04BF 0001       529: ERR:MEMORYMGMTFAIL      RMB     1       SDOS/MT INTERNAL MEMORY MANAGEMENT FAILURE
04C0 0001       530: ERR:NOMOREJOBS  RMB     1       ALL AVAILABLE JOBS ARE BUSY NOW
04C1 0001       531: ERR:ILLEGALJOBCONTROL   RMB     1       ILLEGAL JOB CONTROL REQUEST
04C2 0001       532: ERR:CAPABILITYFAILURE   RMB     1       CAPABILITY DOES NOT HAVE RIGHTS TO PERFORM O
04C3 0001       533: ERR:JOBKILLED   RMB     1       THIS JOB HAS BEEN KILLED BY ANOTHER
04C4 0001       534: ERR:JOBCOMPLETED        RMB     1       JOB SUCCESSFULLY COMPLETED 
                535: *       DEVICE TYPE DEFINITIONS 
                536: *
  0000          537:         ORG     0
0000 0001       538: DVTYP.FILE      RMB     1       FILE (MANAGED BY SDOS)
0001 0001       539: DVTYP.DISK      RMB     1       DISK DEVICE (MANAGED BY SDOS)
0002 0001       540: DVTYP.STAPE     RMB     1       SERIAL TAPE DEVICE
0003 0001       541: DVTYP.DTAPE     RMB     1       DIRECTORIED TAPE DEVICE
0004 0001       542: DVTYP.CONSOLE   RMB     1       CONSOLE (HUMAN'S INTERFACE)
0005 0001       543: DVTYP.PRINTER   RMB     1       LINE PRINTER DEVICE
0006 0001       544: DVTYP.SERIALOUT RMB     1       ILL-DEFINED
0007 0001       545: DVTYP.SERIALIN  RMB     1
0008 0001       546: DVTYP.PAROUT    RMB     1       PARALLEL OUT
0009 0001       547: DVTYP.PARIN     RMB     1       PARALLEL IN
000A 0001       548: DVTYP.DUMMY     RMB     1       BLACK HOLE FOR DATA BYTES
000B 0001       549: DVTYP.CLOCK     RMB     1       CLOCK DEVICE
                550: *
                551: *
                552: *
                553: *
                554: *       DEVICE TYPE DATA DISPLACEMENTS




ASM/6800 1.3H4: 000B ASMIODRIVER        - - - I/O Package for MAL/6800-6809   1.4 - - -
08/16/82 00:00:00; Page 18; Form 1      *** SDOS 1.1 DEFINITIONS ***
SDOSUSERDEFS.ASM
                555: *
  0000          556:         ORG     0
0000 0001       557: DVTYP:TYPE      RMB     1       DEVICE TYPE
                558: *
                559: *       DEVICE-TYPE SPECIFIC DATA
                560: *
  0000          561:         ORG     0       DISK DEVICE SPECIFIC DATA
0000 0002       562: DVDAT:NBPS      RMB     2       NUMBER OF BYTES PER SECTOR
0002 0002       563: DVDAT:NSPT      RMB     2       NUMBER OF SECTORS PER TRACK
0004 0002       564: DVDAT:NTPC      RMB     2       NUMBER OF TRACKS PER CYLINDER
0006 0002       565: DVDAT:NCYL      RMB     2       NUMBER OF CYLINDERS
                566: *
  0000          567:         ORG     0       CONSOLE/PRINTER DEVICE SPECIFIC DATA
0000 0001       568: DVDAT:WIDTH     RMB     1       LINE WIDTH IN CHARACTERS
0001 0001       569: DVDAT:DEPTH     RMB     1       PAGE DEPTH (DEFAULT DEPTH FOR PRINTERS)
                570: *                               (0=INFINITY)
                571: *
  0002          572:         ORG     DVDAT:NBPS+2    (DISK) FILE DEVICE SPECIFIC DATA
0002 0001       573: DVDAT:NSPC      RMB     1       NUMBER OF SECTORS PER CLUSTER




ASM/6800 1.3H4: 0002 ASMIODRIVER        - - - I/O Package for MAL/6800-6809   1.4 - - -
08/16/82 00:00:00; Page 19; Form 1      *** SDOS 1.1 DEFINITIONS ***
SDOSUSERDEFS.ASM
                574:         PAGE
                575: **********************************************************************
  0010          576: FILESYSTEMVERSION       EQU     $10     VERSION 1.0 OF FILESYSTEM FORMAT
                577: ********************************************************************
                578: *
                579: *       FUNNY VALUES TO MAKE DATA STORAGE ALLOCATION USES MORE CLEAR
                580: *
  0000          581: IGNORED EQU     0       SO I CAN MARK PLACES AS IGNORED
  0000          582: CHANGED EQU     0       SO I CAN MARK PLACES AS CHANGED
                583: *
                584: *       LOCATIONS 0-7 ARE TREATED AS PART OF TASK'S CONTEXT
                585: *       AND SAVED DURING A CONTEXT SWITCH
                586: *
                587: *       DEFINED TEMPORARIES
                588: *       USED TO PUSH (X) ONTO STACK IN INTERRUPTABLE WAY
                589: *       FOR USE BY TASK-LEVEL SUBROUTINES
                590: *
  0000          591:         ORG     $0
0000 0002       592: TEMPX   RMB     2       ANY SUBROUTINE MAY STEP ON THIS!!!
  0000          593: TEMP    EQU     TEMPX   FOR CONVENIENCE
  0000          594: TEMPA   EQU     TEMPX   TEMP STORAGE FOR A REGISTER
  0001          595: TEMPB   EQU     TEMPX+1 TEMP STORAGE FOR B REGISTER
                596: 
                597: *
                598: *       PROTECTION BITS FOR DIR:PROTECTION
                599: *
  0040          600: PROT::WRITE     EQU     $40     PROTECT AGAINST WRITES
  0001          601: PROT::BACKUP    EQU     $1      PROTECT AGAINST BACKING UP




ASM/6800 1.3H4: 0000 ASMIODRIVER        - - - I/O Package for MAL/6800-6809   1.4 - - -
08/16/82 00:00:00; Page 20; Form 1      *** SDOS 1.1 DEFINITIONS ***
SDOSUSERDEFS.ASM
                602:         PAGE
                603: *       ASCII CHARACTER SET
                604: *
  0000          605: ASCII:NULL      EQU     0       ^@ NULL
  0001          606: ASCII:SOH       EQU     1       ^A START OF HEADING
  0002          607: ASCII:STX       EQU     2       ^B START OF TEXT
  0003          608: ASCII:ETX       EQU     3       ^C END OF TEXT
  0004          609: ASCII:EOT       EQU     4       ^D END OF TRANSMISSION
  0005          610: ASCII:ENQ       EQU     5       ^E ENQUIRY (WRU- WHO ARE YOU)
  0006          611: ASCII:ACK       EQU     6       ^F ACKNOWLEDGE
  0007          612: ASCII:BEL       EQU     7       ^G BELL
  0008          613: ASCII:BS        EQU     8       ^H BACKSPACE
  0009          614: ASCII:HT        EQU     9       ^I HORIZONTAL TAB
  000A          615: ASCII:LF        EQU     $A      ^J LINE FEED
  000B          616: ASCII:VT        EQU     $B      ^K VERTICAL TAB
  000C          617: ASCII:FF        EQU     $C      ^L FORM FEED
  000D          618: ASCII:CR        EQU     $D      ^M CARRIAGE RETURN
  000E          619: ASCII:SO        EQU     $E      ^N SHIFT OUT
  000F          620: ASCII:SI        EQU     $F      ^O SHIFT IN
  0010          621: ASCII:DLE       EQU     $10     ^P DATA LINK ESCAPE
  0011          622: ASCII:DC1       EQU     $11     ^Q DEVICE CONTROL 1
  0012          623: ASCII:DC2       EQU     $12     ^R DEVICE CONTROL 2
  0013          624: ASCII:DC3       EQU     $13     ^S DEVICE CONTROL 3
  0014          625: ASCII:DC4       EQU     $14     ^T DEVICE CONTROL 4
  0015          626: ASCII:NAK       EQU     $15     ^U NEGATIVE ACKNOWLEDGE
  0016          627: ASCII:SYN       EQU     $16     ^V SYNCHRONOUS IDLE
  0017          628: ASCII:ETB       EQU     $17     ^W END OF TRANSMISSION BLOCK
  0018          629: ASCII:CAN       EQU     $18     ^X CANCEL
  0019          630: ASCII:EM        EQU     $19     ^Y END OF MEDIUM
  001A          631: ASCII:SUB       EQU     $1A     ^Z SUBSTITUTE
  001B          632: ASCII:ESC       EQU     $1B     ^[ ESCAPE
  001C          633: ASCII:FS        EQU     $1C     ^\ FILE SEPERATOR
  001D          634: ASCII:GS        EQU     $1D     ^] GROUP SEPERATOR
  001E          635: ASCII:RS        EQU     $1E     ^^ RECORD SEPERATOR
  001F          636: ASCII:US        EQU     $1F     ^_ UNIT SEPERATOR
  0020          637: ASCII:SPACE     EQU     $20     SPACE (WORD SEPERATOR)
  007F          638: ASCII:RUBOUT    EQU     $7F     DELETE (RUBOUT)
  007F          639: ASCII:MASK      EQU     $7F     TO MASK OFF ALL BUT 7 LEGAL ASCII BITS




ASM/6800 1.3H4: 0000 ASMIODRIVER        - - - I/O Package for MAL/6800-6809   1.4 - - -
08/16/82 00:00:00; Page 21; Form 1      *** SDOS 1.1 DEFINITIONS ***
SDOSUSERDEFS.ASM
                640:         PAGE
                641: *
                642: *       SDOS LOADER FORMAT:  RECORD TYPE DEFINITIONS
                643: *
  0000          644: LOAD:TYPE0      EQU     0       "SKIP" RECORD
  0001          645: LOAD:TYPE1      EQU     1       STARTUP RECORD
  0002          646: LOAD:TYPE2      EQU     2       LOAD BYTES RECORD
  0003          647: LOAD:TYPE3      EQU     3       LOAD BYTES AND STOP RECORD
  0005          648: LOAD:ENCRYPTED  EQU     5       "THIS FILE IS ENCRYPTED" LOAD RECORD
                649: *
                650: *       BOOT SECTOR DISPLACEMENTS
                651: *
  0000          652:         ORG     0
0000 0010       653: BOOT:IPLDATA    RMB     16      CONTAINS "JMP BOOTSIZE" OR OTHER BOOTSTRAP DATA
0010 0000       654: BOOT:DISKINFO   RMB     0       SPACE FOR DISKINFO TABLES
  0010          655: BOOT:DISKINFOLEN        EQU     16
0010 0001       656: BOOT:FILESYSTEMVERSION  RMB     1       SDOS FILE SYSTEM FORMAT VERSION NUMBER $AB =
0011 0001       657: BOOT:NSPC       RMB     1       NUMBER OF SECTORS PER CLUSTER
0012 0002       658: BOOT:MINALLOC   RMB     LCN:SIZE        ALLOCATION MINIMUM FOR NEW FILES
0014 0002       659: BOOT:MIDALLOC   RMB     LCN:SIZE        ALLOCATION MIN FOR FILE EXTENSION
0016 0002       660: BOOT:MAPALGORITHM       RMB     2       LOGICAL TO PHYSICAL CONVERSION ALGORITHM #
0018 0003       661: BOOT:CREATIONDATE       RMB     3       DD/MM/YY IN HEX
001B 0003       662: BOOT:DIRLSN     RMB     LSN:SIZE        LSN OF DIRECTORY SECTOR CONTAINING "DIRECTOR
001E 0001       663:         RMB     BOOT:DISKINFOLEN+BOOT:DISKINFO-*-1
001F 0001       664: BOOT:CHECKSUM   RMB     1       SUCH THAT SUM OF DISKINFO BYTES (INCL CKSUM) = $FF
  0020          665: BOOT:DISKIDSIZE EQU     32      # BYTES RESERVED FOR ASCII DISK IDENTIFICATION
0020 0020       666: BOOT:DISKID     RMB     BOOT:DISKIDSIZE TEXT NAME OF DISK (TRAILING BLANK PADDED)
  0040          667: BOOT:SIZE       EQU     *




ASM/6800 1.3H4: 0020 ASMIODRIVER        - - - I/O Package for MAL/6800-6809   1.4 - - -
08/16/82 00:00:00; Page 22; Form 1      *** SDOS 1.1 DEFINITIONS ***
SDOSUSERDEFS.ASM
                668:         PAGE
                669: *
                670: *       DIRECTORY ENTRY DISPLACEMENTS
                671: *
                672: 
  0000          673:         ORG     0
  0010          674: DIR:NAMESIZE    EQU     16      LENGTH OF DIRECTORY NAME
0000 0010       675: DIR:FILENAME    RMB     DIR:NAMESIZE    FILENAME IN ASCII
0010 0000       676: DIR:FCBDATA     RMB     0       FCB DATA FOR FILE MANAGEMENT STARTS HERE
0010 0002       677: DIR:HLCN        RMB     LCN:SIZE        LCN OF HEADER CLUSTER
0012 0001       678: DIR:HCSIC       RMB     1       HEADER CLUSTER INITIALIZED COUNT
0013 0002       679: DIR:NCLUSTERS   RMB     LCN:SIZE        NUMBER OF CLUSTERS ALLOCATED TO FILE
0015 0004       680: DIR:FILESIZE    RMB     4       LOGICAL SIZE OF FILE IN BYTES
0019 0001       681: DIR:PROTECTION  RMB     1       PROTECTION BITS
001A 0001       682: DIR:DAY RMB     1       CREATION DATE OF FILE
001B 0001       683: DIR:MONTH       RMB     1       MONTH OF FILE CREATION
001C 0001       684: DIR:YEAR        RMB     1       YEAR OF FILE CREATION
001D 0001       685: DIR:VERSION     RMB     1       VERSION NUMBER OF FILE (0-255)
  000E          686: DIR:FCBDATASIZE EQU     *-DIR:FCBDATA   # BYTES REQUIRED TO MANAGE FILES IN FCBS
001E 0002       687:         RMB     32-*    SPACE FOR SLOP
  0020          688: DIR:ENTRYSIZE   EQU     *




ASM/6800 1.3H4: 001E ASMIODRIVER        - - - I/O Package for MAL/6800-6809   1.4 - - -
08/16/82 00:00:00; Page 23; Form 1      *** SDOS 1.1 DEFINITIONS ***
SDOSUSERDEFS.ASM
                689:         PAGE
                690: *
                691: *
                692: *       DISKMAP DISPLACEMENTS
                693: *
  0000          694:         ORG     0
0000 0001       695: DISKMAP:BYTE    RMB     1
  0008          696: NMBPB   EQU     8       # MAP BITS PER BYTE
                697: *
  0000          698: SECTOR:BYTE     EQU     0       USED AS DISPLACEMENT ON SECTOR BYTE FETCH
                699: *
  0003          700: READAHEADRDSIMIN        EQU     3       READ-AHEAD HAPPENS ONLY IF MORE BUFFERS AVAI
  FFFF          701: DUMMYLCN        EQU     $FFFF   "NO LCN" CODE
                702: *
                703: *       HEADER CLUSTER DISPLACEMENTS
                704: *
  0000          705:         ORG     0
0000 0002       706: HEADER:LCN      RMB     LCN:SIZE
                707: *
  0008          708: SERIALNUMBER:SIZE       EQU     8       SIZE OF SERIAL NUMBERS
                709: *
                710: *       WEIRD CHANNEL DEFINITIONS
                711: *
  00FF          712: LOGCHANNEL      EQU     $FF     (LOG CHANNEL MUST BE LOWEST OF THESE)
  00FE          713: SYSCHANNEL      EQU     $FE     SYSTEM I/O CHANNEL (RESERVED)
                714: 
                  9: 
  0001           10:         PSR     1
                 11:          TABS 10,19,37,44
                 12:          WITH     WI=105,DE=51
  0000           13:          PCC      0
                 14:          NAME     ASMIODRIVER
  0001           15:          IFUND    SDOSBINARY
  0001           16: SDOSBINARY EQU    1
                 17:          FIN
  0001           18: DEBUG    EQU      1                 SET DEBUG MODE FLAG




ASM/6800 1.3H4: 0000 ASMIODRIVER        - - - I/O Package for MAL/6800-6809   1.4 - - -
08/16/82 00:00:00; Page 24; Form 1       
ASM14IODR.ASM
                 21: *
                 22: *        BY RICK GROS, SOFTWARE DYNAMICS
                 23: *        AND A CAST OF THOUSANDS!
                 24: *
  1212           25: EDITDATE EQU      $1212             /79 MMDD IN HEX FORMAT
                 26: *




ASM/6800 1.3H4: 0000 ASMIODRIVER        - - - I/O Package for MAL/6800-6809   1.4 - - -
08/16/82 00:00:00; Page 25; Form 1       
ASM14IODR.ASM
                 28: *
                 29: *        USEFUL ASCII CHARS
                 30: *
  0000           31: NULL     EQU      0
  0002           32: CONTROLB EQU      2
  0003           33: CONTROLC EQU      3
  0004           34: CONTROLD EQU      4                 DEBUG REQUEST
  0007           35: CONTROLG EQU      7
  0007           36: BELL     EQU      CONTROLG
  0008           37: CONTROLH EQU      8                 BACKSPACE
  0009           38: TAB      EQU      9
  000A           39: LF       EQU      $A
  000D           40: CR       EQU      $D
  0010           41: CONTROLP EQU      $10               PAGING FOR THE TTY
  0011           42: XON      EQU      $11               ^Q
  0012           43: CONTROLR EQU      $12
  0013           44: XOFF     EQU      $13               ^S
  0014           45: CONTROLT EQU      $14
  0016           46: CONTROLV EQU      $16
  0018           47: CONTROLX EQU      $18               DELETE LINE
  001A           48: CONTROLZ EQU      $1A               TTY EOF CODE
  001B           49: ESCAPE   EQU      $1B               ABORT OPERATION
  001C           50: EOF      EQU      $1C               END OF FILE
  001E           51: EOR      EQU      $1E               END OF RECORD
  0020           52: BLANK    EQU      $20
  005E           53: UPARROW  EQU      '^
  007F           54: RUBOUT   EQU      $7F               DELETE CHAR
  0016           55: SINGLESTEP        EQU               CONTROLV




ASM/6800 1.3H4: 0000 ASMIODRIVER        - - - I/O Package for MAL/6800-6809   1.4 - - -
08/16/82 00:00:00; Page 26; Form 1       
ASM14IODR.ASM
                 57: *
                 58: *     EXTRA SYMBOL DEFINITIONS FOR BUFFERING THE ASSEMBLER'S WRITES.
                 59: *
                 60: 
  0000           61:          ORG      0                 ; START AT THE BEGINNING....
0000 0002        62: CCB:BBP  RMB      2                 ;W/ BUFFER BASE ADDRESS (LESS ONE).
0002 0001        63: CCB:MBL  RMB      1                 ;B/ MAX BUFFER LENGTH.
0003 0002        64: CCB:CBP  RMB      2                 ;W/ CURRENT BUFFER POINTER.
0005 0001        65: CCB:CBL  RMB      1                 ;B/ CURRENT BUFFER LENGTH.
                 66: 
  0006           67: CCB.LENGTH        EQU               *      ;LENGTH OF A CCB.
                 68: 
  0080           69: CH2$BUF.LEN       EQU               128    ;LENGTH OF LISTING CHANNEL'S BUFFER.
  0000           70:          IF SDOSBINARY=0
 *S*             71: CH3$BUF.LEN       EQU               64     ;LENGTH OF BINARY CHANNEL'S BUFFER.
                 72:          FIN
  0078           73: READA$BUF.LEN     EQU               120
  0004           74: NIOCHANNELS       EQU               4      ;# OF I/O CHANNELS.
                 75: 
  0007           76: CLOCK$CHANNEL     EQU               7      ;#/ FOR READING CLOCK.
  0069           77: ASME.NOTFILE      EQU               105    ERROR WHEN GETSIZE CHANNEL NOT A FILE.




ASM/6800 1.3H4: 0005 ASMIODRIVER        - - - I/O Package for MAL/6800-6809   1.4 - - -
08/16/82 00:00:00; Page 27; Form 1       
ASM14IODR.ASM
                 79: *
                 80: *
                 81: *        SDOS-TO-IOPACKAGE COMMUNICATION REGION
                 82: *
                 83: 
                 84: *
  0000           85:          ORG      0
                 86: *TEMPX   EQU      *
0000 0002        87: POINTER1 RMB      2
  0002           88: BUFFERPOINTER     EQU               *
0002 0002        89: POINTER2 RMB      2
0004 0002        90: COUNT    RMB      2




ASM/6800 1.3H4: 0004 ASMIODRIVER        - - - I/O Package for MAL/6800-6809   1.4 - - -
08/16/82 00:00:00; Page 28; Form 1      I/O JUMP TABLE
ASM14IODR.ASM
  0100           92:          ORG      $100
  0103           93: IOERR    EQU      $103              I/O ERROR ROUTINE IN ASM SECTION
  0106           94:          ORG      $106
0106 0002        95:          RMB      2                 USED TO BE DRIVERBASE.
                 96:          ;JMP     OPEN
0108 7E03C4      97:          JMP      OPEN
                 98:          ;JMP     CLOSE
010B 7E0404      99:          JMP      CLOSE
                100:          ;JMP     CREATE
010E 7E03F9     101:          JMP      CREATE
                102:          ;JMP     GETPOS            COPY CURRENT POSITION OF CH (B) TO (X). (WAS DEL
0111 7E0506     103:          JMP      GETPOS
                104:          ;JMP     GETWD             A := WIDTH; B:= DEPTH OF CHANNEL (B).
0114 7E0538     105:          JMP      GETWD
                106:          ;JMP     ISCONSOLE         TEST FOR CONSOLE - CARRY=0 IF CONSOLE
0117 7E0550     107:          JMP      ISCONSOLE
                108:          ;JMP     READA
011A 7E041E     109:          JMP      READA
                110:          ;JMP     NOPRTS            READB
011D 7E0441     111:          JMP      NOPRTS
                112:          ;JMP     WRITEA
0120 7E0477     113:          JMP      WRITEA
                114:          ;JMP     WRITEB
0123 7E04F1     115:          JMP      WRITEB
                116:          ;JMP     POSITION
0126 7E0565     117:          JMP      POSITION
                118:          ;JMP     EXIT
0129 7E058C     119:          JMP      EXIT
                120:          ;JMP     EOF$
012C 7E0592     121:          JMP      EOF$
                122:          ;JMP     GETSIZE
012F 7E05A8     123:          JMP      GETSIZE
                124:          ;JMP     RESET
0132 7E05BC     125:          JMP      RESET
                126:          ;JMP     DATE
0135 7E0603     127:          JMP      DATE
                128:          ;JMP     TIME
0138 7E0628     129:          JMP      TIME
013B 0212       130:          FDB      STACK
013D 015E       131:          FDB      STACKM:           STACK MAX




ASM/6800 1.3H4: 013D ASMIODRIVER        - - - I/O Package for MAL/6800-6809   1.4 - - -
08/16/82 00:00:00; Page 29; Form 1      I/O JUMP TABLE
ASM14IODR.ASM
                132:          ;JMP     ERROR::           DISPLAY ERROR MESSAGE & RETURN.
013F 7E05BD     133:          JMP      ERROR::
                134:          ;JMP     CRAPOUT           ERROR EXIT WITH ERROR # IN X
0142 7E05EA     135:          JMP      CRAPOUT




ASM/6800 1.3H4: 0142 ASMIODRIVER        - - - I/O Package for MAL/6800-6809   1.4 - - -
08/16/82 00:00:00; Page 30; Form 1      STACKS & STUFF
ASM14IODR.ASM
                137: *
                138: *        BASE OF I/O PACKAGE
                139: *
                140: *        ORG      DRIVERBASE
  0000          141:          IFUND    DEBUG
 *S*            142: SYSCALLIO         EQU               SYSCALL$
                143:          ELSE
  0636          144: SYSCALLIO         EQU               DEBUGSYSCALL
                145:          FIN
                146: *
                147: *        THIS IS THE MACHINE'S STACK
                148: *
  0019          149:          RPT      25
0145 00         150:          FCB      0                 SLOP FOR DEBUGGER AND INTERRUPTS
  00B4          151: STACKM:  RPT      $B4
015E 00         152:          FCB      0
0212 00         153: STACK    FCB      0                 FOR PEOPLE WHO USE 'LDS STACK'




ASM/6800 1.3H4: 0212 ASMIODRIVER        - - - I/O Package for MAL/6800-6809   1.4 - - -
08/16/82 00:00:00; Page 31; Form 1      OLD I/O PACKAGE CALL SIMULATION
ASM14IODR.ASM
                155: 
                156: *
                157: *   USEFUL DATA TEMP CELLS
                158: *
                159: 
0213 0080       160: CH2$BUF  RMB      CH2$BUF.LEN
  0000          161:          IF       SDOSBINARY=0
 *S*            162: CH3$BUF  RMB      CH3$BUF.LEN
                163:          FIN
0293 0078       164: READA$BUF         RMB               READA$BUF.LEN
030B 0011       165: DATE$BUF RMB      17                PUT DATE HERE.
                166: 
031C 0212       167: CH2$CCB  #CH2$BUF-1                 BASE BUFFER POINTER,
031E 80         168:          +CH2$BUF.LEN                 MAX LENGTH OF BUFFER.
031F 0212       169:          #CH2$BUF-1                 CURRENT BUFFER POINTER,
0321 00         170:          +0                           LENGTH=EMPTY.
                171: 
  0000          172:          IF       SDOSBINARY=0
 *S*            173: CH3$CCB  #CH3$BUF-1                 BASE BUFFER POINTER,
 *S*            174:          +CH3$BUF.LEN                 MAX LENGTH.
 *S*            175:          #CH3$BUF-1                 CURRENT BUFFER POINTER,
 *S*            176:          +0                           LENGTH=EMPTY.
                177:          FIN
                178: 
0322 00         179: OPENBLOCK         FCB               SYSCALL:OPEN FUNCTION
0323 0E         180:          FCB      OPEN:SCLEN
0324 0000       181:          FCB      CHANGED,IGNORED
0326 0000       182:          FDB      CHANGED           WRBUF
0328 0000       183:          FCB      0,CHANGED         WRLEN
032A 0000       184:          FDB      CHANGED           REPLY LENGTH
032C 03BE       185:          FDB      BUFFER
032E 0002       186:          FDB      2
                187: *
0330 000E       188: OPENCLK  +SYSCALL:OPEN,+OPEN:SCLEN  FUNCTION
0332 0700       189:          +CLOCK$CHANNEL,+IGNORED    CHANNEL #, <TRASH>
0334 0612       190:          #CLOCKNAME                 "CLOCK:"
0336 0006       191:          #6                         LENGTH OF ABOVE.
0338 0000       192:          #CHANGED                   (REPLY LENGTH)
033A 03BE       193:          #BUFFER                    (GETS CHARACTERS SCANNED)
033C 0002       194:          #2                         (MAX SIZE.)




ASM/6800 1.3H4: 033C ASMIODRIVER        - - - I/O Package for MAL/6800-6809   1.4 - - -
08/16/82 00:00:00; Page 32; Form 1      OLD I/O PACKAGE CALL SIMULATION
ASM14IODR.ASM
                195: *
033E 0A0E       196: READCLK  +SYSCALL:READA,+READA:SCLEN       FUNCTION
0340 0700       197:          +CLOCK$CHANNEL,+0          CHANNEL #, NOT LINE MODE.
0342 00000000   198:          #IGNORED,#0                WRITE BUF, SIZE.
0346 0000       199:          #CHANGED                   ACTUAL COUNT.
0348 030B       200:          #DATE$BUF                  BUFFER
034A 0011       201:          #17                        BUFFER SIZE.
                202: *
034C 020307     203: CLOSECLK +SYSCALL:CLOSE,+CLOSE:SCLEN,+CLOCK$CHANNEL FUNCTION, SIZE, CHANNEL.
                204: *
034F 01         205: CREATEBLOCK       FCB               SYSCALL:CREATE FUNCTION
0350 0E         206:          FCB      CREATE:SCLEN
0351 0000       207:          FCB      CHANGED,IGNORED
0353 0000       208:          FDB      CHANGED           WRBUF
0355 0000       209:          FCB      0,CHANGED
0357 0000       210:          FDB      CHANGED           REPLY LENGTH
0359 03BE       211:          FDB      BUFFER
035B 0002       212:          FDB      2
                213: *
035D 02         214: CLOSEBLOCK        FCB               SYSCALL:CLOSE FUNCTION
035E 03         215:          FCB      CLOSE:SCLEN
035F 00         216:          FCB      CHANGED           CHANNEL
                217: *
  0000          218:          IF       0
 *S*            219: DELETEBLOCK       FCB               SYSCALL:DELETE FUNCTION
 *S*            220:          FCB      DELETE:SCLEN
 *S*            221:          FCB      IGNORED,IGNORED
 *S*            222:          FDB      CHANGED
 *S*            223:          FCB      0,CHANGED
 *S*            224:          FDB      CHANGED
 *S*            225:          FDB      BUFFER
 *S*            226:          FDB      2
                227:          FIN
                228: *
  0000          229:          IF       0
 *S*            230: RENAMEBLOCK       FCB               SYSCALL:RENAME FUNCTION
 *S*            231:          FCB      RENAME:SCLEN
 *S*            232:          FCB      CHANGED,IGNORED   CHANNEL #
 *S*            233:          FDB      CHANGED           WRBUF
 *S*            234:          FCB      0,CHANGED         WRLEN




ASM/6800 1.3H4: 035F ASMIODRIVER        - - - I/O Package for MAL/6800-6809   1.4 - - -
08/16/82 00:00:00; Page 33; Form 1      OLD I/O PACKAGE CALL SIMULATION
ASM14IODR.ASM
 *S*            235:          FDB      CHANGED           RPLEN
 *S*            236:          FDB      BUFFER
 *S*            237:          FDB      2
                238:          FIN      0
                239: 
                240: *
  0000          241:          IF       0
 *S*            242: CHAINBLOCK        FCB               SYSCALL:CHAIN FUNCTION
 *S*            243:          FCB      CHAIN:SCLEN
 *S*            244:          FCB      IGNORED,IGNORED
 *S*            245:          FDB      CHANGED           WRBUF
 *S*            246:          FCB      0,CHANGED         WRLEN
 *S*            247:          FDB      CHANGED           RPLEN
 *S*            248:          FDB      BUFFER
 *S*            249:          FDB      4
                250:          FIN      0
                251: *
0360 0A         252: READABLOCK        FCB               SYSCALL:READA FUNCTION
0361 0E         253:          FCB      READA:SCLEN
0362 00         254:          FCB      CHANGED           CHANNEL #
0363 01         255:          FCB      1                 LINE MODE FLAG
0364 0000       256:          FDB      IGNORED           WRBUF
0366 0000       257:          FDB      0                 WRLEN (0 MINIMIZES SYSCALL XFER TIME)
0368 0000       258:          FDB      CHANGED           ACTUALCOUNT (SHOULD BE 1 AFTER READING)
036A 03BE       259:          FDB      BUFFER            BUFFERPOINTER
036C 0001       260:          FDB      1                 REQUESTED COUNT
                261: *
036E 0A         262: READA$BLOCK       +SYSCALL:READA    FUNCTION.
036F 0E         263:          +READA:SCLEN
0370 0101       264:          +1,+1                      CHANNEL, LINE MODE
0372 0000       265:          #IGNORED                   WRITE BUFFER,
0374 0000       266:          #0                           LENGTH = 0 FOR SPEED,
0376 0000       267:          #0                         REPLY LENGTH:  M/B INITIALLY ZERO.
0378 0293       268:          #READA$BUF                 READ BUFFER
037A 0078       269:          #READA$BUF.LEN               & LENGTH.
                270: 
037C 0C         271: WRITEA$BLK        +SYSCALL:WRITEA
037D 08         272:          +WRITEA:SCLEN
037E 00         273:          +CHANGED                   CHANNEL
037F 00         274:          +IGNORED                   TRASH.




ASM/6800 1.3H4: 0380 ASMIODRIVER        - - - I/O Package for MAL/6800-6809   1.4 - - -
08/16/82 00:00:00; Page 34; Form 1      OLD I/O PACKAGE CALL SIMULATION
ASM14IODR.ASM
0380 0000       275:          #CHANGED                   BUFFER POINTER.
0382 0000       276:          #CHANGED                   SIZE.
                277: 
  0000          278:          IF       0
 *S*            279: READBBLOCK        FCB               SYSCALL:READB FUNCTION
 *S*            280:          FCB      READB:SCLEN
 *S*            281:          FCB      CHANGED           CHANNEL #
 *S*            282:          FCB      IGNORED
 *S*            283:          FDB      IGNORED           WRBUF
 *S*            284:          FDB      0                 WRLEN
 *S*            285:          FDB      CHANGED           RPLEN
 *S*            286:          FDB      BUFFER            BUFFERPOINTER
 *S*            287:          FDB      1                 REQUESTED COUNT
                288:          FIN      0
                289: *
0384 0C         290: WRITEABLOCK       FCB               SYSCALL:WRITEA FUNCTION
0385 08         291:          FCB      WRITEA:SCLEN
0386 00         292:          FCB      CHANGED           CHANNEL #
0387 00         293:          FCB      IGNORED
0388 03BE       294:          FDB      BUFFER            BUFFERPOINTER
038A 0001       295:          FDB      1                 REQUESTED COUNT
                296: *
  0001          297:          IF       SDOSBINARY=1
038C 0D         298: WRITEBBLOCK       FCB               SYSCALL:WRITEB FUNCTION
038D 08         299:          FCB      WRITEB:SCLEN
038E 00         300:          FCB      CHANGED           CHANNEL #
038F 00         301:          FCB      IGNORED
0390 03BE       302:          FDB      BUFFER            BUFFERPOINTER
0392 0000       303:          FDB      CHANGED           REQUESTED COUNT
                304:          FIN      SDOSBINARY=1
                305: *
0394 0E         306: POSITIONBLOCK     FCB               SYSCALL:CONTROL FUNCTION
0395 08         307:          FCB      SCBLK:WRLEN+2
0396 00         308:          FCB      CHANGED           CHANNEL
0397 00         309:          FCB      CC:POSITION       CONTROL SUB-CODE
0398 0000       310:          FDB      CHANGED           WRBUF
039A 0004       311:          FDB      4                 # BYTES OF POSITIONING DATA
                312: *
039C 11         313: EXITBLOCK         FCB               SYSCALL:EXIT FUNCTION
039D 02         314:          FCB      EXIT:SCLEN




ASM/6800 1.3H4: 039D ASMIODRIVER        - - - I/O Package for MAL/6800-6809   1.4 - - -
08/16/82 00:00:00; Page 35; Form 1      OLD I/O PACKAGE CALL SIMULATION
ASM14IODR.ASM
                315: *
  0001          316:          IF       SDOSBINARY=1
039E 0F         317: STATUSBLOCK       FCB               SYSCALL:STATUS FUNCTION
039F 0E         318:          FCB      STATUS:SCLEN
03A0 00         319:          FCB      CHANGED           CHANNEL
03A1 00         320:          FCB      CHANGED           STATUS SUB-CODE
03A2 0000       321:          FDB      IGNORED           WRBUF
03A4 0000       322:          FDB      0
03A6 0000       323:          FDB      CHANGED           TO 1
03A8 03BE       324:          FDB      BUFFER            READ-BACK BUFFER
03AA 0004       325:          FDB      4                 # BYTES TO READ BACK
                326:          FIN      SDOSBINARY=1
                327: *
  0000          328:          IF       0
 *S*            329: DEBUGBLOCK        FCB               SYSCALL:DEBUG FUNCTION
 *S*            330:          FCB      DEBUG:SCLEN
                331:          FIN      0
                332: 
03AC 1A         333: ICONBLK  FCB      SYSCALL:ISCONSOLE
03AD 02         334:          FCB      2
                335: 
03AE 12         336: ERREXIT  FCB      SYSCALL:ERROREXIT
03AF 04         337:          FCB      4
03B0 0000       338:          FDB      0
                339: *
03B2 13         340: SETERRBLOCK       FCB               SYSCALL:SETERROR FUNCTION
03B3 04         341:          FCB      SETERROR:SCLEN
03B4 0000       342:          FDB      CHANGED           TO ERROR CODE
                343: *
03B6 15         344: DISPERRBLOCK      FCB               SYSCALL:DISPERROR FUNCTION
03B7 02         345:          FCB      DISPERROR:SCLEN
                346: *
  0004          347: EOFTABLE RPT      NIOCHANNELS       USED TO RECORD END-OF-FILE STATUSES
03B8 00         348:          FCB      0
03BC 0300       349: EOFADDRESS        FCB               EOFTABLE/256,0
03BE 00000000   350: BUFFER   FDB      0,0
03C2 0002       351: WRITEA$XSV        RMB               2      TEMP SAVE LOC FOR X DURING WRITEA$FLUSH.




ASM/6800 1.3H4: 03C4 ASMIODRIVER        - - - I/O Package for MAL/6800-6809   1.4 - - -
08/16/82 00:00:00; Page 36; Form 1      OLD I/O PACKAGE CALL SIMULATION
ASM14IODR.ASM
03C4 FF0326     353: OPEN     STX      OPENBLOCK+OPEN:NAMEP
                354:          ;JSR     CLEAREOFFLAG
03C7 BD0559     355:          JSR      CLEAREOFFLAG
                356:          ;LDX     #OPENBLOCK
03CA CE0322     357:          LDX      #OPENBLOCK
03CD A707       358: OPEN1    STAA     OPEN:LENGTH+1,X   OPEN:LENGTH IS ZEROED AT ASSEMBLY TIME
03CF E702       359:          STAB     OPEN:CHANNEL,X    SINCE WE KNOW THAT FILENAMES PASSED BY BASIC ARE
03D1 FF03C2     360:          STX      WRITEA$XSV        SAVE @/ SCBLK FOR A SECOND.
                361:          ;JSR     SYSCALL$          TRY OPENING THE CHANNEL.
03D4 BD00FB     362:          JSR      SYSCALL$
03D7 2468       363:          BCC      NOPRTS              B/ IT WORKED.  GO AWAY.
03D9 8C0407     364:          CPX      #ERR:CHBUSY       WAS CHANNEL ALREADY OPEN?
03DC 2703       365:          BEQ      OPEN2               B/ YES: WE CAN TAKE CARE OF THAT.
                366:          ;JMP     IOERROR::           B/ NO:  SEND ERROR MESSAGE TO TURKEY.
03DE 7E05E1     367:          JMP      IOERROR::
                368: 
  03E1          369: OPEN2    ;LDX     WRITEA$XSV        LOAD @/ SCBLK,
03E1 FE03C2     370:          LDX      WRITEA$XSV
03E4 E602       371:          LDAB     SCBLK:PARAMS,X      AND RECOVER CHANNEL NUMBER.
03E6 B603C3     372:          LDAA     WRITEA$XSV+1      PUSH SCBLK POINTER ONTO STACK.
03E9 36         373:          PSHA                              ....
03EA B603C2     374:          LDAA     WRITEA$XSV               ....
03ED 36         375:          PSHA                              ....
03EE 8D14       376:          BSR      CLOSE             CLOSE THE CHANNEL, FLAKE OUT IF ERRORS.
03F0 30         377:          TSX                        POP THE ORIGINAL SCBLK POINTER,
                378:          ;LDX     0,X                      ....
03F1 EE00       379:          LDX      0,X
03F3 31         380:          INS                               ....
03F4 31         381:          INS                               ....
03F5 2024       382:          BRA      CALLSYSCALLIOJ      AND GIVE IT ONE MORE SHOT.
03F7 2022       383:          BRA      CALLSYSCALLIOJ
                384: *
03F9 FF0353     385: CREATE   STX      CREATEBLOCK+CREATE:NAMEP
                386:          ;JSR     CLEAREOFFLAG
03FC BD0559     387:          JSR      CLEAREOFFLAG
                388:          ;LDX     #CREATEBLOCK
03FF CE034F     389:          LDX      #CREATEBLOCK
0402 20C9       390:          BRA      OPEN1
                391: *
0404 8D36       392: CLOSE    BSR      CKBUFWRITE        IS THIS A BUFFERED CHANNEL?




ASM/6800 1.3H4: 0406 ASMIODRIVER        - - - I/O Package for MAL/6800-6809   1.4 - - -
08/16/82 00:00:00; Page 37; Form 1      OLD I/O PACKAGE CALL SIMULATION
ASM14IODR.ASM
0406 2605       393:          BNE      CLOSE$1             B/ NO, NO HASSLES.
                394:          ;JSR     WRITEA$FLUSH      ELSE FLUSH THE BUFFER,
0408 BD04BC     395:          JSR      WRITEA$FLUSH
040B 250B       396:          BCS      CLOSE$FAIL          AND TAKE FAIL PATH IF COULDN'T FLUSH.
                397: 
  040D          398: CLOSE$1  ;LDX     #CLOSEBLOCK
040D CE035D     399:          LDX      #CLOSEBLOCK
0410 E702       400:          STAB     CLOSE:CHANNEL,X
                401:          ;JSR     SYSCALL$
0412 BD00FB     402:          JSR      SYSCALL$
0415 2500       403:          BCS      CLOSE$2
0417 39         404: CLOSE$2  RTS
                405: 
  0418          406: CLOSE$FAIL        ;JMP              WRITEA$FAIL
0418 7E04AB     407:          JMP      WRITEA$FAIL
                408: *
  0000          409:          IF       0
 *S*            410: DELETE   STX      DELETEBLOCK+DELETE:NAMEP
 *S*            411:          ;LDX     #DELETEBLOCK
 *S*            412:          LDX      #DELETEBLOCK
 *S*            413:          BRA      OPEN1
                414:          FIN      0
                415: *
                416: *
  041B          417: CALLSYSCALLIOJ    EQU               *
                418:          ;JMP     CALLSYSCALLIO
041B 7E05DB     419:          JMP      CALLSYSCALLIO
                420: *
  0000          421:          IF       0
 *S*            422: CHAIN    STX      CHAINBLOCK+CHAIN:NAMEP
 *S*            423:          ;LDX     #CHAINBLOCK
 *S*            424:          LDX      #CHAINBLOCK
 *S*            425:          BRA      OPEN1
                426:          FIN      0
                427: *
  041E          428: READA    ;CMPB    #1                READING THE SOURCE CHANNEL?
041E C101       429:          CMPB     #1
0420 2720       430:          BEQ      READA$              B/ YES -- FETCH FROM BUFFER.
                431:          ;LDX     #READABLOCK
0422 CE0360     432:          LDX      #READABLOCK




ASM/6800 1.3H4: 0425 ASMIODRIVER        - - - I/O Package for MAL/6800-6809   1.4 - - -
08/16/82 00:00:00; Page 38; Form 1      OLD I/O PACKAGE CALL SIMULATION
ASM14IODR.ASM
0425 E702       433:          STAB     READA:CHANNEL,X
                434:          ;JSR     SYSCALLIO
0427 BD0636     435:          JSR      SYSCALLIO
042A 240C       436:          BCC      READRTS           B/ NO ERROR
042C 8C0773     437:          CPX      #ERR:ACTIVATIONNOTINBUFFER ;Check for MT foolishness
042F 2707       438:          BEQ      READRTS                    ;B/Ignore this error
0431 860D       439:          LDAA     #CR
0433 F60362     440:          LDAB     READABLOCK+READA:CHANNEL
0436 203C       441:          BRA      SETEOFFLAG1
                442: *
  0438          443: READRTS  EQU      *
0438 B603BE     444:          LDAA     BUFFER
043B 39         445:          RTS
                446: 
  043C          447: CKBUFWRITE        EQU               *
                448:          ;LDX     #CH2$CCB          THIS ROUTINE CHECKS WHETHER THE CHANNEL # IN B
043C CE031C     449:          LDX      #CH2$CCB
                450:          ;CMPB    #2                  INDICATES CHANNELS 2 OR 3.  IF SO, X IS SET
043F C102       451:          CMPB     #2
  0000          452:          IF       SDOSBINARY=0
 *S*            453:          BEQ      CKBUFWRITEX         TO POINT TO THE CCB FOR THIS CHANNEL, AND
 *S*            454:          ;LDX     #CH3$CCB            CCZ IS SET.  OTHERWISE X IS CLOBBERED, AND
 *S*            455:          LDX      #CH3$CCB
 *S*            456:          ;CMPB    #3                  CCZ IS CLEARED.
 *S*            457:          CMPB     #3
                458:          FIN      SDOSBINARY=0
  0441          459: NOPRTS   EQU      *
  0441          460: CKBUFWRITEX       EQU *
0441 39         461:          RTS
                462: 
  0442          463: READA$   EQU      *
                464:          ;LDX     READA$BLOCK+SCBLK:RPLEN  FETCH REMAINING BYTE COUNT,
0442 FE0376     465:          LDX      READA$BLOCK+SCBLK:RPLEN
0445 270E       466:          BEQ      READA$1             B/ NEED MORE.
0447 09         467: READA$0  DEX                        ELSE REDUCE COUNT,
0448 FF0376     468:          STX      READA$BLOCK+SCBLK:RPLEN    AND STORE IT BACK.
                469:          ;LDX     READA$BLOCK+SCBLK:RDBUF  GET CHARACTER POINTER,
044B FE0378     470:          LDX      READA$BLOCK+SCBLK:RDBUF
044E A600       471:          LDAA     0,X                 GET CHARACTER IN A.
0450 08         472:          INX                        BUMP POINTER,




ASM/6800 1.3H4: 0451 ASMIODRIVER        - - - I/O Package for MAL/6800-6809   1.4 - - -
08/16/82 00:00:00; Page 39; Form 1      OLD I/O PACKAGE CALL SIMULATION
ASM14IODR.ASM
0451 FF0378     473:          STX      READA$BLOCK+SCBLK:RDBUF    AND STORE IT BACK.
0454 39         474:          RTS
                475: 
  0455          476: READA$1  EQU      *                 READ A BLOCK, LINE MODE.
                477:          ;LDX     #READA$BUF        GET ADDRESS OF BUFFER.
0455 CE0293     478:          LDX      #READA$BUF
0458 FF0378     479:          STX      READA$BLOCK+SCBLK:RDBUF  AND PLACE INTO SCBLK.
                480:          ;LDX     #READA$BLOCK      LOAD @ OF REQUEST BLOCK,
045B CE036E     481:          LDX      #READA$BLOCK
                482:          ;JSR     SYSCALL$            AND GO READ SOME STUFF.
045E BD00FB     483:          JSR      SYSCALL$
0461 24DF       484:          BCC      READA$              B/ NO ERROR, GET SOME STUFF.
                485: 
0463 8C03E9     486:          CPX      #ERR:EOFHIT       SOME KINDA ERROR:  IS IT EOF?
0466 2608       487:          BNE      READA$2             B/ NO, ARRGH.
                488:          ;LDX     READA$BLOCK+SCBLK:RPLEN  <EOF> DETECTED; WERE ANY CH
0468 FE0376     489:          LDX      READA$BLOCK+SCBLK:RPLEN
                490:                                            ; XMITTED?
046B 26DA       491:          BNE      READA$0                  B/ IF SO, THEN EMPTY THIS BUFFER FULL.
                492:          ;LDX     #ERR:EOFHIT       OTHERWISE RECOVER FROM ERROR.
046D CE03E9     493:          LDX      #ERR:EOFHIT
0470 860D       494: READA$2  LDAA     #CR               RETURN ALL THIS DEFAULT CRUD.
0472 C601       495:          LDAB     #1                WE KNOW THIS IS CHANNEL 1.
  0000          496:          IF       0
 *S*            497:          BRA      SETEOFFLAG1         HO HUM....
 *S*            498: 
 *S*            499: READB    ;LDX     #READBBLOCK
 *S*            500:          LDX      #READBBLOCK
 *S*            501:          STAB     READB:CHANNEL,X
 *S*            502:          ;JSR     SYSCALLIO
 *S*            503:          JSR      SYSCALLIO
 *S*            504:          BCC      READRTS           B/ NO ERROR
 *S*            505:          CLRA                       RETURN NULL ON EOF
 *S*            506:          LDAB     READBBLOCK+READB:CHANNEL
                507:          FIN      0
  0474          508: SETEOFFLAG1       ;JMP              SETEOFFLAG
0474 7E0581     509:          JMP      SETEOFFLAG
                510: *
0477 8DC3       511: WRITEA   BSR      CKBUFWRITE        IS THIS A BUFFERED CHANNEL?
0479 2724       512:          BEQ      WRITEA$             B/ YEAH: HANDLE FUNNY.




ASM/6800 1.3H4: 0479 ASMIODRIVER        - - - I/O Package for MAL/6800-6809   1.4 - - -
08/16/82 00:00:00; Page 40; Form 1      OLD I/O PACKAGE CALL SIMULATION
ASM14IODR.ASM
                513:          ;LDX     #WRITEABLOCK
047B CE0384     514:          LDX      #WRITEABLOCK
047E E702       515:          STAB     WRITEA:CHANNEL,X
0480 B703BE     516:          STAA     BUFFER
                517:          ;JSR     SYSCALLIO
0483 BD0636     518:          JSR      SYSCALLIO
0486 2411       519:          BCC      WRITEA1           B/ NO ERROR
0488 F60386     520:          LDAB     WRITEABLOCK+WRITEA:CHANNEL
  048B          521: WSETEOFFLAG       EQU               *
048B 8C03E9     522:          CPX      #ERR:EOFHIT
048E 2606       523:          BNE      IOERROR::J
                524:          ;JSR     GETEOFADDRESS
0490 BD055E     525:          JSR      GETEOFADDRESS
0493 0D         526:          SEC
0494 69B8       527:          ROL      EOFTABLE&$FF,X
  0496          528: IOERROR::J        ;JMP              IOERROR::
0496 7E05E1     529:          JMP      IOERROR::
                530: *
  0499          531: WRITEA1  EQU      *
0499 F60386     532:          LDAB     WRITEABLOCK+WRITEA:CHANNEL
                533:          ;JMP     CLEAREOFFLAG
049C 7E0559     534:          JMP      CLEAREOFFLAG
                535: 
  049F          536: WRITEA$  EQU      *
049F 37         537:          PSHB                       SAVE THE CHANNEL #,
04A0 E605       538:          LDAB     CCB:CBL,X         FETCH # OF CHARACTERS CURRENTLY STORED.
                539:          ;CMPB    CCB:MBL,X         IS THERE ROOM FOR ANOTHER?
04A2 E102       540:          CMPB     CCB:MBL,X
04A4 33         541:          PULB                         (RESTORE THE CHANNEL #.)
04A5 2508       542:          BCS      WRITEA$OK           B/ YES, PUT IT IN.
04A7 8D13       543:          BSR      WRITEA$FLUSH      ELSE, HOSE OUT THE BUFFER.
04A9 2404       544:          BCC      WRITEA$OK           B/ NO ERROR.
  04AB          545: WRITEA$FAIL       ;LDX              TEMPX  LOAD SAVED ERROR CODE,
04AB DE00       546:          LDX      TEMPX
04AD 20DC       547:          BRA      WSETEOFFLAG         AND REPORT THE ERROR.
                548: 
  04AF          549: WRITEA$OK         EQU               *
                550:          ;INC     CCB:CBL,X         BUMP THE CURRENT BUFFER LENGTH.
04AF 6C05       551:          INC      CCB:CBL,X
                552:          ;INC     CCB:CBP+1,X       BUMP THE CURRENT BUFFER POINER,




ASM/6800 1.3H4: 04B1 ASMIODRIVER        - - - I/O Package for MAL/6800-6809   1.4 - - -
08/16/82 00:00:00; Page 41; Form 1      OLD I/O PACKAGE CALL SIMULATION
ASM14IODR.ASM
04B1 6C04       553:          INC      CCB:CBP+1,X
04B3 2602       554:          BNE      WRITEA$OK1          B/ NO CARRY.
                555:          ;INC     CCB:CBP,X         PROPAGATE CARRY.
04B5 6C03       556:          INC      CCB:CBP,X
  04B7          557: WRITEA$OK1        EQU               *
                558:          ;LDX     CCB:CBP,X         GRAB THE CURRENT POINER,
04B7 EE03       559:          LDX      CCB:CBP,X
04B9 A700       560:          STAA     0,X                 SHOVE IN A CHARACTER.
04BB 39         561:          RTS                          SPLIT.
                562: 
  04BC          563: WRITEA$FLUSH      EQU *
04BC 36         564:          PSHA                       SAVE ACCA,
04BD 37         565:          PSHB                         AND CHANNEL #.
04BE A605       566:          LDAA     CCB:CBL,X         GET LENGTH OF BUFFER,
04C0 0C         567:          CLC                          CLEAR CARRY IN CASE OF EARLY EXIT.
04C1 2726       568:          BEQ      WRITEA$FLX          B/ NOTHING TO DO, SPLIT NOW.
04C3 FF03C2     569:          STX      WRITEA$XSV        GOING TO WRITE:  SAVE X,
                570:          ;LDX     CCB:BBP,X           AND FETCH BASE ADDRESS OF BUFFER.
04C6 EE00       571:          LDX      CCB:BBP,X
04C8 08         572:          INX                        COMPUTE REAL START OF THE BUFFER.
04C9 FF0380     573:          STX      WRITEA$BLK+SCBLK:WRBUF     STORE POINTER INTO SCB.
                574:          ;LDX     #WRITEA$BLK       LOAD POINTER TO THE BLOCK,
04CC CE037C     575:          LDX      #WRITEA$BLK
04CF E702       576:          STAB     SCBLK:PARAMS,X      STUFF CHANNEL #,
04D1 A707       577:          STAA     SCBLK:WRLEN+1,X     WRITE-RECORD-LENGTH,
                578:          ;JSR     SYSCALLIO           AND GO TO IT.
04D3 BD0636     579:          JSR      SYSCALLIO
04D6 2400       580:          BCC      WRITEA$FLUSH1       B/ NO ERROR.  NOTE THAT THIS KEEPS SDOS HAPPY.
  04D8          581: WRITEA$FLUSH1     EQU *
04D8 07         582:          TPA                        SAVE CARRY STATUS.
04D9 DF00       583:          STX      TEMPX               AND ERROR CODE (IF ANY).
                584:          ;LDX     WRITEA$XSV        RESTORE CCB POINTER,
04DB FE03C2     585:          LDX      WRITEA$XSV
04DE E600       586:          LDAB     CCB:BBP,X           AND INITIALIZE CURRENT BUFFER POINTER
04E0 E703       587:          STAB     CCB:CBP,X
04E2 E601       588:          LDAB     CCB:BBP+1,X
04E4 E704       589:          STAB     CCB:CBP+1,X
                590:          ;CLR     CCB:CBL,X           ...AND CURRENT BUFFER LENGTH.
04E6 6F05       591:          CLR      CCB:CBL,X
04E8 06         592:          TAP                        RESTORE CARRY FLAG,




ASM/6800 1.3H4: 04E8 ASMIODRIVER        - - - I/O Package for MAL/6800-6809   1.4 - - -
08/16/82 00:00:00; Page 42; Form 1      OLD I/O PACKAGE CALL SIMULATION
ASM14IODR.ASM
  04E9          593: WRITEA$FLX        EQU *
04E9 33         594:          PULB                       RESTORE REGISTERS.
04EA 32         595:          PULA
04EB 39         596:          RTS                          SO LONG.
                597: 
  0001          598:          IF       SDOSBINARY=1
  04EC          599: WRITEB1  EQU      *
04EC F6038E     600:          LDAB     WRITEBBLOCK+WRITEB:CHANNEL
04EF 209A       601:          BRA      WSETEOFFLAG
                602: 
04F1 FF0390     603: WRITEB   STX      WRITEBBLOCK+SCBLK:WRBUF  SET BUFFER POINTER.
                604:          ;LDX     #WRITEBBLOCK
04F4 CE038C     605:          LDX      #WRITEBBLOCK
04F7 E702       606:          STAB     WRITEB:CHANNEL,X
04F9 A707       607:          STAA     SCBLK:WRLEN+1,X   SET LOW BYTE OF COUNT.
                608:          ;CLR     SCBLK:WRLEN,X     CLEAR HIGH BYTE.
04FB 6F06       609:          CLR      SCBLK:WRLEN,X
                610:          ;JSR     SYSCALLIO
04FD BD0636     611:          JSR      SYSCALLIO
0500 25EA       612:          BCS      WRITEB1
0502 F6038E     613:          LDAB     WRITEBBLOCK+WRITEB:CHANNEL
0505 39         614:          RTS
                615:          FIN      0
                616: *
  0506          617: GETPOS   EQU      *
0506 FF03C2     618:          STX      WRITEA$XSV        SAVE POINTER,
                619:          ;JSR     GETTYPE           GET TYPE OF DEVICE,
0509 BD0597     620:          JSR      GETTYPE
                621:          ;CMPA    #DVTYP.FILE
050C 8100       622:          CMPA     #DVTYP.FILE
050E 2607       623:          BNE      GETPOS1             B/ NOT FILE --> NO POSITION.
0510 8600       624:          LDAA     #SC:GETPOS        ELSE READ POSITION.
                625:          ;JSR     GETSTS
0512 BD0599     626:          JSR      GETSTS
0515 2009       627:          BRA      GETPOS2
                628: 
  0517          629: GETPOS1  ;LDX     #0
0517 CE0000     630:          LDX      #0
051A FF03BE     631:          STX      BUFFER
051D FF03C0     632:          STX      BUFFER+2




ASM/6800 1.3H4: 051D ASMIODRIVER        - - - I/O Package for MAL/6800-6809   1.4 - - -
08/16/82 00:00:00; Page 43; Form 1      OLD I/O PACKAGE CALL SIMULATION
ASM14IODR.ASM
                633: 
  0520          634: GETPOS2  ;LDX     WRITEA$XSV
0520 FE03C2     635:          LDX      WRITEA$XSV
0523 B603BE     636:          LDAA     BUFFER
0526 F603BF     637:          LDAB     BUFFER+1
0529 A700       638:          STAA     0,X
052B E701       639:          STAB     1,X
052D B603C0     640:          LDAA     BUFFER+2
0530 F603C1     641:          LDAB     BUFFER+3
0533 A702       642:          STAA     2,X
0535 E703       643:          STAB     3,X
0537 39         644:          RTS
                645: 
  0538          646: GETWD    ;JSR     GETTYPE           GET TYPE OF DEVICE
0538 BD0597     647:          JSR      GETTYPE
                648:          ;CMPA    #DVTYP.CONSOLE
053B 8104       649:          CMPA     #DVTYP.CONSOLE
053D 2707       650:          BEQ      GETWD1            B/IS CONSOLE
                651:          ;CMPA    #DVTYP.PRINTER
053F 8105       652:          CMPA     #DVTYP.PRINTER
0541 2703       653:          BEQ      GETWD1            B/IS PRINTER
0543 4F         654:          CLRA
0544 5F         655:          CLRB
0545 39         656:          RTS
                657: 
  0546          658: GETWD1   ;LDX     #0                CLEAR BUFFER
0546 CE0000     659:          LDX      #0
0549 FF03BE     660:          STX      BUFFER
                661:          ;JSR     GETPARAMS         GET DEVICE PARAMS
054C BD05B1     662:          JSR      GETPARAMS
054F 39         663:          RTS
                664: 
  0550          665: ISCONSOLE         ;LDX              #ICONBLK
0550 CE03AC     666:          LDX      #ICONBLK
                667:          ;JSR     SYSCALL$
0553 BD00FB     668:          JSR      SYSCALL$
0556 2500       669:          BCS      ISCONSOLEORNOT
0558 39         670: ISCONSOLEORNOT    RTS
                671: 
                672: *




ASM/6800 1.3H4: 0559 ASMIODRIVER        - - - I/O Package for MAL/6800-6809   1.4 - - -
08/16/82 00:00:00; Page 44; Form 1      OLD I/O PACKAGE CALL SIMULATION
ASM14IODR.ASM
0559 8D03       673: CLEAREOFFLAG      BSR               GETEOFADDRESS CLEAR EOF FLAG
                674:          ;CLR     EOFTABLE&$FF,X
055B 6FB8       675:          CLR      EOFTABLE&$FF,X
055D 39         676:          RTS
                677: *
055E F703BD     678: GETEOFADDRESS     STAB              EOFADDRESS+1
                679:          ;LDX     EOFADDRESS
0561 FE03BC     680:          LDX      EOFADDRESS
0564 39         681:          RTS
                682: *
0565 FF0398     683: POSITION STX      POSITIONBLOCK+SCBLK:WRBUF
0568 8DEF       684:          BSR      CLEAREOFFLAG
                685:          ;CMPB    #3
056A C103       686:          CMPB     #3
056C 2706       687:          BEQ      POSITION1         B/ IF ITS CHANNEL 3 WE KNOW ITS A FILE.
056E 8D27       688:          BSR      GETTYPE           OTHERWISE, CHECK FILE TYPE,
                689:          ;CMPA    #DVTYP.FILE         AND IF IT'S NOT A FILE,
0570 8100       690:          CMPA     #DVTYP.FILE
0572 2617       691:          BNE      POSITIONRTS         B/ NOTHING TO DO.
  0574          692: POSITION1         EQU               *
                693:          ;LDX     #POSITIONBLOCK
0574 CE0394     694:          LDX      #POSITIONBLOCK
0577 E702       695:          STAB     CONTROL:CHANNEL,X
                696:          ;JSR     SYSCALLIO
0579 BD0636     697:          JSR      SYSCALLIO
057C 240D       698:          BCC      POSITIONRTS
057E F60396     699:          LDAB     POSITIONBLOCK+CONTROL:CHANNEL
0581 8C03E9     700: SETEOFFLAG        CPX               #ERR:EOFHIT
0584 265B       701:          BNE      IOERROR::         B/ I CAN'T HANDLE THIS
0586 8DD6       702:          BSR      GETEOFADDRESS
0588 0D         703:          SEC
0589 69B8       704:          ROL      EOFTABLE&$FF,X
058B 39         705: POSITIONRTS       RTS
                706: *
  058C          707: EXIT     ;LDX     #EXITBLOCK
058C CE039C     708:          LDX      #EXITBLOCK
                709:          ;JMP     SYSCALLIO         (CAN'T COME BACK)
058F 7E0636     710:          JMP      SYSCALLIO
                711: *
0592 8DCA       712: EOF$     BSR      GETEOFADDRESS




ASM/6800 1.3H4: 0594 ASMIODRIVER        - - - I/O Package for MAL/6800-6809   1.4 - - -
08/16/82 00:00:00; Page 45; Form 1      OLD I/O PACKAGE CALL SIMULATION
ASM14IODR.ASM
0594 A6B8       713:          LDAA     EOFTABLE&$FF,X
  0001          714:          IF       SDOSBINARY=1
0596 39         715:          RTS
                716: *
0597 8604       717: GETTYPE  LDAA     #SC:GETTYPE       LOAD COMMAND.
  0599          718: GETSTS   ;LDX     #STATUSBLOCK
0599 CE039E     719:          LDX      #STATUSBLOCK
059C E702       720:          STAB     STATUS:CHANNEL,X
059E 37         721:          PSHB                       SAVE CHANNEL #.
059F A703       722:          STAA     SCBLK:PARAMS+1,X
05A1 8D38       723:          BSR      CALLSYSCALLIO     SEND ALL ERRORS ELSEWHERE.
05A3 B603BE     724:          LDAA     BUFFER            LOAD DEVICE TYPE,
05A6 33         725:          PULB                         RESTORE CHANNEL #,
05A7 39         726:          RTS                          AND SPLIT.
                727: 
                728: 
                729: **** GETSIZE -- RETURNS NBPS FOR SPECIFIED CHANNEL, IN AB ****
  05A8          730: GETSIZE  EQU      *
05A8 8DED       731:          BSR      GETTYPE           GET DEVICE TYPE IN A.
                732:          ;LDX     #ASME.NOTFILE     PRESET ERROR CODE.
05AA CE0069     733:          LDX      #ASME.NOTFILE
                734:          ;CMPA    #DVTYP.FILE         ...DISK FILE?
05AD 8100       735:          CMPA     #DVTYP.FILE
05AF 2630       736:          BNE      IOERROR::           B/ NO:  REPORT ERROR.
                737: 
                738: **** DO GETPARAMS, RETURN FIRST TWO BYTES OF BUFFER IN AB ****
  05B1          739: GETPARAMS EQU     *
05B1 8605       740:          LDAA     #SC:GETPARAMS     LOAD FUNCTION CODE,
05B3 8DE4       741:          BSR      GETSTS              READ STATUS.
                742:          ;LDX     #BUFFER           RETURN POINTER TO BUFFER,
05B5 CE03BE     743:          LDX      #BUFFER
05B8 A600       744:          LDAA     DVDAT:NBPS,X        FIRST TWO BYTES.
05BA E601       745:          LDAB     DVDAT:NBPS+1,X      ....
                746:          FIN      SDOSBINARY=1
05BC 39         747: RESET    RTS
                748: *
  05BD          749: ERROR::  ;LDX     #ERREXIT          SAVE FOR POSSIBLE ABORT
05BD CE03AE     750:          LDX      #ERREXIT
05C0 A702       751:          STAA     SCBLK:PARAMS,X
05C2 E703       752:          STAB     SCBLK:PARAMS+1,X




ASM/6800 1.3H4: 05C2 ASMIODRIVER        - - - I/O Package for MAL/6800-6809   1.4 - - -
08/16/82 00:00:00; Page 46; Form 1      OLD I/O PACKAGE CALL SIMULATION
ASM14IODR.ASM
                753:          ;LDX     #SETERRBLOCK
05C4 CE03B2     754:          LDX      #SETERRBLOCK
05C7 A702       755:          STAA     SETERROR:CODE,X
05C9 E703       756:          STAB     SETERROR:CODE+1,X
                757:          ;JSR     ISCONSOLE         ARE WE IN A DO FILE??
05CB BD0550     758:          JSR      ISCONSOLE
05CE 251D       759:          BCS      CRAPOUT1          B/YES - ERROR EXIT
                760:          ;LDX     #SETERRBLOCK
05D0 CE03B2     761:          LDX      #SETERRBLOCK
                762:          ;JSR     SYSCALLIO
05D3 BD0636     763:          JSR      SYSCALLIO
05D6 2509       764:          BCS      IOERROR::         B/ ERROR
                765:          ;LDX     #DISPERRBLOCK
05D8 CE03B6     766:          LDX      #DISPERRBLOCK
  05DB          767: CALLSYSCALLIO     ;JSR              SYSCALLIO
05DB BD0636     768:          JSR      SYSCALLIO
05DE 2501       769:          BCS      IOERROR::
05E0 39         770:          RTS
                771: 
  05E1          772: IOERROR::         EQU               *
05E1 DF00       773:          STX      TEMPX             LOAD ERROR
05E3 9600       774:          LDAA     TEMPX              CODE IN
05E5 D601       775:          LDAB     TEMPX+1             A & B REGS
                776:          ;JMP     IOERR             GO TO FLAMOUT ROUTINE
05E7 7E0103     777:          JMP      IOERR
                778: 
05EA FF03B0     779: CRAPOUT  STX      ERREXIT+SCBLK:PARAMS     SAVE ERROR CODE
  05ED          780: CRAPOUT1 ;LDX     #ERREXIT
05ED CE03AE     781:          LDX      #ERREXIT
                782:          ;JSR     SYSCALL$
05F0 BD00FB     783:          JSR      SYSCALL$




ASM/6800 1.3H4: 05F0 ASMIODRIVER        - - - I/O Package for MAL/6800-6809   1.4 - - -
08/16/82 00:00:00; Page 47; Form 1      OLD I/O PACKAGE CALL SIMULATION
ASM14IODR.ASM
                785: *
                786: *  READ CLOCK INTO DATE$BUF.  SET CARRY & EXIT IF PROBLEMS.
                787: *
  05F3          788: CLOCKGET ;LDX     #OPENCLK          START ISSUING SYSCALLS
05F3 CE0330     789:          LDX      #OPENCLK
05F6 8D08       790:          BSR      SYSCALL$1           LIKE CRAZY, USING SDOS'S
                791:          ;LDX     #READCLK            WONDER RETURN CONVENTION TO GET US
05F8 CE033E     792:          LDX      #READCLK
05FB 8D03       793:          BSR      SYSCALL$1           OUT OF HERE IF WE HAVE PROBLEMS.
                794:          ;LDX     #CLOSECLK
05FD CE034C     795:          LDX      #CLOSECLK
  0600          796: SYSCALL$1         ;JMP              SYSCALL$
0600 7E00FB     797:          JMP      SYSCALL$
                798: 
                799: 
                800: **** READ THE DATE *****
0603 8DEE       801: DATE     BSR      CLOCKGET          READ THE CLOCK; THE BCS **MUST** FOLLOW;
0605 2505       802:          BCS      DATERR              B/ COULDN'T DO IT.
                803:          ;LDX     #DATE$BUF+9       POINT TO THE DATE PORTION OF THE MESSAGE,
0607 CE0314     804:          LDX      #DATE$BUF+9
060A 2003       805:          BRA      DATETIME            AND JOIN THE COMMON FLOW.
                806: 
  060C          807: DATERR   ;LDX     #DUMDATE          LOAD DUMMY DATE FOR ERRORS,
060C CE0618     808:          LDX      #DUMDATE
                809: 
060F 8608       810: DATETIME LDAA     #8                LOAD USUAL COUNT
0611 39         811:          RTS                          AND GO AWAY.
                812: 
                813: **** DUMMY DATE/TIME BUFFERS *****
0612 434C4F43   814: CLOCKNAME         FCC               "CLOCK:"
0618 2A2A4441   815: DUMDATE  FCC      "**DATE**"
0620 2A2A5449   816: DUMTIME  FCC      "**TIME**"
                817: 
                818: 
                819: 
                820: **** READ THE TIME *****
0628 8DC9       821: TIME     BSR      CLOCKGET          READ THE CLOCK.
062A 2505       822:          BCS      TIMERR              B/ NOPE.
                823:          ;LDX     #DATE$BUF         POINT TO THE TIME PORTION OF THE NONSENSE,
062C CE030B     824:          LDX      #DATE$BUF




ASM/6800 1.3H4: 062F ASMIODRIVER        - - - I/O Package for MAL/6800-6809   1.4 - - -
08/16/82 00:00:00; Page 48; Form 1      OLD I/O PACKAGE CALL SIMULATION
ASM14IODR.ASM
062F 20DE       825:          BRA      DATETIME            AND GO ALONG HOME.
                826: 
  0631          827: TIMERR   ;LDX     #DUMTIME          LOAD DUMMY TIME IF ERRORS,
0631 CE0620     828:          LDX      #DUMTIME
0634 20D9       829:          BRA      DATETIME            AND RETURN.




ASM/6800 1.3H4: 0634 ASMIODRIVER        - - - I/O Package for MAL/6800-6809   1.4 - - -
08/16/82 00:00:00; Page 49; Form 1      OLD I/O PACKAGE CALL SIMULATION
ASM14IODR.ASM
  0000          831:          IFUND    DEBUG
                832:          ELSE
  0636          833: DEBUGSYSCALL      EQU               *
                834:          ;JSR     SYSCALL$
0636 BD00FB     835:          JSR      SYSCALL$
0639 2501       836:          BCS      DEBUGTRAP
063B 39         837: DEBUGRTS RTS
  063C          838: DEBUGTRAP         ;JMP              DEBUGRTS
063C 7E063B     839:          JMP      DEBUGRTS
                840:          FIN
                841:          END




ASM/6800 1.3H4: 063C ASMIODRIVER        - - - I/O Package for MAL/6800-6809   1.4 - - -
08/16/82 00:00:00; Page 50; Form 1      Symbols Sorted by Name
ASM14IODR.ASM
Symbols Sorted by Name:

*ASCII:ACK/0006 *ASCII:BEL/0007 *ASCII:BS/0008  *ASCII:CAN/0018 *ASCII:CR/000D  *ASCII:DC1/0011
*ASCII:DC2/0012 *ASCII:DC3/0013 *ASCII:DC4/0014 *ASCII:DLE/0010 *ASCII:EM/0019  *ASCII:ENQ/0005
*ASCII:EOT/0004 *ASCII:ESC/001B *ASCII:ETB/0017 *ASCII:ETX/0003 *ASCII:FF/000C  *ASCII:FS/001C
*ASCII:GS/001D  *ASCII:HT/0009  *ASCII:LF/000A  *ASCII:MASK/007F                *ASCII:NAK/0015
*ASCII:NULL/0000                *ASCII:RS/001E  *ASCII:RUBOUT/007F              *ASCII:SI/000F
*ASCII:SO/000E  *ASCII:SOH/0001 *ASCII:SPACE/0020               *ASCII:STX/0002 *ASCII:SUB/001A
*ASCII:SYN/0016 *ASCII:US/001F  *ASCII:VT/000B   ASME.NOTFILE/0069              *ATTNCHECK:SCLEN/0002
*BELL/0007      *BLANK/0020     *BOOT:CHECKSUM/001F             *BOOT:CREATIONDATE/0018
*BOOT:DIRLSN/001B               *BOOT:DISKID/0020                BOOT:DISKIDSIZE/0020
 BOOT:DISKINFO/0010              BOOT:DISKINFOLEN/0010          *BOOT:FILESYSTEMVERSION/0010
*BOOT:IPLDATA/0000              *BOOT:MAPALGORITHM/0016         *BOOT:MIDALLOC/0014
*BOOT:MINALLOC/0012             *BOOT:NSPC/0011 *BOOT:SIZE/0040  BUFFER/03BE    *BUFFERPOINTER/0002
 CALLSYSCALLIO/05DB              CALLSYSCALLIOJ/041B            *CC:ACTIVATIONCK/001D
*CC:ALTERPROFILE/0019           *CC:BACKGROUND/0021             *CC:CLRINPUT/0015
*CC:CLROUTPUT/0016              *CC:COLORING/0020                CC:DEVICESPECIFICOP/0010
*CC:DISMOUNTDISK/0011           *CC:DUMPBUFFERS/0001            *CC:ECHO/0010   *CC:FORMAT/0015
*CC:IDLES/0012  *CC:KILLENABLE/0023             *CC:KILLPROOF/0022              *CC:MULTISECTORREAD/0013
*CC:MULTISECTORWRITE/0014       *CC:NOECHO/0011 *CC:NOWRAP/001F  CC:POSITION/0000
*CC:POSITIONTOEND/0013          *CC:SETACTBLOCK/0014            *CC:SETBAUDRATE/0025
*CC:SETFIELDSIZE/001B           *CC:SETFILEDATE/0010            *CC:SETFILEPROT/0011
*CC:SETFILESIZE/0012            *CC:SETINPUTTRANSLATION/0026    *CC:SETMAPALGORITHM/0012
*CC:SETOUTPUTTIMEOUT/0024       *CC:SETPARAMS/001C              *CC:SETPROFILE/0018
*CC:SETREADTIMEOUT/0017         *CC:TABS/0013   *CC:UNLOCKDISK/0010             *CC:WAITDONE/0016
*CC:WRAP/001E   *CC:WRITEEDITLINE/001A          *CCB.LENGTH/0006                 CCB:BBP/0000
 CCB:CBL/0005    CCB:CBP/0003    CCB:MBL/0002    CH2$BUF/0213    CH2$BUF.LEN/0080
 CH2$CCB/031C   *CHAIN:LENGTH/0006              *CHAIN:NAMEP/0004               *CHAIN:SCLEN/000E
 CHANGED/0000    CKBUFWRITE/043C                *CKBUFWRITEX/0441                CLEAREOFFLAG/0559
 CLOCK$CHANNEL/0007              CLOCKGET/05F3   CLOCKNAME/0612  CLOSE/0404      CLOSE$1/040D
 CLOSE$2/0417    CLOSE$FAIL/0418                 CLOSE:CHANNEL/0002              CLOSE:SCLEN/0003
 CLOSEBLOCK/035D                 CLOSECLK/034C  *CLOSELOG:SCLEN/0002             CONTROL:CHANNEL/0002
*CONTROL:CODE/0003              *CONTROL:DATA/0000              *CONTROL:DATEDAY/0003
*CONTROL:DATEMONTH/0004         *CONTROL:DATETICKS/0000         *CONTROL:DATEYEAR/0005
*CONTROL:DIST/0000              *CONTROL:MAPALGORITHM/0000      *CONTROL:PROT/0000
*CONTROL:SCLEN/0004             *CONTROLB/0002  *CONTROLC/0003  *CONTROLD/0004   CONTROLG/0007
*CONTROLH/0008  *CONTROLP/0010  *CONTROLR/0012  *CONTROLT/0014   CONTROLV/0016  *CONTROLX/0018
*CONTROLZ/001A  *COUNT/0004      CR/000D         CRAPOUT/05EA    CRAPOUT1/05ED   CREATE/03F9
*CREATE:CHANNEL/0002             CREATE:FILESIZE/000E           *CREATE:FILESIZESCLEN/0012
*CREATE:LENGTH/0006              CREATE:NAMEP/0004               CREATE:SCLEN/000E




ASM/6800 1.3H4: 063C ASMIODRIVER        - - - I/O Package for MAL/6800-6809   1.4 - - -
08/16/82 00:00:00; Page 51; Form 1      Symbols Sorted by Name
ASM14IODR.ASM
 CREATEBLOCK/034F               *CREATELOG:LENGTH/0006          *CREATELOG:NAMEP/0004
*CREATELOG:SCLEN/000E            DATE/0603       DATE$BUF/030B   DATERR/060C     DATETIME/060F
*DEBUG/0001     *DEBUG:SCLEN/0002                DEBUGRTS/063B   DEBUGSYSCALL/0636
 DEBUGTRAP/063C *DELAY:PERIOD/0002              *DELAY:SCLEN/0004               *DELETE:LENGTH/0006
*DELETE:NAMEP/0004              *DELETE:SCLEN/000E              *DIR:DAY/001A   *DIR:ENTRYSIZE/0020
 DIR:FCBDATA/0010               *DIR:FCBDATASIZE/000E           *DIR:FILENAME/0000
*DIR:FILESIZE/0015              *DIR:HCSIC/0012 *DIR:HLCN/0010  *DIR:MONTH/001B  DIR:NAMESIZE/0010
*DIR:NCLUSTERS/0013             *DIR:PROTECTION/0019            *DIR:VERSION/001D
*DIR:YEAR/001C  *DISKDEFAULT:LENGTH/0006        *DISKDEFAULT:NAMEP/0004         *DISKDEFAULT:SCLEN/000E
*DISKMAP:BYTE/0000               DISPERRBLOCK/03B6               DISPERROR:SCLEN/0002
 DUMDATE/0618   *DUMMYLCN/FFFF   DUMTIME/0620   *DVDAT:DEPTH/0001                DVDAT:NBPS/0000
*DVDAT:NCYL/0006                *DVDAT:NSPC/0002                *DVDAT:NSPT/0002
*DVDAT:NTPC/0004                *DVDAT:WIDTH/0000               *DVTYP.CLOCK/000B
 DVTYP.CONSOLE/0004             *DVTYP.DISK/0001                *DVTYP.DTAPE/0003
*DVTYP.DUMMY/000A                DVTYP.FILE/0000                *DVTYP.PARIN/0009
*DVTYP.PAROUT/0008               DVTYP.PRINTER/0005             *DVTYP.SERIALIN/0007
*DVTYP.SERIALOUT/0006           *DVTYP.STAPE/0002               *DVTYP:TYPE/0000
*EDITDATE/1212  *EOF/001C        EOF$/0592       EOFADDRESS/03BC                 EOFTABLE/03B8
*EOR/001E       *ERR:ABNORMALSTOP/0068           ERR:ACTIVATIONNOTINBUFFER/0773
*ERR:ACTIVATIONRECEIVED/0775    *ERR:ALLOC0CLUSTERS/042B        *ERR:ALREADYLOCKED/04B8
*ERR:ATTENTION/0001             *ERR:BADCMDFORMAT/0066          *ERR:BADFIELDWIDTH/0774
*ERR:BADFILENAME/03FF           *ERR:BADFILEVERSION/0405        *ERR:BADFNAMESIZE/03F5
*ERR:BADLOADRECORD/040C         *ERR:BADPOSITION/03EC           *ERR:BADREADBUF/04B0
*ERR:BADWRITEBUF/04B1           *ERR:BOOTCKSUMFAIL/03E8         *ERR:BRANCHFACTORSIZE/0435
*ERR:BUSYFORANOTHERPROCESS/0772 *ERR:CANTGOTO/0067              *ERR:CANTOPENMUSTCREATE/03FD
*ERR:CAPABILITYFAILURE/04C2      ERR:CHBUSY/0407                *ERR:CHTOOBIG/0406
*ERR:CLOSED/0408                *ERR:CLUSTERSIZELIMITSFILE/041C *ERR:DECRYPTIONKEYSDONTMATCH/0437
*ERR:DEVICEERRORED/0421         *ERR:DEVICENOTREADY/0424        *ERR:DEVICETIMEDOUT/0412
*ERR:DIRECTORYDAMAGED/040F      *ERR:DISKMOUNTED/03FC           *ERR:DISKREAD/0415
*ERR:DISKSEEK/0417              *ERR:DISKWRITE/0416             *ERR:DISKWRITELOCKED/0419
*ERR:DSKWRTPROT/0418            *ERR:DUPLICATEKEY/0434          *ERR:ENDOFMEDIUM/042F
 ERR:EOFHIT/03E9                *ERR:FATALCOMPILE/0064          *ERR:FILEALREADYDELETED/042C
*ERR:FILEINCREATE/03FB          *ERR:FILEISOPEN/03EA            *ERR:FILENOTFOUND/03F3
*ERR:FILEWRTPROT/03F2           *ERR:HCSICTOOSMALL/0401         *ERR:IBUFOVERFLOW/0410
*ERR:ILLDEVICEOP/040A           *ERR:ILLEGALINTERLOCKFUNCTION/04BE
*ERR:ILLEGALJOBCONTROL/04C1     *ERR:ILLEGALLCN/03F4            *ERR:ILLEGALSYSCALL/0409
*ERR:ILLFILESIZE/0400           *ERR:ILLLSN/040E                *ERR:IMPLEMENTATIONLIMITREACHED/04BD
*ERR:INPUTTIMEOUT/042E          *ERR:IOINPROGRESS/0771          *ERR:JOBCOMPLETED/04C4
*ERR:JOBKILLED/04C3             *ERR:LCNWASNTALLOCATED/03F8     *ERR:LOCKRESET/04BC
*ERR:MEMORYMGMTFAIL/04BF        *ERR:MTBADCONFIG/04B7           *ERR:MTNOROOM/04B6




ASM/6800 1.3H4: 063C ASMIODRIVER        - - - I/O Package for MAL/6800-6809   1.4 - - -
08/16/82 00:00:00; Page 52; Form 1      Symbols Sorted by Name
ASM14IODR.ASM
*ERR:MUSTBEDISK/0422            *ERR:NBPCTOOBIG/03ED            *ERR:NEWFILEEXISTS/03F6
*ERR:NLSNGE224/041B             *ERR:NODEBUGGER/03EB            *ERR:NODEFAULTPROGRAM/03F0
*ERR:NODISKMAP/03EE             *ERR:NODISKSPACE/03F7           *ERR:NOERRORMSGS/03FE
*ERR:NOFREEFCBS/03F9            *ERR:NOMATCHFCB/03EF            *ERR:NOMOREJOBS/04C0
*ERR:NONE/0000  *ERR:NOSUCHDEVICE/0420          *ERR:NOSUCHKEY/0433             *ERR:NOSUCHLUN/0426
*ERR:NOSUCHOBJECT/04B9          *ERR:NOSUCHPROGRAM/0428         *ERR:NOTALOADFILE/0404
*ERR:NOTENOUGHCHANNELS/04B4     *ERR:NOTENOUGHPOOL/0402         *ERR:NOTENOUGHROOM/040D
*ERR:NOTENUFMEM/0069            *ERR:NOTIMEOUTBLKS/0431         *ERR:NOTLOCKED/04BA
*ERR:NOTOPENTOCONSOLE/0423      *ERR:NOTUNDERTIMESHARE/04B5     *ERR:OBJECTDESTROYED/04BB
*ERR:OLDFILEEXISTS/0429         *ERR:PRINTERNOTREADY/042D       *ERR:PROFILENOTFOUND/0777
*ERR:PROFILENOTMALLEABLE/0778   *ERR:PROGRAMKILLED/0411         *ERR:PWRFAILDISKF/0403
*ERR:RDBUFTOOBIG/04B2           *ERR:RDBUFTOOSMALL/041E         *ERR:RENAMEDEVICE/040B
*ERR:SDOSCKSUM/041A             *ERR:SDOSNOTREGISTERED/0436     *ERR:SECTORSIZE2/0413
*ERR:SELFTESTCKSUM/0430         *ERR:SERIALNOWRONG/0432         *ERR:SYSCALLTOOSHORT/041D
*ERR:SYSTEMCROAKED/0414         *ERR:TIMEDINPUTEXPIRED/0776     *ERR:TIMENOTSET/0425
*ERR:WARNINGCOMPILE/0065        *ERR:WRBUFTOOBIG/04B3           *ERR:WRBUFTOOSMALL/041F
*ERR:WRONGDISKTYPE/076E         *ERR:WRONGFILESYSTEM/03FA       *ERR:ZEROSTARTADDRESS/0427
 ERREXIT/03AE    ERROR::/05BD   *ERROREXIT:CODE/0002            *ERROREXIT:SCLEN/0004
*ESCAPE/001B     EXIT/058C       EXIT:SCLEN/0002                 EXITBLOCK/039C *FILESYSTEMVERSION/0010
 GETEOFADDRESS/055E             *GETERROR:ACTUALCOUNT/0008      *GETERROR:BUFFERP/000A
*GETERROR:MAXCOUNT/000C         *GETERROR:SCLEN/000E             GETPARAMS/05B1  GETPOS/0506
 GETPOS1/0517    GETPOS2/0520   *GETSERIALNUMBER:ACTUALCOUNT/0008
*GETSERIALNUMBER:BUFFERP/000A   *GETSERIALNUMBER:MAXCOUNT/000C  *GETSERIALNUMBER:SCLEN/000E
 GETSIZE/05A8    GETSTS/0599     GETTYPE/0597    GETWD/0538      GETWD1/0546    *HEADER:LCN/0000
*IC:CREATE/0000 *IC:DESTROY/0001                *IC:LOCK/0003   *IC:RELEASE/0004
*IC:RESET/0002  *IC:TEST/0005    ICONBLK/03AC    IGNORED/0000   *INTERLOCK:BUFFERP/0004
*INTERLOCK:COUNT/0006           *INTERLOCK:FUNCTION/0002        *INTERLOCK:SCLEN/0008
 IOERR/0103      IOERROR::/05E1  IOERROR::J/0496                 ISCONSOLE/0550 *ISCONSOLE:SCLEN/0002
 ISCONSOLEORNOT/0558            *JC:CREATE/0000 *JC:DESTROY/0002                *JC:TESTDONE/0001
*JOBCONTROL:ACTUALCOUNT/0008    *JOBCONTROL:BUFFERP/0004        *JOBCONTROL:COUNT/0006
*JOBCONTROL:FUNCTION/0002       *JOBCONTROL:MAXCOUNT/000C       *JOBCONTROL:SCLEN/0008
*KILLENABLE:SCLEN/0002          *KILLPROOF:SCLEN/0002            LCN:SIZE/0002  *LF/000A
*LOAD:ENCRYPTED/0005            *LOAD:LENGTH/0006               *LOAD:NAMEP/0004
*LOAD:SCLEN/000E                *LOAD:TYPE0/0000                *LOAD:TYPE1/0001
*LOAD:TYPE2/0002                *LOAD:TYPE3/0003                *LOGCHANNEL/00FF
 LSN:SIZE/0003  *M6800/0001     *M6801/0000     *M6809/0000      NIOCHANNELS/0004
*NMBPB/0008      NOPRTS/0441    *NULL/0000       OPEN/03C4       OPEN1/03CD      OPEN2/03E1
 OPEN:CHANNEL/0002               OPEN:LENGTH/0006                OPEN:NAMEP/0004
 OPEN:SCLEN/000E                 OPENBLOCK/0322  OPENCLK/0330   *POINTER1/0000  *POINTER2/0002
 POSITION/0565   POSITION1/0574  POSITIONBLOCK/0394              POSITIONRTS/058B




ASM/6800 1.3H4: 063C ASMIODRIVER        - - - I/O Package for MAL/6800-6809   1.4 - - -
08/16/82 00:00:00; Page 53; Form 1      Symbols Sorted by Name
ASM14IODR.ASM
*PROT::BACKUP/0001              *PROT::WRITE/0040                READA/041E      READA$/0442
 READA$0/0447    READA$1/0455    READA$2/0470    READA$BLOCK/036E                READA$BUF/0293
 READA$BUF.LEN/0078             *READA:ACTUALCOUNT/0008         *READA:BUFFERP/000A
 READA:CHANNEL/0002             *READA:LMFLAG/0003              *READA:MAXCOUNT/000C
 READA:SCLEN/000E                READABLOCK/0360                *READAHEADRDSIMIN/0003
*READB:ACTUALCOUNT/0008         *READB:BUFFERP/000A             *READB:CHANNEL/0002
*READB:MAXCOUNT/000C            *READB:SCLEN/000E                READCLK/033E   *READLUNNAME:SCLEN/000E
 READRTS/0438   *RENAME:CHANNEL/0002            *RENAME:LENGTH/0006             *RENAME:NAMEP/0004
*RENAME:SCLEN/000E               RESET/05BC     *RUBOUT/007F     RW:POSITION/000E
*RWPOSITION:SCLEN/0012           SC:DEVICESPECIFICOP/0010       *SC:GETACTCOL/0011
*SC:GETBACKGROUND/001A          *SC:GETBAUDRATE/0014            *SC:GETCOL/0001 *SC:GETCOLORING/0019
*SC:GETEOF/0002 *SC:GETERRORSTATS/0011          *SC:GETFILEDATE/0010            *SC:GETFILEPROT/0011
*SC:GETFILESIZE/0003            *SC:GETIDLES/0017               *SC:GETLASTBADLSN/0010
*SC:GETLINEFLAGS/002C           *SC:GETOUTPUTTIMEOUT/0013        SC:GETPARAMS/0005
 SC:GETPOS/0000 *SC:GETPROFILE/0010             *SC:GETPROFILEALTERATION/0012   *SC:GETPROFILENAME/001B
*SC:GETTABS/0016                 SC:GETTYPE/0004                *SC:GETWRAP/0018
 SCBLK:DATA/000E                *SCBLK:END/000E *SCBLK:OPCODE/0000               SCBLK:PARAMS/0002
 SCBLK:RDBUF/000A                SCBLK:RDLEN/000C                SCBLK:RPLEN/0008
*SCBLK:WLEN/0001                 SCBLK:WRBUF/0004                SCBLK:WRLEN/0006
 SDOSBINARY/0001                *SDOSVERSION/0011               *SECTOR:BYTE/0000
*SERIALNUMBER:SIZE/0008          SETEOFFLAG/0581                 SETEOFFLAG1/0474
 SETERRBLOCK/03B2                SETERROR:CODE/0002              SETERROR:SCLEN/0004
*SINGLESTEP/0016                 STACK/0212      STACKM:/015E   *STATUS:ACTUALCOUNT/0008
*STATUS:BUFFERP/000A             STATUS:CHANNEL/0002            *STATUS:CODE/0003
*STATUS:COLUMN/0000             *STATUS:DATA/0000               *STATUS:DATEDAY/0003
*STATUS:DATEMONTH/0004          *STATUS:DATETICKS/0000          *STATUS:DATEYEAR/0005
*STATUS:DEVTYPE/0000            *STATUS:DIST/0000               *STATUS:EOFFLAG/0000
*STATUS:ERRLSN/000F             *STATUS:FILESIZE/0000           *STATUS:LASTBADLSN/0000
*STATUS:MAXCOUNT/000C           *STATUS:NBPS/0000               *STATUS:NCYL/0006
*STATUS:NSPC/0002               *STATUS:NSPT/0002               *STATUS:NTPC/0004
*STATUS:OPSCOUNT/000C           *STATUS:PROT/0000               *STATUS:READERRCNT/0008
*STATUS:READERRSTS/000A          STATUS:SCLEN/000E              *STATUS:SEEKERRCNT/0000
*STATUS:SEEKERRSTS/0002         *STATUS:WRITEERRCNT/0004        *STATUS:WRITEERRSTS/0006
 STATUSBLOCK/039E                SYSCALL$/00FB   SYSCALL$1/0600 *SYSCALL:ATTNCHECK/0019
*SYSCALL:CHAIN/0006              SYSCALL:CLOSE/0002             *SYSCALL:CLOSELOG/0008
 SYSCALL:CONTROL/000E            SYSCALL:CREATE/0001            *SYSCALL:CREATELOG/0007
*SYSCALL:DEBUG/0018             *SYSCALL:DELAY/001C             *SYSCALL:DELETE/0004
*SYSCALL:DISKDEFAULT/0009        SYSCALL:DISPERROR/0015          SYSCALL:ERROREXIT/0012
 SYSCALL:EXIT/0011              *SYSCALL:GETERROR/0014          *SYSCALL:GETSERIALNUMBER/001E
*SYSCALL:INTERLOCK/001B          SYSCALL:ISCONSOLE/001A         *SYSCALL:JOBCONTROL/001F




ASM/6800 1.3H4: 063C ASMIODRIVER        - - - I/O Package for MAL/6800-6809   1.4 - - -
08/16/82 00:00:00; Page 54; Form 1      Symbols Sorted by Name
ASM14IODR.ASM
*SYSCALL:KILLENABLE/0017        *SYSCALL:KILLPROOF/0016         *SYSCALL:LOAD/0005
 SYSCALL:OPEN/0000               SYSCALL:READA/000A             *SYSCALL:READB/000B
*SYSCALL:READLUN/001D           *SYSCALL:RENAME/0003             SYSCALL:SETERROR/0013
 SYSCALL:STATUS/000F            *SYSCALL:WAITDONE/0010           SYSCALL:WRITEA/000C
 SYSCALL:WRITEB/000D             SYSCALLIO/0636 *SYSCHANNEL/00FE                *TAB/0009
*TEMP/0000      *TEMPA/0000     *TEMPB/0001      TEMPX/0000      TIME/0628       TIMERR/0631
*UPARROW/005E   *WAITDONE:CHANNEL/0002          *WAITDONE:SCLEN/0003             WRITEA/0477
 WRITEA$/049F    WRITEA$BLK/037C                 WRITEA$FAIL/04AB                WRITEA$FLUSH/04BC
 WRITEA$FLUSH1/04D8              WRITEA$FLX/04E9                 WRITEA$OK/04AF  WRITEA$OK1/04B7
 WRITEA$XSV/03C2                 WRITEA1/0499   *WRITEA:BUFFERP/0004             WRITEA:CHANNEL/0002
*WRITEA:COUNT/0006               WRITEA:SCLEN/0008               WRITEABLOCK/0384
 WRITEB/04F1     WRITEB1/04EC   *WRITEB:BUFFERP/0004             WRITEB:CHANNEL/0002
*WRITEB:COUNT/0006               WRITEB:SCLEN/0008               WRITEBBLOCK/038C
 WSETEOFFLAG/048B               *XOFF/0013      *XON/0011




ASM/6800 1.3H4: 063C ASMIODRIVER        - - - I/O Package for MAL/6800-6809   1.4 - - -
08/16/82 00:00:00; Page 55; Form 1      Symbols Sorted by Value
ASM14IODR.ASM
Symbols Sorted by Value:

*ASCII:NULL/0000                *BOOT:IPLDATA/0000               CC:POSITION/0000
 CCB:BBP/0000    CHANGED/0000   *CONTROL:DATA/0000              *CONTROL:DATETICKS/0000
*CONTROL:DIST/0000              *CONTROL:MAPALGORITHM/0000      *CONTROL:PROT/0000
*DIR:FILENAME/0000              *DISKMAP:BYTE/0000               DVDAT:NBPS/0000
*DVDAT:WIDTH/0000                DVTYP.FILE/0000                *DVTYP:TYPE/0000
*ERR:NONE/0000  *HEADER:LCN/0000                *IC:CREATE/0000  IGNORED/0000   *JC:CREATE/0000
*LOAD:TYPE0/0000                *M6801/0000     *M6809/0000     *NULL/0000      *POINTER1/0000
 SC:GETPOS/0000 *SCBLK:OPCODE/0000              *SECTOR:BYTE/0000               *STATUS:COLUMN/0000
*STATUS:DATA/0000               *STATUS:DATETICKS/0000          *STATUS:DEVTYPE/0000
*STATUS:DIST/0000               *STATUS:EOFFLAG/0000            *STATUS:FILESIZE/0000
*STATUS:LASTBADLSN/0000         *STATUS:NBPS/0000               *STATUS:PROT/0000
*STATUS:SEEKERRCNT/0000          SYSCALL:OPEN/0000              *TEMP/0000      *TEMPA/0000
 TEMPX/0000     *ASCII:SOH/0001 *CC:DUMPBUFFERS/0001            *DEBUG/0001     *DVDAT:DEPTH/0001
*DVTYP.DISK/0001                *ERR:ATTENTION/0001             *IC:DESTROY/0001
*JC:TESTDONE/0001               *LOAD:TYPE1/0001                *M6800/0001     *PROT::BACKUP/0001
*SC:GETCOL/0001 *SCBLK:WLEN/0001                 SDOSBINARY/0001                 SYSCALL:CREATE/0001
*TEMPB/0001     *ASCII:STX/0002 *ATTNCHECK:SCLEN/0002           *BUFFERPOINTER/0002
 CCB:MBL/0002    CLOSE:CHANNEL/0002             *CLOSELOG:SCLEN/0002             CONTROL:CHANNEL/0002
*CONTROLB/0002  *CREATE:CHANNEL/0002            *DEBUG:SCLEN/0002               *DELAY:PERIOD/0002
 DISPERROR:SCLEN/0002           *DVDAT:NSPC/0002                *DVDAT:NSPT/0002
*DVTYP.STAPE/0002               *ERROREXIT:CODE/0002             EXIT:SCLEN/0002
*IC:RESET/0002  *INTERLOCK:FUNCTION/0002        *ISCONSOLE:SCLEN/0002           *JC:DESTROY/0002
*JOBCONTROL:FUNCTION/0002       *KILLENABLE:SCLEN/0002          *KILLPROOF:SCLEN/0002
 LCN:SIZE/0002  *LOAD:TYPE2/0002                 OPEN:CHANNEL/0002              *POINTER2/0002
 READA:CHANNEL/0002             *READB:CHANNEL/0002             *RENAME:CHANNEL/0002
*SC:GETEOF/0002  SCBLK:PARAMS/0002               SETERROR:CODE/0002              STATUS:CHANNEL/0002
*STATUS:NSPC/0002               *STATUS:NSPT/0002               *STATUS:SEEKERRSTS/0002
 SYSCALL:CLOSE/0002             *WAITDONE:CHANNEL/0002           WRITEA:CHANNEL/0002
 WRITEB:CHANNEL/0002            *ASCII:ETX/0003  CCB:CBP/0003    CLOSE:SCLEN/0003
*CONTROL:CODE/0003              *CONTROL:DATEDAY/0003           *CONTROLC/0003  *DVTYP.DTAPE/0003
*IC:LOCK/0003   *LOAD:TYPE3/0003                 LSN:SIZE/0003  *READA:LMFLAG/0003
*READAHEADRDSIMIN/0003          *SC:GETFILESIZE/0003            *STATUS:CODE/0003
*STATUS:DATEDAY/0003            *SYSCALL:RENAME/0003            *WAITDONE:SCLEN/0003
*ASCII:EOT/0004 *CHAIN:NAMEP/0004               *CONTROL:DATEMONTH/0004         *CONTROL:SCLEN/0004
*CONTROLD/0004  *COUNT/0004      CREATE:NAMEP/0004              *CREATELOG:NAMEP/0004
*DELAY:SCLEN/0004               *DELETE:NAMEP/0004              *DISKDEFAULT:NAMEP/0004
*DVDAT:NTPC/0004                 DVTYP.CONSOLE/0004             *ERROREXIT:SCLEN/0004
*IC:RELEASE/0004                *INTERLOCK:BUFFERP/0004         *JOBCONTROL:BUFFERP/0004




ASM/6800 1.3H4: 063C ASMIODRIVER        - - - I/O Package for MAL/6800-6809   1.4 - - -
08/16/82 00:00:00; Page 56; Form 1      Symbols Sorted by Value
ASM14IODR.ASM
*LOAD:NAMEP/0004                 NIOCHANNELS/0004                OPEN:NAMEP/0004
*RENAME:NAMEP/0004               SC:GETTYPE/0004                 SCBLK:WRBUF/0004
 SETERROR:SCLEN/0004            *STATUS:DATEMONTH/0004          *STATUS:NTPC/0004
*STATUS:WRITEERRCNT/0004        *SYSCALL:DELETE/0004            *WRITEA:BUFFERP/0004
*WRITEB:BUFFERP/0004            *ASCII:ENQ/0005  CCB:CBL/0005   *CONTROL:DATEYEAR/0005
 DVTYP.PRINTER/0005             *IC:TEST/0005   *LOAD:ENCRYPTED/0005             SC:GETPARAMS/0005
*STATUS:DATEYEAR/0005           *SYSCALL:LOAD/0005              *ASCII:ACK/0006 *CCB.LENGTH/0006
*CHAIN:LENGTH/0006              *CREATE:LENGTH/0006             *CREATELOG:LENGTH/0006
*DELETE:LENGTH/0006             *DISKDEFAULT:LENGTH/0006        *DVDAT:NCYL/0006
*DVTYP.SERIALOUT/0006           *INTERLOCK:COUNT/0006           *JOBCONTROL:COUNT/0006
*LOAD:LENGTH/0006                OPEN:LENGTH/0006               *RENAME:LENGTH/0006
 SCBLK:WRLEN/0006               *STATUS:NCYL/0006               *STATUS:WRITEERRSTS/0006
*SYSCALL:CHAIN/0006             *WRITEA:COUNT/0006              *WRITEB:COUNT/0006
*ASCII:BEL/0007 *BELL/0007       CLOCK$CHANNEL/0007              CONTROLG/0007  *DVTYP.SERIALIN/0007
*SYSCALL:CREATELOG/0007         *ASCII:BS/0008  *CONTROLH/0008  *DVTYP.PAROUT/0008
*GETERROR:ACTUALCOUNT/0008      *GETSERIALNUMBER:ACTUALCOUNT/0008               *INTERLOCK:SCLEN/0008
*JOBCONTROL:ACTUALCOUNT/0008    *JOBCONTROL:SCLEN/0008          *NMBPB/0008     *READA:ACTUALCOUNT/0008
*READB:ACTUALCOUNT/0008          SCBLK:RPLEN/0008               *SERIALNUMBER:SIZE/0008
*STATUS:ACTUALCOUNT/0008        *STATUS:READERRCNT/0008         *SYSCALL:CLOSELOG/0008
 WRITEA:SCLEN/0008               WRITEB:SCLEN/0008              *ASCII:HT/0009  *DVTYP.PARIN/0009
*SYSCALL:DISKDEFAULT/0009       *TAB/0009       *ASCII:LF/000A  *DVTYP.DUMMY/000A
*GETERROR:BUFFERP/000A          *GETSERIALNUMBER:BUFFERP/000A   *LF/000A        *READA:BUFFERP/000A
*READB:BUFFERP/000A              SCBLK:RDBUF/000A               *STATUS:BUFFERP/000A
*STATUS:READERRSTS/000A          SYSCALL:READA/000A             *ASCII:VT/000B  *DVTYP.CLOCK/000B
*SYSCALL:READB/000B             *ASCII:FF/000C  *GETERROR:MAXCOUNT/000C
*GETSERIALNUMBER:MAXCOUNT/000C  *JOBCONTROL:MAXCOUNT/000C       *READA:MAXCOUNT/000C
*READB:MAXCOUNT/000C             SCBLK:RDLEN/000C               *STATUS:MAXCOUNT/000C
*STATUS:OPSCOUNT/000C            SYSCALL:WRITEA/000C            *ASCII:CR/000D   CR/000D
 SYSCALL:WRITEB/000D            *ASCII:SO/000E  *CHAIN:SCLEN/000E                CREATE:FILESIZE/000E
 CREATE:SCLEN/000E              *CREATELOG:SCLEN/000E           *DELETE:SCLEN/000E
*DIR:FCBDATASIZE/000E           *DISKDEFAULT:SCLEN/000E         *GETERROR:SCLEN/000E
*GETSERIALNUMBER:SCLEN/000E     *LOAD:SCLEN/000E                 OPEN:SCLEN/000E
 READA:SCLEN/000E               *READB:SCLEN/000E               *READLUNNAME:SCLEN/000E
*RENAME:SCLEN/000E               RW:POSITION/000E                SCBLK:DATA/000E
*SCBLK:END/000E  STATUS:SCLEN/000E               SYSCALL:CONTROL/000E           *ASCII:SI/000F
*STATUS:ERRLSN/000F              SYSCALL:STATUS/000F            *ASCII:DLE/0010  BOOT:DISKINFO/0010
 BOOT:DISKINFOLEN/0010          *BOOT:FILESYSTEMVERSION/0010     CC:DEVICESPECIFICOP/0010
*CC:ECHO/0010   *CC:SETFILEDATE/0010            *CC:UNLOCKDISK/0010             *CONTROLP/0010
 DIR:FCBDATA/0010               *DIR:HLCN/0010   DIR:NAMESIZE/0010              *FILESYSTEMVERSION/0010
 SC:DEVICESPECIFICOP/0010       *SC:GETFILEDATE/0010            *SC:GETLASTBADLSN/0010




ASM/6800 1.3H4: 063C ASMIODRIVER        - - - I/O Package for MAL/6800-6809   1.4 - - -
08/16/82 00:00:00; Page 57; Form 1      Symbols Sorted by Value
ASM14IODR.ASM
*SC:GETPROFILE/0010             *SYSCALL:WAITDONE/0010          *ASCII:DC1/0011 *BOOT:NSPC/0011
*CC:DISMOUNTDISK/0011           *CC:NOECHO/0011 *CC:SETFILEPROT/0011            *SC:GETACTCOL/0011
*SC:GETERRORSTATS/0011          *SC:GETFILEPROT/0011            *SDOSVERSION/0011
 SYSCALL:EXIT/0011              *XON/0011       *ASCII:DC2/0012 *BOOT:MINALLOC/0012
*CC:IDLES/0012  *CC:SETFILESIZE/0012            *CC:SETMAPALGORITHM/0012        *CONTROLR/0012
*CREATE:FILESIZESCLEN/0012      *DIR:HCSIC/0012 *RWPOSITION:SCLEN/0012
*SC:GETPROFILEALTERATION/0012    SYSCALL:ERROREXIT/0012         *ASCII:DC3/0013 *CC:MULTISECTORREAD/0013
*CC:POSITIONTOEND/0013          *CC:TABS/0013   *DIR:NCLUSTERS/0013             *SC:GETOUTPUTTIMEOUT/0013
 SYSCALL:SETERROR/0013          *XOFF/0013      *ASCII:DC4/0014 *BOOT:MIDALLOC/0014
*CC:MULTISECTORWRITE/0014       *CC:SETACTBLOCK/0014            *CONTROLT/0014  *SC:GETBAUDRATE/0014
*SYSCALL:GETERROR/0014          *ASCII:NAK/0015 *CC:CLRINPUT/0015               *CC:FORMAT/0015
*DIR:FILESIZE/0015               SYSCALL:DISPERROR/0015         *ASCII:SYN/0016 *BOOT:MAPALGORITHM/0016
*CC:CLROUTPUT/0016              *CC:WAITDONE/0016                CONTROLV/0016  *SC:GETTABS/0016
*SINGLESTEP/0016                *SYSCALL:KILLPROOF/0016         *ASCII:ETB/0017 *CC:SETREADTIMEOUT/0017
*SC:GETIDLES/0017               *SYSCALL:KILLENABLE/0017        *ASCII:CAN/0018 *BOOT:CREATIONDATE/0018
*CC:SETPROFILE/0018             *CONTROLX/0018  *SC:GETWRAP/0018                *SYSCALL:DEBUG/0018
*ASCII:EM/0019  *CC:ALTERPROFILE/0019           *DIR:PROTECTION/0019            *SC:GETCOLORING/0019
*SYSCALL:ATTNCHECK/0019         *ASCII:SUB/001A *CC:WRITEEDITLINE/001A          *CONTROLZ/001A
*DIR:DAY/001A   *SC:GETBACKGROUND/001A           SYSCALL:ISCONSOLE/001A         *ASCII:ESC/001B
*BOOT:DIRLSN/001B               *CC:SETFIELDSIZE/001B           *DIR:MONTH/001B *ESCAPE/001B
*SC:GETPROFILENAME/001B         *SYSCALL:INTERLOCK/001B         *ASCII:FS/001C  *CC:SETPARAMS/001C
*DIR:YEAR/001C  *EOF/001C       *SYSCALL:DELAY/001C             *ASCII:GS/001D  *CC:ACTIVATIONCK/001D
*DIR:VERSION/001D               *SYSCALL:READLUN/001D           *ASCII:RS/001E  *CC:WRAP/001E
*EOR/001E       *SYSCALL:GETSERIALNUMBER/001E   *ASCII:US/001F  *BOOT:CHECKSUM/001F
*CC:NOWRAP/001F *SYSCALL:JOBCONTROL/001F        *ASCII:SPACE/0020               *BLANK/0020
*BOOT:DISKID/0020                BOOT:DISKIDSIZE/0020           *CC:COLORING/0020
*DIR:ENTRYSIZE/0020             *CC:BACKGROUND/0021             *CC:KILLPROOF/0022
*CC:KILLENABLE/0023             *CC:SETOUTPUTTIMEOUT/0024       *CC:SETBAUDRATE/0025
*CC:SETINPUTTRANSLATION/0026    *SC:GETLINEFLAGS/002C           *BOOT:SIZE/0040 *PROT::WRITE/0040
*UPARROW/005E   *ERR:FATALCOMPILE/0064          *ERR:WARNINGCOMPILE/0065        *ERR:BADCMDFORMAT/0066
*ERR:CANTGOTO/0067              *ERR:ABNORMALSTOP/0068           ASME.NOTFILE/0069
*ERR:NOTENUFMEM/0069             READA$BUF.LEN/0078             *ASCII:MASK/007F
*ASCII:RUBOUT/007F              *RUBOUT/007F     CH2$BUF.LEN/0080                SYSCALL$/00FB
*SYSCHANNEL/00FE                *LOGCHANNEL/00FF                 IOERR/0103      STACKM:/015E
 STACK/0212      CH2$BUF/0213    READA$BUF/0293  DATE$BUF/030B   CH2$CCB/031C    OPENBLOCK/0322
 OPENCLK/0330    READCLK/033E    CLOSECLK/034C   CREATEBLOCK/034F                CLOSEBLOCK/035D
 READABLOCK/0360                 READA$BLOCK/036E                WRITEA$BLK/037C
 WRITEABLOCK/0384                WRITEBBLOCK/038C                POSITIONBLOCK/0394
 EXITBLOCK/039C  STATUSBLOCK/039E                ICONBLK/03AC    ERREXIT/03AE    SETERRBLOCK/03B2
 DISPERRBLOCK/03B6               EOFTABLE/03B8   EOFADDRESS/03BC                 BUFFER/03BE




ASM/6800 1.3H4: 063C ASMIODRIVER        - - - I/O Package for MAL/6800-6809   1.4 - - -
08/16/82 00:00:00; Page 58; Form 1      Symbols Sorted by Value
ASM14IODR.ASM
 WRITEA$XSV/03C2                 OPEN/03C4       OPEN1/03CD      OPEN2/03E1     *ERR:BOOTCKSUMFAIL/03E8
 ERR:EOFHIT/03E9                *ERR:FILEISOPEN/03EA            *ERR:NODEBUGGER/03EB
*ERR:BADPOSITION/03EC           *ERR:NBPCTOOBIG/03ED            *ERR:NODISKMAP/03EE
*ERR:NOMATCHFCB/03EF            *ERR:NODEFAULTPROGRAM/03F0      *ERR:FILEWRTPROT/03F2
*ERR:FILENOTFOUND/03F3          *ERR:ILLEGALLCN/03F4            *ERR:BADFNAMESIZE/03F5
*ERR:NEWFILEEXISTS/03F6         *ERR:NODISKSPACE/03F7           *ERR:LCNWASNTALLOCATED/03F8
 CREATE/03F9    *ERR:NOFREEFCBS/03F9            *ERR:WRONGFILESYSTEM/03FA       *ERR:FILEINCREATE/03FB
*ERR:DISKMOUNTED/03FC           *ERR:CANTOPENMUSTCREATE/03FD    *ERR:NOERRORMSGS/03FE
*ERR:BADFILENAME/03FF           *ERR:ILLFILESIZE/0400           *ERR:HCSICTOOSMALL/0401
*ERR:NOTENOUGHPOOL/0402         *ERR:PWRFAILDISKF/0403           CLOSE/0404     *ERR:NOTALOADFILE/0404
*ERR:BADFILEVERSION/0405        *ERR:CHTOOBIG/0406               ERR:CHBUSY/0407
*ERR:CLOSED/0408                *ERR:ILLEGALSYSCALL/0409        *ERR:ILLDEVICEOP/040A
*ERR:RENAMEDEVICE/040B          *ERR:BADLOADRECORD/040C          CLOSE$1/040D   *ERR:NOTENOUGHROOM/040D
*ERR:ILLLSN/040E                *ERR:DIRECTORYDAMAGED/040F      *ERR:IBUFOVERFLOW/0410
*ERR:PROGRAMKILLED/0411         *ERR:DEVICETIMEDOUT/0412        *ERR:SECTORSIZE2/0413
*ERR:SYSTEMCROAKED/0414         *ERR:DISKREAD/0415              *ERR:DISKWRITE/0416
 CLOSE$2/0417   *ERR:DISKSEEK/0417               CLOSE$FAIL/0418                *ERR:DSKWRTPROT/0418
*ERR:DISKWRITELOCKED/0419       *ERR:SDOSCKSUM/041A              CALLSYSCALLIOJ/041B
*ERR:NLSNGE224/041B             *ERR:CLUSTERSIZELIMITSFILE/041C *ERR:SYSCALLTOOSHORT/041D
*ERR:RDBUFTOOSMALL/041E          READA/041E     *ERR:WRBUFTOOSMALL/041F         *ERR:NOSUCHDEVICE/0420
*ERR:DEVICEERRORED/0421         *ERR:MUSTBEDISK/0422            *ERR:NOTOPENTOCONSOLE/0423
*ERR:DEVICENOTREADY/0424        *ERR:TIMENOTSET/0425            *ERR:NOSUCHLUN/0426
*ERR:ZEROSTARTADDRESS/0427      *ERR:NOSUCHPROGRAM/0428         *ERR:OLDFILEEXISTS/0429
*ERR:ALLOC0CLUSTERS/042B        *ERR:FILEALREADYDELETED/042C    *ERR:PRINTERNOTREADY/042D
*ERR:INPUTTIMEOUT/042E          *ERR:ENDOFMEDIUM/042F           *ERR:SELFTESTCKSUM/0430
*ERR:NOTIMEOUTBLKS/0431         *ERR:SERIALNOWRONG/0432         *ERR:NOSUCHKEY/0433
*ERR:DUPLICATEKEY/0434          *ERR:BRANCHFACTORSIZE/0435      *ERR:SDOSNOTREGISTERED/0436
*ERR:DECRYPTIONKEYSDONTMATCH/0437                READRTS/0438    CKBUFWRITE/043C
*CKBUFWRITEX/0441                NOPRTS/0441     READA$/0442     READA$0/0447    READA$1/0455
 READA$2/0470    SETEOFFLAG1/0474                WRITEA/0477     WSETEOFFLAG/048B
 IOERROR::J/0496                 WRITEA1/0499    WRITEA$/049F    WRITEA$FAIL/04AB
 WRITEA$OK/04AF *ERR:BADREADBUF/04B0            *ERR:BADWRITEBUF/04B1           *ERR:RDBUFTOOBIG/04B2
*ERR:WRBUFTOOBIG/04B3           *ERR:NOTENOUGHCHANNELS/04B4     *ERR:NOTUNDERTIMESHARE/04B5
*ERR:MTNOROOM/04B6              *ERR:MTBADCONFIG/04B7            WRITEA$OK1/04B7
*ERR:ALREADYLOCKED/04B8         *ERR:NOSUCHOBJECT/04B9          *ERR:NOTLOCKED/04BA
*ERR:OBJECTDESTROYED/04BB       *ERR:LOCKRESET/04BC              WRITEA$FLUSH/04BC
*ERR:IMPLEMENTATIONLIMITREACHED/04BD            *ERR:ILLEGALINTERLOCKFUNCTION/04BE
*ERR:MEMORYMGMTFAIL/04BF        *ERR:NOMOREJOBS/04C0            *ERR:ILLEGALJOBCONTROL/04C1
*ERR:CAPABILITYFAILURE/04C2     *ERR:JOBKILLED/04C3             *ERR:JOBCOMPLETED/04C4
 WRITEA$FLUSH1/04D8              WRITEA$FLX/04E9                 WRITEB1/04EC    WRITEB/04F1




ASM/6800 1.3H4: 063C ASMIODRIVER        - - - I/O Package for MAL/6800-6809   1.4 - - -
08/16/82 00:00:00; Page 59; Form 1      Symbols Sorted by Value
ASM14IODR.ASM
 GETPOS/0506     GETPOS1/0517    GETPOS2/0520    GETWD/0538      GETWD1/0546     ISCONSOLE/0550
 ISCONSOLEORNOT/0558             CLEAREOFFLAG/0559               GETEOFADDRESS/055E
 POSITION/0565   POSITION1/0574  SETEOFFLAG/0581                 POSITIONRTS/058B
 EXIT/058C       EOF$/0592       GETTYPE/0597    GETSTS/0599     GETSIZE/05A8    GETPARAMS/05B1
 RESET/05BC      ERROR::/05BD    CALLSYSCALLIO/05DB              IOERROR::/05E1  CRAPOUT/05EA
 CRAPOUT1/05ED   CLOCKGET/05F3   SYSCALL$1/0600  DATE/0603       DATERR/060C     DATETIME/060F
 CLOCKNAME/0612  DUMDATE/0618    DUMTIME/0620    TIME/0628       TIMERR/0631     DEBUGSYSCALL/0636
 SYSCALLIO/0636  DEBUGRTS/063B   DEBUGTRAP/063C *ERR:WRONGDISKTYPE/076E         *ERR:IOINPROGRESS/0771
*ERR:BUSYFORANOTHERPROCESS/0772  ERR:ACTIVATIONNOTINBUFFER/0773 *ERR:BADFIELDWIDTH/0774
*ERR:ACTIVATIONRECEIVED/0775    *ERR:TIMEDINPUTEXPIRED/0776     *ERR:PROFILENOTFOUND/0777
*ERR:PROFILENOTMALLEABLE/0778   *EDITDATE/1212  *DUMMYLCN/FFFF

611 Symbols.


 *** No Assembly Errors.
