



ASM/6800 1.3H4: 0000 ASM/6800 1.4       - - -   M C S - 6 8 0 0   A S S E M B L E R   - - -
08/16/82 00:00:00; Page 1; Form 1       - - - ASSEMBLY CONTROL - - -
ASM14A.CTRL.ASM
                  2:         WITH    WI=106,DE=51
  0001            3:         PCC     1
  0000            4:         IFUND   M6800
 *S*              5: M6800   EQU     1
 *S*              6: M6801   EQU     0
 *S*              7: M6809   EQU     0
                  8:         FIN
  0001            9:         IFUND   MC6809




ASM/6800 1.3H4: 0000 ASM/6800 1.4       - - -   M C S - 6 8 0 0   A S S E M B L E R   - - -
08/16/82 00:00:00; Page 2; Form 1       - - - ASSEMBLY CONTROL - - -
ASM14A.CTRL.ASM
                 10:         TITLE   - - -   M C S - 6 8 0 0   A S S E M B L E R   - - -
                 11:         NAME    ASM/6800 1.4
  0001           12: TYPE1RECORD     EQU     1       Binary type file (6800)
  0001           13:         ELSE
 *S*             14:         TITLE   - - -   M C S - 6 8 0 9   A S S E M B L E R   - - -
 *S*             15:         NAME    ASM/6809 1.4
 *S*             16: TYPE1RECORD     EQU     2       Binary type file (6809)
                 17:         FIN
  0001           18: DEBUG   EQU     1
                 19: 
  0001           20:         IFUND   ASSEMBLY
  0041           21: ASSEMBLY        EQU     'A      Default is "A"
                 22:         FIN




ASM/6800 1.3H4: 0000 ASM/6800 1.4       - - -   M C S - 6 8 0 0   A S S E M B L E R   - - -
08/16/82 00:00:00; Page 3; Form 1       - - - ASSEMBLY CONTROL - - -
ASM14A.CTRL.ASM
                 23:         PAGE    - - - ASSEMBLY CONTROL - - -
  0001           24:         PCC     1
                 25:          TABS     10,19,37,42,50,58
  0000           26:          PCC      0
                 27: **** THIS FILE COPYRIGHT (C) 1979 TERRILL MOORE.
                 28: *        INFRINGERS BEWARE:
                 29: *        VIOLATORS OF COPYRIGHT ARE SUBJECT TO $150 FINE PER VIOLATION;
                 30: *        COURTS HAVE ESTABLISHED THAT ANY TRANSFER OF A COPYRIGHTED
                 31: *        COMPUTER FILE FROM ONE PLACE IN THE MACHINE TO ANOTHER IS
                 32: *        AN INFRINGEMENT.  ALL COPIES MADE
                 33: *        OF THIS FILE WILL BE CONSIDERED AN INFRINGEMENT UNLESS PRIOR
                 34: *        PERMISSION IS OBTAINED FROM TERRILL M. MOORE, 6504 1/2 W. OCEAN FRONT,
                 35: *        NEWPORT BEACH, CALIFORNIA  92661
                 36: *
                 37: *
                 38: *
                 39: *        BY AUTHORITY GRANTED TO SOFTWARE DYNAMICS BY T. MOORE:
                 40: *        SOFTWARE DYNAMICS HAS TAKEN THE LIBERTY TO REVISE AND IMPROVE
                 41: *        ASM-125 WITH SHARED PROFITS GOING TO BOTH T. MOORE AND SD.
                 42: *
                 43: *




ASM/6800 1.3H4: 0000 ASM/6800 1.4       - - -   M C S - 6 8 0 0   A S S E M B L E R   - - -
08/16/82 00:00:00; Page 4; Form 1       - - - ASSEMBLY CONTROL - - -
ASM14A.CTRL.ASM
                 45: * 9/03/79         Version 1.3:
                 46: *
                 47: *                 --Changed assembler to output SDOS-style load files instead
                 48: *                   of MIKBUG (tm) format.  This can be reset by setting SDOSbinary
                 49: *                   to 0 and reassembling.
                 50: *
                 51: *                 --Added logic to END command to find a start address & put it
                 52: *                   into the file.
                 53: *
                 54: *                 --Incorporated 6801 patches from (unreleased) version 1.3C
                 55: *
                 56: *
                 57: * 9/5/79  tmm     --Added INCLUDE file logic.  This is rev C.
                 58: *
                 59: *
                 60: * 12/5/79 WAM -- INCLUDE logic and other bug cleanup.  Rev F.
                 61: *
                 62: * 3/6/80 - 10/04/81   WAM -- 6809 changes. Rev G.
                 63: *
                 64: * 10/04/81  WAM -- 680C Changes to rev G
                 65: *
                 66: * 08/16/83 - 00/00/83  WAM -- Version 1.4A:
                 67: *                                   * Changes to source includes for D1:
                 68: *                                   * Fix to END start address processing
                 69: *                                   * Minor fixes to INCLUDEs
                 70: *
                 71: *
                 72: *




ASM/6800 1.3H4: 0000 ASM/6800 1.4       - - -   M C S - 6 8 0 0   A S S E M B L E R   - - -
08/16/82 00:00:00; Page 5; Form 1       - - - ASSEMBLY CONTROL - - -
ASM14A.CTRL.ASM
                 74: *        The INCLUDE structure for the assembler is as follows:
                 75: *
                 76: *
                 77: *
                 78: *         +--> DEFS   +--> DITL0 --> DREX
                 79: *         |           |
                 80: *         +--> MAIN --+--> DITL9 --> DREX
                 81: *         |           |
                 82: *  CTRL --+           +--> FCONV
                 83: *         |
                 84: *         +--> EVAL
                 85: *         |
                 86: *         +--> IOFM
                 87: *
                 88: *  IODR --> SDOSUSERDEFS.ASM
                 89: *
                 90: *
                 91: *
                 92: *
                 93: * What the files are about:
                 94: *       ASMnnn.CTRL.ASM                Master control file for assembly
                 95: *       ASMnnn.DEFS.ASM                Assembler definitions
                 96: *       ASMnnn.MAIN.ASM                Main part of assembler
                 97: *       ASMnnn.DITL9.ASM               6809 Source line decoder
                 98: *       ASMnnn.DITL0.ASM               6800 Source line decoder
                 99: *       ASMnnn.DREX.ASM                Directives and data expression parser
                100: *       ASMnnn.FCONV.ASM               Floating point number parser
                101: *       ASMnnn.EVAL.ASM                Expression evaluator
                102: *       ASMnnn.IOFM.ASM                I/O formatting and calls to IO package
                103: *
                104: *       ASMnnIODR.ASM                  IO package, separate assembly.
                105: *
                106: *
                107: *
                108: *
                  0:          INCLUDE  ASM14A.DEFS.ASM




ASM/6800 1.3H4: 0000 ASM/6800 1.4       - - -   M C S - 6 8 0 0   A S S E M B L E R   - - -
08/16/82 00:00:00; Page 6; Form 1       - - - ASSEMBLY CONTROL - - -
ASM14A.DEFS.ASM
  0001            2:          IFUND    CODE
  0100            3: CODE     EQU      $100                   CHOOSE THIS PLACE
                  4:          FIN
                  5: 
                  6: *
                  7: *        ASSEMBLY CONTROL...
                  8: *
  0001            9: BIGMSG   EQU      1                 BIG MESSAGES, THIS VERSION?
  0000           10:          IFUND    DEBUG
 *S*             11: DEBUG    EQU      0                 DON'T GIMME A BIG PATCH SPACE.
                 12:          FIN
  0000           13: XREF     EQU      0                 (NOT COMPLETELY CODED) DON'T INCLUDE XREF CODE.
  0001           14: CONDASM  EQU      1                 CONDITIONAL ASSEMBLY?
  0001           15: REPEAT   EQU      1                 RPT, PLEEZE
  0001           16: TITLES   EQU      1                 TITLES ?
  0000           17: STRINGS  EQU      0                 NO STRINGS...
  0001           18: SHIFT    EQU      1                 INCLUDE SHIFT CODE?
  0001           19: NICE     EQU      1                 LOTSA NICE FEATURES (THAT TAKE MORE SPACE...)
  0001           20: ERRLINES EQU      1                  SAVE ERROR LINE #S IF SET
  0001           21: DUMPOK   EQU      1                 DUMP SYM TABLE
  0001           22: DUMPV    EQU      1                 DUMP BY VALUE TOO?
                 23: 
                 24: *
  0001           25:          IFUND    SYMMAX
  0021           26: SYMMAX   EQU      33                MAXIMUM SYMBOL LENGTH.
                 27:          FIN
                 28: *
  0001           29:          IF       DEBUG             PRE-RELEASES ONLY WHILE DEBUGGING.
  0001           30:          IFUND    PRERELEASE        DEFAULT IS "A"
  0041           31: PRERELEASE EQU    'A
                 32:          FIN
                 33:          FIN
                 34: *
  000C           35: VERS     SET      (BIGMSG*4)+(DEBUG*8)+(XREF*$10)
  00EC           36: VERS     SET      (VERS)+(CONDASM*$20)+(REPEAT*$40)+(TITLES*$80)
  07EC           37: VERS     SET      VERS+(NICE*$100)+(SHIFT*$200)+(ERRLINES*$400)
  37EC           38: VERS     SET      VERS+(DUMPOK*$1000)+(DUMPV*$2000)+((CODE#$100)##14)
  0014           39: RELEASE  EQU      $14               RELEASE NUMBER 1.4
                 40: 
  0001           41:          IFUND    PZBASE




ASM/6800 1.3H4: 0000 ASM/6800 1.4       - - -   M C S - 6 8 0 0   A S S E M B L E R   - - -
08/16/82 00:00:00; Page 7; Form 1       - - - ASSEMBLY CONTROL - - -
ASM14A.DEFS.ASM
  0020           42: PZBASE   EQU      $20                    RESERVE FIRST 32 BYTES OF PAGE ZERO
                 43:          FIN
                 44: *
  0001           45:          IFUND    PZMAX             WORRY ABOUT TOP OF PAGE ZERO...
  00F0           46: PZMAX    EQU      $F0               @/ FIRST BYTE AFTER PAGE ZERO.
                 47:          FIN      PZMAX
                 48: *
  0001           49:          IFUND    IBUFS             SIZE OF INPUT BUFFER...
  00FF           50: IBUFS    EQU      255               MAKE IT BIG.
                 51:          FIN      IBUFS
                 52: *
  0001           53:          IFUND    NUMHASHBKTS
  0007           54: NUMHASHBKTS EQU   7                 LOG-BASE-2 OF NUMBER OF BUCKETS DESIRED.
                 55:          FIN
                 56: 
  0000           57:          IF       NUMHASHBKTS>7!NUMHASHBKTS<2    IDIOT CHECK # OF BUCKETS...
 *S*             58: HASH:M   EQU      $1F               SET UP HASH:M PROPERLY.
                 59:          FIN                        (ALSO FORCES DOUBLE DEF)
                 60: 
  007F           61: HASH:M   EQU      (1##NUMHASHBKTS)-1
                 62: *
                 63: **** Set up binary buffer ****
  0001           64:          ifund    BBSIZE
  0040           65: BBSIZE   equ      $40               64 bytes for binary buffer.
                 66:          fin      BBSIZE
                 67: 
                 68: **** Set up include file stuff ****
  0001           69:          ifund    MAXINCLVL         Maximum depth of include files....
  0014           70: MAXINCLVL equ     20                Pick a random number.
                 71:          fin      MAXINCLVL
                 72: 
  00FE           73: MAXINCLNUM equ    254               No reason for this to be any smaller,
  000F           74: MINDEP   EQU      15                Minimum page depth
                 75: *                                   and 254 is the maximum.




ASM/6800 1.3H4: 0000 ASM/6800 1.4       - - -   M C S - 6 8 0 0   A S S E M B L E R   - - -
08/16/82 00:00:00; Page 8; Form 2       - - -  O P C O D E   T Y P E   D E F I N I T I O N S  - - -
ASM14A.DEFS.ASM
  0001            2:          IFUND    MC6809
                  3: *
                  4: *  THE FOLLOWING ARE THE CURRENTLY RECOGNIZED 6800 OPCODE TYPES:
                  5: *
                  6: *        NOTE THAT T:BASE MUST ALWAYS BE EQU'D TO THE FIRST VALUE SHOWN!
                  7: *
  00FD            8: T:DRNI   EQU      -3&$FF            DYADIC W/ REGISTER & MEMORY, NO IMMEDIATE.
  00FE            9: T:PSH    EQU      -2&$FF            PUSH/PULL
  00FF           10: T:DYDR   EQU      -1&$FF            DYDADIC W/ REGISTER & MEMORY.
  0000           11: T:MOND   EQU      0                 MONADIC REG/MEM
  0001           12: T:NIL    EQU      1                 NILADIC (NO AF)
  0002           13: T:DYDX   EQU      2                 DYADIC WITH S OR X REG & MEMORY
  0003           14: T:BRA    EQU      3                 BRANCH
  0004           15: T:JMP    EQU      4                 JUMPS
  0005           16: T:DXNI   EQU      5                 DYADICS IN X/S W/ NO IMMEDIATE.
                 17: 
  00FD           18: T:BASE   EQU      T:DRNI            *****ALWAYS EQU ME TO THE FIRST IN THE ABOVE LIST
                 19: 
                 20: *
                 21: * NOTE THAT TYPE CODES THAT ARE .LE. ZERO MEAN THAT A REGISTER CAN BE
                 22: * ASSOCIATED; IF TYPE .LT. ZERO, THERE MUST BE A REGISTER;
                 23: * IF TYPE .EQ. ZERO, THERE MAY BE A REGISTER;
                 24: * IF TYPE .GT. ZERO, THERE MAY NOT BE A REGISTER.
                 25: *
                 26:          FIN




ASM/6800 1.3H4: 0000 ASM/6800 1.4       - - -   M C S - 6 8 0 0   A S S E M B L E R   - - -
08/16/82 00:00:00; Page 9; Form 3       - - - C H A R A C T E R   T Y P E S - - -
ASM14A.DEFS.ASM
                  2: *
                  3: *  THE FOLLOWING SYMBOLS DEFINE THE TYPES RETURNED BY GTCHT
                  4: *
  0001            5: C:ALPH   EQU      1
  0002            6: C:NUM    EQU      2
  0003            7: C:CR     EQU      3
  0004            8: C:QQ     EQU      4
  0005            9: C:Q      EQU      5
  0006           10: C:LP     EQU      6
  0007           11: C:RP     EQU      7
  0008           12: C:TERM   EQU      8
  0009           13: C:BL     EQU      9
  000A           14: C:UNK    EQU      10
                 15: *




ASM/6800 1.3H4: 0000 ASM/6800 1.4       - - -   M C S - 6 8 0 0   A S S E M B L E R   - - -
08/16/82 00:00:00; Page 10; Form 4      - - - O B J E C T   D E F I N I T I O N S - - -
ASM14A.DEFS.ASM
                  2: *
                  3: *  OBJECTS:
  0001            4: O:SYM    EQU      1                 SYMBOL
  0002            5: O:NUM    EQU      2
  0003            6: O:STR    EQU      3                 STRING
  0004            7: O:LP     EQU      4                 LEFT PAREN
  0005            8: O:RP     EQU      5                 RIGHT PAREN
  0006            9: O:TERM   EQU      6                 TERMINATOR
  0007           10: O:OP     EQU      7                 OPERATOR
  0008           11: O:UNKN   EQU      8                 UNKNOWN.




ASM/6800 1.3H4: 0000 ASM/6800 1.4       - - -   M C S - 6 8 0 0   A S S E M B L E R   - - -
08/16/82 00:00:00; Page 11; Form 5      - - - O P E R A T O R   D E F S - - -
ASM14A.DEFS.ASM
                  2:    
                  3: *45*
                  4: *
                  5: *   O P E R A T O R S
                  6: *
                  7: *        Do not change positions of ops under P:UN or
                  8: *        OP:PLS, OP:MNS, OP:MOD & OP:AND.  The positions
                  9: *        of these are critical to the handling of monadic
                 10: *        operators.
                 11: *
                 12: *
                 13: ***** ALL VALUES MUST BE LESS THAN $7F ****
                 14: *
                 15: 
  0070           16: P:UN     EQU      $70               (GOD SHOULD FORGIVE THIS SYMBOL)
  0071           17: OP:PLS   EQU      P:UN+1            MONADIC +
  0072           18: OP:MNS   EQU      P:UN+2            MONADIC -
  0073           19: OP:COM   EQU      P:UN+3            \ (INVERT TEST RESULT)
  0074           20: OP:NOT   EQU      P:UN+4            &
                 21: *
  0060           22: P:SH     EQU      $60               SHIFT GROUP
  0061           23: OP:SHF   EQU      P:SH+1            ##
                 24: *
  0050           25: P:MUL    EQU      $50               MULTIPLY/DIVIDE GROUP
  0051           26: OP:MUL   EQU      P:MUL+1           *
  0052           27: OP:DIV   EQU      P:MUL+2           /
  0053           28: OP:MOD   EQU      P:MUL+3           \
  0054           29: OP:CQU   EQU      P:MUL+4           //
                 30: *
  0040           31: P:ADD    EQU      $40
  0041           32: OP:ADD   EQU      P:ADD+1           +
  0042           33: OP:SUB   EQU      P:ADD+2           -
                 34: *
  0030           35: P:REL    EQU      $30               RELATIONAL OPERATORS:
  0031           36: OP:GT    EQU      P:REL+1           >
  0032           37: OP:LT    EQU      P:REL+2           <
  0033           38: OP:GE    EQU      P:REL+3           >=  =>
  0034           39: OP:LE    EQU      P:REL+4           <=  =<
  0035           40: OP:EQ    EQU      P:REL+5           =
  0036           41: OP:NE    EQU      P:REL+6           #   




ASM/6800 1.3H4: 0000 ASM/6800 1.4       - - -   M C S - 6 8 0 0   A S S E M B L E R   - - -
08/16/82 00:00:00; Page 12; Form 5      - - - O P E R A T O R   D E F S - - -
ASM14A.DEFS.ASM
  0037           42: OP:HI    EQU      P:REL+7           >>
  0038           43: OP:LO    EQU      P:REL+8           <<
  0039           44: OP:HS    EQU      P:REL+9           >/
  003A           45: OP:LS    EQU      P:REL+10          \<
                 46: *
  0020           47: P:LOG    EQU      $20               LOGICAL OPERATORS
  0021           48: OP:IOR   EQU      P:LOG+1           !
  0022           49: OP:EOR   EQU      P:LOG+2           !!
  0024           50: OP:AND   EQU      P:LOG+4           &   (DON'T CHANGE ME!)
                 51: *
  0010           52: P:BOX    EQU      $10               LEFT ANCHOR:
  0011           53: OP:BOX   EQU      P:BOX+1
                 54: *
  0000           55: P:EOX    EQU      $00               RIGHT ANCHOR
  0001           56: OP:EOX   EQU      P:EOX+1           <RIGHT-ANCHOR>




ASM/6800 1.3H4: 0000 ASM/6800 1.4       - - -   M C S - 6 8 0 0   A S S E M B L E R   - - -
08/16/82 00:00:00; Page 13; Form 6      - - -  E R R O R   F L A G S  - - -
ASM14A.DEFS.ASM
                  2:    
                  3: *
                  4: *   E R R O R   F L A G S
                  5: *
  0000            6: F$ERRGROUP SET    0                 ERROR GROUP ZERO.
                  7: *
  0001            8: F:ILLF   EQU      F$ERRGROUP+$01    ILLEGAL LABEL FIELD
  0002            9: F:SYNTX  EQU      F$ERRGROUP+$02    SYNTAX ERROR
  0004           10: F:ILLAF  EQU      F$ERRGROUP+$04    ILLEGAL ARGUMENT FIELD
  0008           11: F:UNDF   EQU      F$ERRGROUP+$08    UNDEFINED SYMBOL
  0010           12: F:DDEF   EQU      F$ERRGROUP+$10    DOUBLE-DEF
  0020           13: F:UDDF   EQU      F$ERRGROUP+$20    USE OF DOUBLE-DEF
  0040           14: F:NST    EQU      F$ERRGROUP+$40    NESTING ERROR
  0080           15: F:END    EQU      F$ERRGROUP+$80    END SUPPLIED BY MAL.
                 16: *
  0100           17: F$ERRGROUP SET    $01##8            SECOND ERROR GROUP.
                 18: *
  0101           19: F:OVF    EQU      F$ERRGROUP+$01    OVERFLOW
  0102           20: F:BRA    EQU      F$ERRGROUP+$02    OUT OF RANGE BRANCH/BSR
  0104           21: F:ILV    EQU      F$ERRGROUP+$04    ILLEGAL VALUE
  0108           22: F:BADD   EQU      F$ERRGROUP+$08    ILLEGAL DIGIT
  0110           23: F:SYMOV  EQU      F$ERRGROUP+$10    SYMBOL TABLE OVERFLOW.
  0120           24: F:ILST   EQU      F$ERRGROUP+$20    ILLEGAL STRING.
  0140           25: F:PHASE  EQU      F$ERRGROUP+$40    PHASE ERROR.
  0180           26: F:ILLCF  EQU      F$ERRGROUP+$80    ILLEGAL COMMAND FIELD.
                 27: *
  0200           28: F$ERRGROUP SET    $02##8            THIRD ERROR GROUP
                 29: *
  0201           30: F:ILTRUNC EQU     F$ERRGROUP+$01    INPUT LINE WAS TRUNCATED.
  0202           31: F:FILNOTF EQU     F$ERRGROUP+$02    FILE NOT FOUND.
  0204           32: F:FRCREF EQU      F$ERRGROUP+$04    Forced reference impossible
  0208           33: F:SAERR  EQU      F$ERRGROUP+$08    START ADDRESS ERROR ON END STATEMENT
                 34: *
  0003           35: F$ERRMAX EQU      (F$ERRGROUP##-8)+1     LAST ERROR GROUP.




ASM/6800 1.3H4: 0000 ASM/6800 1.4       - - -   M C S - 6 8 0 0   A S S E M B L E R   - - -
08/16/82 00:00:00; Page 14; Form 7      - - -  S Y M B O L   T Y P E S  - - -
ASM14A.DEFS.ASM
                  2:    
                  3: *
                  4: *
                  5: *   S Y M B O L   T Y P E S
                  6: *
                  7: *
                  8: *                   ---------------------
                  9: *                   | 0 1 2 3 | 4 5 6 7 |
                 10: *                   ---------------------
                 11: *                     | | | |   | | | |
  0001           12: T:FREF   EQU    $01   | | | |   | | | > SYMBOL IS FORWARD REF.
  0002           13: T:SET    EQU    $02   | | | |   | | > SYMBOL WAS SET (NOT EQU'D)
  0004           14: T:UNDF   EQU    $04   | | | |   | > SYMBOL IS UNDEFINED
  0008           15: T:USED   EQU    $08   | | | |   > SYMBOL HAS BEEN USED
                 16: *                     | | | |
  0010           17: T:DDEF   EQU    $10   | | | > SYMBOL IS DOUBLE-DEFFED
  0020           18: T:SPEC   EQU    $20   | | >Special symbol, never flag as forward ref
                 19: *                     --> RESERVED
                 20: *
                 21: *  NOTE:
                 22: *        UNDEF -  1  -- REFD BUT NOT DEFD IN PASS1 OR P2 YET.
                 23: *                 0 -- ALREADY REFD AND DEFD IN P1 OR P2.
                 24: *
                 25: *        FREF -   1 -- (ONLY POSS IN PASS 2) NOT YET REFED IN P2.
                 26: *                 0 -- DEFED IN P2 (IF P2). ONLY POSS STATE IN P1.
                 27: *
                 28: *        SET -    1 -- AT LEAST 1 SET DONE SO FAR BUT NO EQUS.
                 29: *                 0 -- NO LEGAL SETS DONE SO FAR.  IF UNDEF=0 IMPLIES VAR WAS
                 30: *                       EQUD IN PASS1.  IF FREF=0 ALSO, WAS EQUD IN P2.
                 31: *




ASM/6800 1.3H4: 0000 ASM/6800 1.4       - - -   M C S - 6 8 0 0   A S S E M B L E R   - - -
08/16/82 00:00:00; Page 15; Form 8      - - -  D I R E C T I V E   T Y P E S  - - -
ASM14A.DEFS.ASM
                  2:    
                  3: *
                  4: *
                  5: *   D I R E C T I V E   T Y P E S
                  6: *
                  7: *
  0002            8: D:AF     EQU      $02               FIND AF
  0004            9: D:LF     EQU      $04               EQUATE LF TO PC
  0008           10: D:CC     EQU      $08               THIS IS A CONTROL CARD
  0010           11: D:DO     EQU      $10               THIS IS A DO/IF/CASE CARD
  0020           12: D:CA     EQU      $20               THIS IS A CONDITIONAL-ASSEMBLY CARD.
  0040           13: D:SS     EQU      $40               SKIP SYNTAX CHECK
  0080           14: D:SI     EQU      $80               Skip if executing INCLUDE file.
                 15: *
                 16: *
  0000           17: DT:      EQU      0
  0200           18: DT:AF    EQU      D:AF*256
  0400           19: DT:LF    EQU      D:LF*256
  0800           20: DT:CC    EQU      D:CC*256
  1000           21: DT:DO    EQU      D:DO*256
  2000           22: DT:CA    EQU      D:CA*256
  4000           23: DT:SS    EQU      D:SS*256
  8000           24: DT:SI    equ      D:SI*256
                 25: *




ASM/6800 1.3H4: 0000 ASM/6800 1.4       - - -   M C S - 6 8 0 0   A S S E M B L E R   - - -
08/16/82 00:00:00; Page 16; Form 9      - - -  E X P R E S S I O N  T Y P E S  - - -
ASM14A.DEFS.ASM
                  3:    
                  4: *
                  5: *
                  6: *    E X P R E S S I O N   T Y P E S
                  7: *
                  8: *
  0001            9: XT:FREF  EQU      T:FREF            $01; ON IF EXPRESSION INVOLVES FREF
  0002           10: XT:UNEV  EQU      $02                    ON IF EXPRESSION IS UNEVALUABLE
  0004           11: XT:UNDF  EQU      T:UNDF            $04; ON IF EXP USES UNDEFINED SYM.




ASM/6800 1.3H4: 0000 ASM/6800 1.4       - - -   M C S - 6 8 0 0   A S S E M B L E R   - - -
08/16/82 00:00:00; Page 17; Form 9      - - - S D O S   L o a d   F i l e   D e f n s - - -
ASM14A.DEFS.ASM
                 13: *
                 14: *  SDOS Load File Definitions:
                 15: *
                 16: *        (1)      Binary record types.
                 17: *
  0000           18: RTYPE$SKIP        equ 0             Skip record.
  0001           19: RTYPE$START       equ TYPE1RECORD   Start record.
  0002           20: RTYPE$LOAD        equ 2             Load record.
  0003           21: RTYPE$LOADGO      equ 3             Load record & start program.
                 22: 
                 23: 
                 24: *
                 25: *        (2)      Internal record descriptor data structure.
                 26: *
  0000           27:          org      0                 These are all offsets:
0000 0002        28: R$BASE   rmb      2                 W/ Base target address of load record.
0002 0002        29: R$LEN    rmb      2                 W/ length of record to be stored.
                 30: 
  0004           31: R$SHORT:  equ     *                 K/ length of short form.
                 32: 
0004 0004        33: R$FILEBASE rmb    4                 Q/ File pointer.
0008 0001        34: R$VALID  rmb      1                 B/ If false, much of this stuff is not valid.
                 35: 
  0009           36: R$LONG:  equ      *                 K/ Length of long form.




ASM/6800 1.3H4: 0008 ASM/6800 1.4       - - -   M C S - 6 8 0 0   A S S E M B L E R   - - -
08/16/82 00:00:00; Page 18; Form 10     - - -  L I S T I N G   F L A G S  - - -
ASM14A.DEFS.ASM
                  2:    
                  3: *
                  4: *
                  5: *    L I S T I N G   F L A G S
                  6: *
                  7: *        (1):  TEMPORARY FLAGS
                  8: *
  0001            9: LF:ERR   EQU      $01               LINE HAS ERROR ON IT
  0002           10: LF:PTD   EQU      $02               LINE HAS BEEN PRINTED
  0004           11: LF:CC    EQU      $04               LINE IS A CONTROL CARD
  0008           12: LF:SKP   EQU      $08               LINE WAS SKIPPED
  0010           13: LF:DO    EQU      $10               LINE CAME FROM ITERATION
  0020           14: LF:MAC   EQU      $20               LINE CAME FROM MACRO
  0040           15: LF:CA    EQU      $40               LINE IS A COND. ASM. LINE.
                 16: *
                 17: *
                 18: *        (2):  PERMANENT FLAGS
                 19: *
  0001           20: LL:LIST  EQU      $01               LISTING IS ON
  0002           21: LL:GEN   EQU      $02               LIST EXTRA LINES OF GENERATED CODE
  0004           22: LL:PCC   EQU      $04               PRINT CONTROL CARDS
  0008           23: LL:DO    EQU      $08               PRINT EXTRA ITERATION LINES
  0010           24: LL:SKP   EQU      $10               PRINT SKIPPED LINES
  0020           25: LL:MAC   EQU      $20               PRINT MACRO EXPANSIONS
  0040           26: LL:PCA   EQU      $40               PRINT CONDITIONAL-ASSMBLY LINES.
  0080           27: LL:THRO  EQU      $80               EJECT A PAGE BEFORE PRINTING
                 28: 
                 29: 
                 30: **** LISTING FLAG DEFAULTS ****
                 31: 
  0050           32: LLDFLT   EQU      LL:SKP!LL:PCA




ASM/6800 1.3H4: 0008 ASM/6800 1.4       - - -   M C S - 6 8 0 0   A S S E M B L E R   - - -
08/16/82 00:00:00; Page 19; Form 11     - - -  O P T I O N   F L A G S  - - -
ASM14A.DEFS.ASM
                  2:    
                  3: *
                  4: *
                  5: *   U S E R - S P E C I F I E D   O P T I O N S
                  6: *
                  7: *
  0001            8: OPT:MCM  EQU      $01               USE MOTOROLA/MCM-SIGMA PRECEDENCE
  0002            9: OPT:LO   EQU      $02               GENERATE A LISTING
  0004           10: OPT:BO   EQU      $04               GENERATE A BINARY
  0008           11: OPT:LST  EQU      $08               IF ON, WANTS TO SEE CODE LISTING
  0010           12: OPT:LN   EQU      $10               SOURCE HAS LINE #'S IN MOTOROLA'S
                 13: *                                   KLUDGEY FORM.
  0020           14: OPT:LF   EQU      $20               DELETE LINE-FEED CHARACTERS
  0040           15: OPT:DMP  EQU      $40               DUMP SYMBOL TABLE
  0080           16: OPT:EL   EQU      $80               ERROR LINES OPTION
                 17: 
                 18: 
                 19: **** SECOND OPTION BYTE FLAGS ****
                 20: 
  0001           21: OPT1:DO  EQU      $01               IF OFF, DON'T DUMP ERRORS TO CONSOLE.
  0002           22: OPT1:6801 EQU     $02               IF ON, ASSEMBLE FOR 6801.
                 23: 
                 24: 
                 25: **** DEFAULT OPTION VALUES ****
                 26: 
  0001           27:          IFUND    OPTDFLT
  00C8           28: OPTDFLT  EQU      OPT:DMP!OPT:EL!OPT:LST
                 29:          FIN
                 30: 
  0001           31:          IFUND    OPT1DFLT
  0001           32: OPT1DFLT EQU      OPT1:DO
                 33:          FIN




ASM/6800 1.3H4: 0008 ASM/6800 1.4       - - -   M C S - 6 8 0 0   A S S E M B L E R   - - -
08/16/82 00:00:00; Page 20; Form 11     - - -  I N C L B :   D a t a   S t r u c t u r e  - - -
ASM14A.DEFS.ASM
                 35: *
                 36: *  INCLB:  Data structure
                 37: *
                 38: *        The INCLB: data structure is used to keep track of nested INCLUDE
                 39: *        files, and to cross-reference errors to the appropriate file.
                 40: *
                 41: 
  0000           42:          ORG      0
0000 0002        43: INCLB:NEXT        rmb 2             W/ Address of next INCLB: on master chain.
0002 0002        44: INCLB:ERRCHN      rmb 2             W/ Address of first ERB: for this file.
0004 0002        45: INCLB:PREVB       rmb 2             W/ Address of INCLB: for file that INCLUDEd
                 46:                                     ;  this file.  Used for dynamic nesting.
0006 0002        47: INCLB:FPGE        rmb 2             W/ When suspended, saved FPGE from pg. zero.
0008 0002        48: INCLB:LINEN       rmb 2             W/ When suspended, saved LINEN from pg. zero.
000A 0004        49: INCLB:FPOS        rmb 4             Q/ When suspended, saved file position for
                 50:                                     ;  repositioning when resuming.
000E 0001        51: INCLB:NUM         rmb 1             B/ Serial number of this INCLB:
000F 0001        52: INCLB:LEN         rmb 1             B/ Length of INCLB:TEXT part.
                 53: 
  0010           54: INCLB:SIZE:       equ *             K/ Minimum size of INCLB:
                 55: 
0010 0000        56: INCLB:TEXT        rmb 0             BV/ ASCII text of filename.
                 57: 
                 58: 




ASM/6800 1.3H4: 0010 ASM/6800 1.4       - - -   M C S - 6 8 0 0   A S S E M B L E R   - - -
08/16/82 00:00:00; Page 21; Form 11     - - -  E R B :   ( E r r o r   B l o c k )  - - -
ASM14A.DEFS.ASM
                 60: *
                 61: *  ERB:  (Error Block)  Data Structure Definition.
                 62: *
                 63: 
  0000           64:          ORG      0
0000 0002        65: ERB:NEXT rmb 2    W/ Address of next error block in chain.
0002 0002        66: ERB:FPGE rmb 2    W/ Form # of error.
0004 0002        67: ERB:LINEN         rmb 2             W/ Line # of error.
                 68: 
  0006           69: ERB:SIZE:         equ *             K/ length of an error block.




ASM/6800 1.3H4: 0004 ASM/6800 1.4       - - -   M C S - 6 8 0 0   A S S E M B L E R   - - -
08/16/82 00:00:00; Page 22; Form 12     - - -  M I S C   S Y M B O L S  - - -
ASM14A.DEFS.ASM
                  2:    
                  3: *46*
                  4: *
                  5: *   MISCELLANEOUS SYMBOLS:
                  6: *
  0020            7: BLANK    EQU      $20               ASCII BLANK
  002C            8: ASCII:COMMA EQU   $2C               ASCII COMMA
  000C            9: CTRLL    EQU      $C                ^L
  0009           10: TAB      EQU      $9                ASCII TAB
  0042           11: DDEPTH   EQU      66
  0084           12: DWIDTH   EQU      132               DEFAULT DEPTHS AND WIDTHS.
  0008           13: TABMAX   EQU      8                 SET MAX # OF TABS THAT TABS COM CAN DEFINE




ASM/6800 1.3H4: 0004 ASM/6800 1.4       - - -   M C S - 6 8 0 0   A S S E M B L E R   - - -
08/16/82 00:00:00; Page 23; Form 13     - - - C H A N N E L   D E F I N I T I O N S - - -
ASM14A.DEFS.ASM
                  2: *
                  3: *   The following symbols tell the assembler which channels to use
                  4: *   for each function.
                  5: *
                  6: 
  0000            7: CONS     EQU      0                 CONSOLE
  0001            8: SI       EQU      1                 SOURCE INPUT
  0002            9: LO       EQU      2                 LISTING OUTPUT
  0003           10: BO       EQU      3                 BINARY OUTPUT




ASM/6800 1.3H4: 0004 ASM/6800 1.4       - - -   M C S - 6 8 0 0   A S S E M B L E R   - - -
08/16/82 00:00:00; Page 24; Form 14     - - -  P A G E   Z E R O   W O R K S P A C E  - - -
ASM14A.DEFS.ASM
                  2: *
                  3: *  P A G E  Z E R O   
                  4: *
                  5: *        WORKING STORAGE.
  0000            6: TEMPX    EQU      0                 LOCATION 0 IS A TEMP
  0000            7: TEMPA    EQU      0
  0001            8: TEMPB    EQU      1
                  9: *
  0020           10:          ORG      PZBASE
0020 0002        11: INPTR    RMB      2                 PTR:  USED FOR PROCESSING INPUT LINES.
0022 0002        12: LFPTR    RMB      2                 PTR:  LF
0024 0002        13: CFPTR    RMB      2                 PTR:  ADDRESS OF COMMAND FIELD.
0026 0002        14: AFPTR    RMB      2                 PTR:  ADDRESS OF ARGUMENT FIELD.
0028 0002        15: EXPTR    RMB      2                 PTR:  NEXT CHARACTER TO BE USED BY GNOBJ.
002A 0002        16: FLAMOUT  RMB      2                 PTR:  STACK POINTER FOR EXP EVAL
                 17: *
                 18: *
                 19: *     ARITHMETIC REGISTERS.
                 20: *
002C 0002        21: MLA      RMB      2
002E 0002        22: MLB      RMB      2
0030 0002        23: MLC      RMB      2
0032 0002        24: MLD      RMB      2
                 25: *
0034 0002        26: TPTR     RMB      2                 TEMP POINTER
0036 0002        27: TPTR1    RMB      2                 TEMP POINTER
0038 0002        28: SYMPT    RMB      2                 POINTER TO SYMBOL
003A 0002        29: DIRPT    RMB      2                 DIRECTIVE POINTER
003C 0002        30: IOXSAVE  RMB      2                 X REG SAVE FOR IO ROUTINES
003E 0002        31: INFLINK  RMB      2                 PTR TO FIRST CONS LINE BLOCK.
0040 0002        32: LTPTR    RMB      2                 TEMP FOR LISTING FUNCTIONS
0042 0002        33: LTPTR2   RMB      2                            (DITTO)
                 34: 
                 35: 
  0001           36:  IF DUMPOK
                 37: 
                 38: *
                 39: *   CELLS FOR SYMBOL TABLE DUMP STUFF.
                 40: 
0044 0002        41: RTNPTR   RMB      2                 PTR:  SORT ROUTINE.




ASM/6800 1.3H4: 0046 ASM/6800 1.4       - - -   M C S - 6 8 0 0   A S S E M B L E R   - - -
08/16/82 00:00:00; Page 25; Form 14     - - -  P A G E   Z E R O   W O R K S P A C E  - - -
ASM14A.DEFS.ASM
0046 0002        42: SCHAIN   RMB      2                 PTR:  HEAD OF SORTED SYMBOL LIST.
0048 0002        43: BUCKET   RMB      2                 PTR:  CURRENT BUCKET.
004A 0002        44: LAST     RMB      2                 PTR:  LAST SYMBOL.
004C 0002        45: THIS     RMB      2                 PTR:  THIS SYMBOL.
004E 0002        46: NEW      RMB      2                 PTR:  NEW SYMBOL.
0050 0002        47: SORTAIL  RMB      2                 PTR:  TAIL OF SORT CHAIN.
                 48: 
                 49:  FIN
                 50: *
0052 0002        51: OPPTR    RMB      2                 PTR:  OPCODE ENTRY
                 52: *
                 53: 
                 54: *
                 55: *
                 56: *  SINGLE BYTE QUANTITIES . . .
                 57: *
0054 0001        58: PASS     RMB      1                 IF # 0, THIS IS PASS 2
0055 0001        59: LLTP     RMB      1                 CTR:  # OF LINES LEFT ON THIS PAGE.
  0001           60:          IFUND    MC6809
0056 0001        61: REG      RMB      1                 FLAG:  $FF ==> NO REGISTER SEEN,
                 62:                                     ;      $00 ==> REGISTER A SPECIFIED,
                 63:                                     ;      $01 ==> REGISTER B SPECIFIED.
  0001           64:          ELSE
 *S*             65: PCRFLAG  RMB      1                 PCR INDEX FLAG
 *S*             66: INDXFG   RMB      1                 INDEXED FLAG
 *S*             67: OPSIZE   RMB      1                 OPCODE SIZE
 *S*             68: P2OP     RMB      1                 PREFIX OP CODE IF ANY
 *S*             69: COP      RMB      1                 OP CODE TEMP CELL FOR 680C OPS
 *S*             70: POSTBYTE RMB      1                 POST BYTE VALUE
 *S*             71: BRACKET  RMB      1                 BRACKET (INDIRECT) FLAG
 *S*             72: PCNEXT   RMB      1                 PC NEXT (*') CORRECTION
 *S*             73: PCNEXTREF RMB     1                 *' USED FLAG
 *S*             74: ABRKT    RMB      1                 ANGLE BRACKET FLAG
                 75:          FIN
0057 0001        76: OP       RMB      1                 VALUE:  OPCODE RECOGNIZED.
0058 0001        77: GRP      RMB      1                 VALUE:  GROUP TYPE OF OPCODE.
0059 0001        78: XTYPE    RMB      1                 VALUE:  TYPE OF MOST RECENTLY EVALUATED EXP.
005A 0001        79: RJA      RMB      1                 REJECTED OBJECT (A)
005B 0001        80: RJB      RMB      1                 REJECTED OBJECT (B)
005C 0001        81: RJOBJ    RMB      1                 REJECTED OBJECT FLAG




ASM/6800 1.3H4: 005D ASM/6800 1.4       - - -   M C S - 6 8 0 0   A S S E M B L E R   - - -
08/16/82 00:00:00; Page 26; Form 14     - - -  P A G E   Z E R O   W O R K S P A C E  - - -
ASM14A.DEFS.ASM
005D 0001        82: CUROP    RMB      1                 LOC TO SAVE CURRENT OP IN EXECUTOR
005E 0001        83: RJCH     RMB      1                 CELL:  HOLDS REJECTED CH FOR GETCS.




ASM/6800 1.3H4: 005E ASM/6800 1.4       - - -   M C S - 6 8 0 0   A S S E M B L E R   - - -
08/16/82 00:00:00; Page 27; Form 14     - - -  P A G E   Z E R O   W O R K S P A C E  - - -
ASM14A.DEFS.ASM
                 85: *
                 86: *        SYMBOL TEMPLATE DEFINITION.
                 87: *
                 88: *
  005D           89: SYM:BLK  EQU      *-2
  0000           90: S:NEXT   EQU      0
  0002           91: S:VAL    EQU      *-SYM:BLK
005F 0002        92: VAL      RMB      2
  0004           93: S:TYPE   EQU      *-SYM:BLK
  0004           94: S:TYP    EQU      S:TYPE
0061 0001        95: TYPE     RMB      1
  0005           96: S:LEN    EQU      *-SYM:BLK
0062 0001        97: SYM      RMB      1
  0006           98: S:TEXT   EQU      *-SYM:BLK
0063 0021        99:          RMB      SYMMAX
  0006          100: SENT:L   EQU      S:TEXT-S:NEXT




ASM/6800 1.3H4: 0063 ASM/6800 1.4       - - -   M C S - 6 8 0 0   A S S E M B L E R   - - -
08/16/82 00:00:00; Page 28; Form 15     - - - C E L L S   T O    B E   I N I T I A L I Z E D - - -
ASM14A.DEFS.ASM
                  2:    
                  3: *
                  4: *
                  5: *  THE FOLLOWING CELLS MUST BE INITIALIZED BEFORE EACH PASS.
                  6: *
                  7: *
  0084            8: PVARZ    EQU      *
0084 0001         9: DOCOPY   RMB      1                 FLAG - IF ON COPY LO TO CONSOLE (FOR ERRS)
0085 0002        10: INLLINK  RMB      2                 PTR TO LAST LINK IN INPUT CHAIN
0087 0001        11: INCNT    RMB      1                 FLAG TO INDICATE IF IN SI=CONS MODE
  0001           12:          IF       ERRLINES=1
0088 0002        13: ERRCHAIN RMB      2                 HEAD OF ERROR LINE CHAIN
                 14:          FIN
008A 0003        15: ERR:F    RMB      F$ERRMAX          ERROR FLAGS
008D 0001        16: ERRC     RMB      1                 # OF ERRORS
008E 0001        17: SKPFLG   RMB      1                 SKIP FLAG
008F 0002        18: FPGE     RMB      2                 BCD:  # OF PAGES IN FILE
0091 0002        19: LINEN    RMB      2                 BCD:  CURRENT LINE #
0093 0002        20: PAGEN    RMB      2                 BCD:  CURRENT PAGE #
0095 0001        21: EOFF     RMB      1                 FLAG:  END OF FILE SEEN.
0096 0002        22: PC       RMB      2                 PROGRAM COUNTER
0098 0002        23: LINEPC   RMB      2                 PROGRAM COUNTER FOR HEADER PRINTOUT
009A 0001        24: SKPLVL   RMB      1
009B 0001        25: DOLVL    RMB      1                 DO LEVEL
009C 0001        26: INCLVL   rmb      1                 B/ Current include nesting level.
009D 0001        27: INCLNUM  rmb      1                 B/ Current include file serial number.
009E 0001        28: DPRSET   RMB      1
                 29: 
  009F           30: PVARE    EQU      *
009F 0001        31: EVAFBIAS RMB      1                 ARG FIELD BIAS BY +1 FLAG
                 32: *
                 33: *
                 34: *  THE FOLLOWING CELLS MUST BE SET TO AN INITIAL VALUE BY PINIT
                 35: *
00A0 0001        36: LIST:P   RMB      1                 LISTING FLAGS (PERM)
00A1 0002        37: RPTF     RMB      2                 REPEAT FLAG
                 38: *
                 39: *  CELLS INITIALIZED AT START OF PASS 1
                 40: *
00A3 0002        41: INCLHEAD RMB      2                 W/Pointer to head of INCLB: chain.




ASM/6800 1.3H4: 00A5 ASM/6800 1.4       - - -   M C S - 6 8 0 0   A S S E M B L E R   - - -
08/16/82 00:00:00; Page 29; Form 15     - - - C E L L S   T O    B E   I N I T I A L I Z E D - - -
ASM14A.DEFS.ASM
00A5 0002        42: INCLTAIL rmb      2                 W/Pointer to tail of INCLB: chain.
                 43: ;                                        0 --> empty.
00A7 0002        44: .CURINCLB rmb     2                 W/Pointer to currently open INCLB:.
00A9 0001        45: COLNO    RMB      1                 CURRENT COLUMN #
00AA 0002        46: IOERRLOC RMB      2                 LOC TO RET IF I/O ERROR OCCURS
00AC 0002        47: STPTR    RMB      2                 POINTER TO SYMBOL TABLE
                 48: *
                 49: *  THE FOLLOWING CELLS GET NON-ZERO INITIAL VALUES
                 50: *
  00AE           51: PZ1I     EQU      *
00AE 0002        52: INBUF    RMB      2                 POINTER TO INPUT BUFFER
00B0 0002        53: INBUFE   RMB      2                 END @ OF INPUT BUFFER
00B2 0001        54: WIDTH    RMB      1                 PAGE WIDTH IN COLUMNS
00B3 0001        55: DEPTH    RMB      1                 PAGE DEPTH
00B4 0002        56: TABTBL   RMB      2                 @ OF TAB TABLE.
00B6 0002        57: LBBEG    RMB      2                 @ OF LISTING BUFFER
00B8 0002        58: EOLBF    RMB      2                 @ OF END OF LISTING BUFFER
00BA 0001        59: OPTF     RMB      1                 OPTION BYTE
00BB 0001        60: OPT1F    RMB      1                 SECONDARY OPTION BYTE.
00BC 0002        61: STLOW    RMB      2
                 62: *
  00BE           63: PZ1E     EQU      *
                 64: *
                 65: *  CELLS INITIALIZED AT START OF PASS 2
                 66: *
00BE 0002        67: BBPTR    RMB      2
00C0 0001        68: BBCNT    RMB      1
                 69: *
                 70: *  CELLS INITIALIZED BY LISTING FUCTIONS AT START OF EACH LINE
                 71: *
00C1 0001        72: LIST:T   RMB      1                 LISTING FLAGS (TEMP)
00C2 0002        73: LBFPT    RMB      2                 PTR:  NEXT CH IN LISTING BUF
00C4 0001        74: PCPUT    RMB      1                 FLAG:  PC FIELD USED
                 75: 
                 76: 
  0000           77:          IF       *>>PZMAX          IDIOT CHECK FOR P/ZERO TOO BIG...
 *S*             78: PZBASE   EQU      0                 GENERATE AN ERROR.
                 79:          FIN
                 80: 
  00C5           81: PZEND    EQU      *                 REMEMBER TOP BYTE OF P/ZERO.




ASM/6800 1.3H4: 00C4 ASM/6800 1.4       - - -   M C S - 6 8 0 0   A S S E M B L E R   - - -
08/16/82 00:00:00; Page 30; Form 15     - - - C E L L S   T O    B E   I N I T I A L I Z E D - - -
ASM14A.DEFS.ASM
  00A5           82: PZSIZE   EQU      PZEND-PZBASE      AND TOTAL SIZE OF P/ZERO.




ASM/6800 1.3H4: 00C4 ASM/6800 1.4       - - -   M C S - 6 8 0 0   A S S E M B L E R   - - -
08/16/82 00:00:00; Page 31; Form 16     - - - I / O   P A C K A G E   I N T E R F A C E - - -
ASM14A.DEFS.ASM
  0100            2:          ORG      CODE
  0100            3: START    ;JMP     ASM               GO START ASM
0100 7E0724       4:          JMP      ASM
                  5: *
                  6: * PUT IN JUMP TABLE FOR SD I/O ROUTINES
                  7: *
                  8:          ;JMP     IOERROR           HANDLE I/O ERROR
0103 7E2B82       9:          JMP      IOERROR
  00FC           10: IOPKGBASE EQU     $FC               LOC CONTAINS FIRST UNUSABLE LOC
0106 0002        11:          RMB      2                 USED TO BE IOPKGBASE.
0108 0003        12: OPEN$    RMB      3                 SAVE SPACE FOR JUMP TO PROPER ROUTINE
010B 0003        13: CLOSE$   RMB      3                 SAVE SPACE FOR JUMP TO PROPER ROUTINE
010E 0003        14: CREATE$  RMB      3                 SAVE SPACE FOR JUMP TO PROPER ROUTINE
0111 0003        15: GETPOS$  RMB      3                 SAVE SPACE FOR JUMP TO PROPER ROUTINE
0114 0003        16: GETWD$   RMB      3                 SAVE SPACE FOR JUMP TO PROPER ROUTINE
0117 0003        17: ISCONSOLE$        RMB               3    SAVE SPACE FOR JUMP TO PROPER ROUTINE
011A 0003        18: RASCII$  RMB      3                 SAVE SPACE FOR JUMP TO PROPER ROUTINE
011D 0003        19: RBIN$    RMB      3                 SAVE SPACE FOR JUMP TO PROPER ROUTINE
0120 0003        20: WASCII$  RMB      3                 SAVE SPACE FOR JUMP TO PROPER ROUTINE
0123 0003        21: WRITEREC$ RMB     3                 SAVE SPACE FOR JUMP TO PROPER ROUTINE
0126 0003        22: POSITION$ RMB     3                 SAVE SPACE FOR JUMP TO PROPER ROUTINE
0129 0003        23: EXIT$    RMB      3                 SAVE SPACE FOR JUMP TO PROPER ROUTINE
012C 0003        24: EOF$     RMB      3                 SAVE SPACE FOR JUMP TO PROPER ROUTINE
012F 0003        25: GTSIZE$  RMB      3                 SAVE SPACE FOR JUMP TO PROPER ROUTINE
0132 0003        26: RESET$   RMB      3                 SAVE SPACE FOR JUMP TO PROPER ROUTINE
0135 0003        27: DATE$    RMB      3                 SAVE SPACE FOR JUMP TO PROPER ROUTINE
0138 0003        28: TIME$    RMB      3                 SAVE SPACE FOR JUMP TO PROPER ROUTINE
013B 0002        29: STACK$   RMB      2                 LOC CONTAINS STACK ADDR TO USE
013D 0002        30: STACKM   RMB      2                 MAX STACK LOC
013F 0003        31: ERROR$   RMB      3                 XFER VEC TO ERROR MESSAGE PRINTER.
0142 0003        32: CRAPOUT$ RMB      3                 ERROR EXIT TO DEFAULTPROGRAM
0145 05BB        33:          RMB      CODE+$600-*       SPACE FOR I/O PACKAGE
                 34: *
0700 434F5059    35:          FCC      "COPYRIGHT (C) 1979  TERRILL M. MOORE"
                109:          END      ;UNEXPECTED EOF
                  0:          INCLUDE  ASM14A.MAIN.ASM




ASM/6800 1.3H4: 0720 ASM/6800 1.4       - - -   M C S - 6 8 0 0   A S S E M B L E R   - - -
08/16/82 00:00:00; Page 32; Form 1      - - -  M A I N   L O O P  - - -
ASM14A.MAIN.ASM
                  2: *
                  3: *  MAIN LOOP OF ASSEMBLER
                  4: *
  0724            5: ASM      EQU      *                 START ADDRESS FOR ASSEMBLY
0724 BE013B       6:          LDS      STACK$            LOAD STACK PTR
                  7:          ;JSR     RESET$            RESET EVERYONE
0727 BD0132       8:          JSR      RESET$
                  9:          ;JSR      P1INIT            DO SETUP FOR PASS 1,
072A BD1A57      10:          JSR      P1INIT
  072D           11: LOOP1    ;JSR      PINIT             DO SETUP FOR EVERY PASS,
072D BD1A27      12:          JSR      PINIT
                 13: *
0730 8D42        14: LOOP     BSR      READ              READ RECORD & DO PRE-SCAN
                 15:          ;JSR      DOIT              EXECUTE THE COMMAND
0732 BD08F6      16:          JSR      DOIT
0735 9695        17:          LDAA     EOFF              DID WE HIT AN END ?
0737 27F7        18:          BEQ      LOOP              B/ NO:  KEEP GOING
                 19: *
  0739           20: ENDIT    ;JSR      END:              WHEN WE HIT AN END OF FILE,
0739 BD1875      21:          JSR      END:
073C 20F2        22:          BRA      LOOP                Treat as END.  Only returns if end of
                 23: ;                                     INCLUDE file.
                 24: *
                 25: *        SIMPLE, ISN'T IT?
                 26: *




ASM/6800 1.3H4: 073C ASM/6800 1.4       - - -   M C S - 6 8 0 0   A S S E M B L E R   - - -
08/16/82 00:00:00; Page 33; Form 2      - - -  R E A D   I N P U T   L I N E  - - -
ASM14A.MAIN.ASM
                  2: *
                  3: *
                  4: *  R E A D
                  5: *
                  6: *        NO ARGUMENTS.
                  7: *        SETS @INBUF := NEXT NON-COMMENT INPUT LINE, TERMINATED
                  8: *          BY A NULL.  USES INPTR TO MAINTAIN POINTER INTO INBUF
                  9: *
                 10: *        THE FOLLOWING FUNCTIONS ARE HANDLED HERE (OR IN ROUTINES CALLED HERE):
                 11: *
                 12: *        (1)      RECOGNITION & ELIMINATION OF COMMENT LINES.
                 13: *        (2)      RECOGNITION OF COMMAND FIELD.  (CFPTR)
                 14: *        (3)      MACRO EXPANSION (ACTUAL TEXT SUBSTITUTION ONLY);
                 15: *                 CODE TO DO MACRO EXPANSION HERE IFF. MACRO = 1
                 16: *        (4)      ITERATIVE ASEMBLY (PACKING & UNPACKING FROM MEM)
                 17: *                 IFF. ITER = 1
                 18: *        (5)      NULLS ARE ELIMINATED (I.E. IGNORED)
                 19: *        (6)      ^L (FORM-FEED) CHARACTERS IN COLUMN 1 ARE
                 20: *                 REMOVED, AND A PAGE IS SIGNALED.
                 21: *        (7)      SOURCE LINE NUMBERS ARE ELIMINATED, AND THE LABEL
                 22: *                 FIELD IS FOUND (LFPTR).
                 23: *        (8)      IF END OF FILE WAS ENCOUNTERED READING THIS LINE, **EOF
                 24: *                 ENOUNTERED** IS REPORTED.
                 25: *




ASM/6800 1.3H4: 073C ASM/6800 1.4       - - -   M C S - 6 8 0 0   A S S E M B L E R   - - -
08/16/82 00:00:00; Page 34; Form 3      - - -  R E A D   I N P U T   L I N E  - - -
ASM14A.MAIN.ASM
                  2: 
                  3: **** Handle end of file -- dummy up an END ****
073E 969C         4: RENDIT   LDAA     INCLVL            ARE WE IN AN INCLUDE FILE?
0740 260F         5:          BNE      INCLEOF           B/YES
                  6:          ;JSR     ENDER             BITCH ABOUT MISSING END
0742 BD087F       7:          JSR      ENDER
                  8:          ;LDX     INBUF
0745 DEAE         9:          LDX      INBUF
0747 DF34        10:          STX      TPTR
                 11:          ;LDX     #RENDEND          Load address of an END image,
0749 CE07FA      12:          LDX      #RENDEND
                 13:          ;JSR     MOVEB1              move it to INBUF.
074C BD2C12      14:          JSR      MOVEB1
074F 202F        15:          BRA      READ1             Now, process line.
                 16: 
0751 32          17: INCLEOF  PULA                       PRUNE
0752 32          18:          PULA                        STACK
                 19:          ;JMP     ENDIT
0753 7E0739      20:          JMP      ENDIT
                 21: 
                 22: *
                 23: * LINE W/O CF:
0756 5D          24: READC1   TSTB                       ;LF SEEN?
0757 2709        25:          BEQ      READC             ;NO
  0759           26: READE    ;LDX     #FAKEEQU          WELL.. FAKE "LF EQU *"
0759 CE07B1      27:          LDX      #FAKEEQU
075C DF24        28:          STX      CFPTR
075E 08          29:          INX
075F DF28        30:          STX      EXPTR
0761 39          31:          RTS
                 32: *
0762 9695        33: READC    LDAA     EOFF              HIT END OF FILE?
0764 26D8        34:          BNE      RENDIT             B/ YES:  PERFORM AN "END"
                 35:          ;LDX     RPTF              ARE WE SKIPPING DUE TO RPT 0 ?
0766 DEA1        36:          LDX      RPTF
0768 2704        37:          BEQ      READC2            B/ YES ==> MARK AS SKIPPED.
076A 968E        38:          LDAA     SKPFLG            ARE WE SKIPPING DUE TO IF 0 ?
076C 2703        39:          BEQ      READC3              B/ NO; NORMAL LISTING.
  076E           40: READC2   ;JSR     MRKSKP            SKIPPING A COMMENT (?!)
076E BD2709      41:          JSR      MRKSKP




ASM/6800 1.3H4: 076E ASM/6800 1.4       - - -   M C S - 6 8 0 0   A S S E M B L E R   - - -
08/16/82 00:00:00; Page 35; Form 3      - - -  R E A D   I N P U T   L I N E  - - -
ASM14A.MAIN.ASM
  0771           42: READC3   EQU      *
                 43:          ;JSR      LIST              LIST A COMMENT LINE...
0771 BD220D      44:          JSR      LIST
  0774           45: READ     EQU      *                 ENTRY POINT FOR READ
                 46:          ;JSR      CLRLST            CLEAR LISTING FUNCTIONS,
0774 BD26D9      47:          JSR      CLRLST
                 48:          ;LDX      #LINEN            BUMP LINE #
0777 CE0091      49:          LDX      #LINEN
                 50:          ;JSR      INCBCD            IN BCD.
077A BD0823      51:          JSR      INCBCD
                 52:          ;JSR     INLINE            GO GET A LINE FROM WHOMEVER IS GIVING THEM OUT
077D BD2B90      53:          JSR      INLINE
  0780           54: READ1    EQU      *                 CONTINUE WITH LINE PROCESSING.




ASM/6800 1.3H4: 077D ASM/6800 1.4       - - -   M C S - 6 8 0 0   A S S E M B L E R   - - -
08/16/82 00:00:00; Page 36; Form 4      - - -  R E A D   I N P U T   L I N E  - - -
ASM14A.MAIN.ASM
                  2: *
                  3: *   LINE HAS BEEN INPUT;  NOW FIND THE CF, FILTER OUT COMMENTS,
                  4: *   AND HANDLE CONTROL-L'S.
                  5: *
  0780            6: READ20   EQU      *
                  7:          ;LDX      INBUF             ;MOVE POINTER...
0780 DEAE         8:          LDX      INBUF
0782 DF28         9:          STX      EXPTR             ;TO START OF BUFFER
                 10: *
                 11: *START TO SCAN LINE
                 12: *
0784 8D31        13: READ2    BSR      RGNUM             READ LINE NUMBER (IF ANY)...SET UP LFPTR.
                 14:          ;JSR      GETXC             ;GET THE FIRST CHAR.(INC EXPTR)
0786 BD1F95      15:          JSR      GETXC
                 16:          ;JSR      WHICH             ;WHAT IS IT?
0789 BD0832      17:          JSR      WHICH
078C 20          18:          FCB      +BLANK
078D 07E0        19:          FDB      READ3             B/ BLANK:  END OF LABEL.(NO LABEL)
078F 09          20:          FCB      +TAB
0790 07E0        21:          FDB      READ3             B/ TAB:  END OF LABEL.(NO LABEL)
0792 2A          22:          FCB      +'*
0793 0762        23:          FDB      READC             B/ * ==> COMMENT
0795 3B          24:          FCB      +';
0796 0762        25:          FDB      READC             B/ ; ==> COMMENT
0798 0D          26:          FCB      +$D
0799 0762        27:          FDB      READC             B/ CR ==> COMMENT
                 28: *
  0000           29:          DO       STRINGS=1
 *S*             30:          FCB      +'"
 *S*             31:          FDB      READQS            B/ " ==> QUOTED STRING
                 32:          FIN
                 33: *
079B 00          34:          FCB      0
                 35: *
                 36: * NONE OF THE ABOVE:  EAT A LABEL FIELD.
  079C           37: READ2L   ;JSR      GETXC             ;GET A CHAR
079C BD1F95      38:          JSR      GETXC
                 39:          ;JSR      WHICH             ;WHAT IS IT.
079F BD0832      40:          JSR      WHICH
                 41:    




ASM/6800 1.3H4: 07A2 ASM/6800 1.4       - - -   M C S - 6 8 0 0   A S S E M B L E R   - - -
08/16/82 00:00:00; Page 37; Form 4      - - -  R E A D   I N P U T   L I N E  - - -
ASM14A.MAIN.ASM
07A2 20          42:          FCB      +BLANK            B/ BLANK:  END OF LABEL.
07A3 07DC        43:          FDB      READ3A
07A5 09          44:          FCB      +TAB
07A6 07DC        45:          FDB      READ3A            B/ TAB ==> END OF LABEL.
07A8 3B          46:          FCB      +';
07A9 0759        47:          FDB      READE             B/ '; ==> LF W/O CF ==> YECCH.
07AB 0D          48:          FCB      +$D
07AC 0759        49:          FDB      READE             B/  CR ==> LF W/O CF ==> YELL.
                 50: *
  0000           51:          DO       STRINGS=1
 *S*             52:          FCB      +'"               B/ DBL QUOTE ==> ANOTHER STRING
 *S*             53:          FDB      READQS
                 54:          FIN
                 55: *
07AE 00          56:          FCB      +0                END OF LIST
07AF 20EB        57:          BRA      READ2L
                 58: 
                 59: 
07B1 45515520    60: FAKEEQU  FCC      'EQU *'
07B6 0D          61:          FCB      $0D




ASM/6800 1.3H4: 07B6 ASM/6800 1.4       - - -   M C S - 6 8 0 0   A S S E M B L E R   - - -
08/16/82 00:00:00; Page 38; Form 4      - - -  R E A D   I N P U T   L I N E  - - -
ASM14A.MAIN.ASM
                 63: *
                 64: *  RGNUM --
                 65: *
                 66: *        SCANS AND DELETES LINE NUMBERS FROM BEGINNING OF LINE (IF LN-
                 67: * SCANNING WAS REQUESTED).
                 68: *
                 69: *        SETS LFPTR TO FIRST CH OF LABEL FIELD.
                 70: *
                 71: 
  07B7           72: RGNUM    EQU      *
07B7 96BA        73:          LDAA     OPTF              ARE LINE NUMBERS PRESENT TO BE DELETED?
07B9 8510        74:          BITA     #OPT:LN             FIND OUT BY CHECKING THE OPTION FLAGS...
07BB 271A        75:          BEQ      RGRTS               B/ NO...  JUST SET LFPTR AND RETURN.
                 76: 
  07BD           77: RGNUM1   EQU      *                 OTHERWISE GNAW AWAY AT UNSIGHTLY
                 78:          ;JSR     GETXC               LINE NUMBERS.   READ A CHARACTER,
07BD BD1F95      79:          JSR      GETXC
                 80:          ;JSR     CHRANGE             AND MAKE DECISION ACCORDING TO WHAT IT IS.
07C0 BD0848      81:          JSR      CHRANGE
07C3 303907BD    82:          +'0,'9,RGNUM1              DIGIT ==> EAT SOME MORE.
07C7 2E2E07BD    83:          +'.,'.,RGNUM1              DOT   ==> EAT SOME MORE.
07CB 202007D7    84:          +BLANK,BLANK,RGRTS         SPACE ==> END OF NUMBER, EAT IT TOO.
07CF 090907D7    85:          +TAB,TAB,RGRTS             TAB   ==> LIKE SPACE.
07D3 00          86:          0                          <END OF LIST>
                 87:  
                 88: *  ALL OTHER CHARACTERS COME HERE... AND MEAN 'IMMEDIATE END OF NUMBER, START
                 89: *  OF LABEL FIELD.
                 90: 
                 91:          ;JSR     REJXC             SO GIVE THE CHARACTER BACK TO THE LABEL FIELD.
07D4 BD1F9E      92:          JSR      REJXC
                 93: 
  07D7           94: RGRTS    EQU      *                 COME HERE TO SET LFPTR TO EXPTR AND SPLIT.
                 95:          ;LDX     EXPTR             WHAT DID I TELL YOU?
07D7 DE28        96:          LDX      EXPTR
07D9 DF22        97:          STX      LFPTR             (A BRIEF MUSICAL INTERLUDE)
07DB 39          98:          RTS                        LIKE THE MAN SAID....




ASM/6800 1.3H4: 07DB ASM/6800 1.4       - - -   M C S - 6 8 0 0   A S S E M B L E R   - - -
08/16/82 00:00:00; Page 39; Form 5      - - -  R E A D   I N P U T   L I N E  - - -
ASM14A.MAIN.ASM
                  1: *
                  2: * EAT A STRING:
                  3: *
  0000            4:          DO       STRINGS=1
 *S*              5: READQS   EQU      *
 *S*              6:          ;JSR      GETXC             ;GET A CHARACTER
 *S*              7:          JSR      GETXC
 *S*              8:          ;CMPA     #$D               ;END OF LINE?
 *S*              9:          CMPA     #$D
 *S*             10:          BEQ      READE             ;B/ YES ==> END OF THE LINE FOR THIS
 *S*             11:          ;CMPA     #'"               ;END OF STRING?
 *S*             12:          CMPA     #'"
 *S*             13:          BNE      READQS            ;B/ NO ==> GET ANOTHER CH.
 *S*             14:          BRA      READ2L            ;END ==> GO EAT REST OF LF.
                 15:          FIN
                 16: *
                 17: *  EAT BLANKS TO START OF CF
                 18: *
07DC C6FF        19: READ3A   LDAB     #$FF              ;REMEMBER THAT LF SEEN
07DE 2001        20:          BRA      READ3L            ;SKIP NEXT BYTE
07E0 5F          21: READ3    CLRB                       ;REMEMBER:  NO LF SEEN
  07E1           22: READ3L   ;JSR      GETXC             ;GET ANOTHER CHARACTER
07E1 BD1F95      23:          JSR      GETXC
                 24:          ;JSR      WHICH             ;WHAT IS IT.
07E4 BD0832      25:          JSR      WHICH
07E7 20          26:          FCB      +BLANK
07E8 07E1        27:          FDB      READ3L            BLANK ==> KEEP GETTING
07EA 09          28:          FCB      +TAB
07EB 07E1        29:          FDB      READ3L            TAB >> DITTO
07ED 3B          30:          FCB      +';
07EE 0756        31:          FDB      READC1            ; ==> NO CF
07F0 0D          32:          FCB      +$D
07F1 0756        33:          FDB      READC1            CR ==> NO CF
07F3 00          34:          FCB      +0                END.
                 35: *
                 36: * FOUND CF.
                 37:          ;LDX      EXPTR             GET POINTER TO CF
07F4 DE28        38:          LDX      EXPTR
07F6 09          39:          DEX                        ;POINT TO START,
07F7 DF24        40:          STX      CFPTR             ;AND SAVE IT.




ASM/6800 1.3H4: 07F9 ASM/6800 1.4       - - -   M C S - 6 8 0 0   A S S E M B L E R   - - -
08/16/82 00:00:00; Page 40; Form 5      - - -  R E A D   I N P U T   L I N E  - - -
ASM14A.MAIN.ASM
07F9 39          41: READR    RTS                        ;SPLIT.
                 42: 
                 43: **** Image of end statement for happy assembler ****
07FA 09454E44    44: RENDEND fcc       / END              ;<<Supplied By ASM>>/
0813 0D00        45:          fcb      $D,0




ASM/6800 1.3H4: 0813 ASM/6800 1.4       - - -   M C S - 6 8 0 0   A S S E M B L E R   - - -
08/16/82 00:00:00; Page 41; Form 6      - - -  F O R M F E E D  - - -
ASM14A.MAIN.ASM
                  2: 
                  3: **** FORMFEED ****
                  4: 
                  5: *        DOES ALL WORK REQUIRED WHEN A FORM SEPARATION IS DETECTED
                  6: *        IN THE SOURCE FILE.  FAIRLY TRIVIAL.
                  7: 
                  8: 
  0815            9: FORMFEED EQU      *
                 10:          ;JSR     EJECT             ADVANCE LISTING,
0815 BD1561      11:          JSR      EJECT
                 12:          ;LDX     #FPGE             BUMP FORM COUNTER.
0818 CE008F      13:          LDX      #FPGE
081B 8D06        14:          BSR      INCBCD
                 15:          ;LDX     #1                RESET LINE-#-WITHIN-FORM
081D CE0001      16:          LDX      #1
0820 DF91        17:          STX      LINEN
                 18: 
0822 39          19:          RTS                        AND GO HOME.




ASM/6800 1.3H4: 0822 ASM/6800 1.4       - - -   M C S - 6 8 0 0   A S S E M B L E R   - - -
08/16/82 00:00:00; Page 42; Form 7      - - - I N C B C D - - -
ASM14A.MAIN.ASM
                  2: *
                  3: *  INCBCD --
                  4: *        INCREMENTS A BCD NUMBER POINTED TO BY X
                  5: *
                  6: *        ACCA IS CHANGED
                  7: *
  0823            8: INCBCD   EQU      *
0823 A601         9:          LDAA     1,X               GET LOW BYTE
0825 8B01        10:          ADDA     #1                INCREMENT IT
0827 19          11:          DAA                        ADJUST IT,
0828 A701        12:          STAA     1,X               AND SAVE IT.
082A A600        13:          LDAA     0,X               DO SAME FOR HIGH BYTE
082C 8900        14:          ADCA     #0
082E 19          15:          DAA
082F A700        16:          STAA     0,X
0831 39          17:          RTS




ASM/6800 1.3H4: 0831 ASM/6800 1.4       - - -   M C S - 6 8 0 0   A S S E M B L E R   - - -
08/16/82 00:00:00; Page 43; Form 8      - - - W H I C H - - -
ASM14A.MAIN.ASM
                  2: *
                  3: *4*
                  4: *
                  5: *
                  6: * WHICH --
                  7: *        DOES A TABLE BRANCH ACCORDING TO THE CONTENTS OF A.
                  8: *
                  9: *        A IS COMPARED W/ THE FIRST BYTE OF A 3-BYTE ENTRY;
                 10: *        IF IT MATCHES, THEN THE NEXT TWO BYTES ARE TAKEN AS
                 11: *        THE EXIT ADDRESS.  OTHERWISE, THE NEXT ENTRY IS TRIED.
                 12: *        THIS GOES ON UNTIL AN ENTRY IS FOUND W/ A ZERO ENTRY.
                 13: *
                 14: *        NOTE THAT A SHOULD NOT BE ZERO.  IF NO MATCH IS FOUND
                 15: *        THEN WHICH RETURNS TO THE BYTE FOLLOWING THE ZERO BYTE.
                 16: *
                 17: *
  0832           18: WHICH    EQU      *
                 19:          ;PULX                      ;Get table address
0832 30          20:          TSX
0833 EE00        21:          LDX      0,X
0835 31          22:          INS
0836 31          23:          INS
                 24: *
  0837           25: WHCH1    ;CMPA     0,X               ;IS THIS THE ONE?
0837 A100        26:          CMPA     0,X
0839 2709        27:          BEQ      WHCHX             ;B/YES ==>  BYE.
                 28:          ;LEAX    3,X
  0000           29:          IF       3<0
 *S*             30:          RPT      -3
 *S*             31:          DEX
                 32:          ELSE
  0003           33:          RPT      3
083B 08          34:          INX
                 35:          FIN
083E 6D00        36:          TST      0,X               ;END OF LIST?
0840 26F5        37:          BNE      WHCH1             ;B/ NO==> TRY ANOTHER.
                 38: *
                 39:          ;JMP      1,X               ;TAKE FAIL EXIT.
0842 6E01        40:          JMP      1,X
                 41: *




ASM/6800 1.3H4: 0842 ASM/6800 1.4       - - -   M C S - 6 8 0 0   A S S E M B L E R   - - -
08/16/82 00:00:00; Page 44; Form 8      - - - W H I C H - - -
ASM14A.MAIN.ASM
                 42: * MATCH FOUND--
  0844           43: WHCHX    ;LDX      1,X               GET THE RETURN @
0844 EE01        44:          LDX      1,X
                 45:          ;JMP      0,X               AND GO, BABY, GO.
0846 6E00        46:          JMP      0,X




ASM/6800 1.3H4: 0846 ASM/6800 1.4       - - -   M C S - 6 8 0 0   A S S E M B L E R   - - -
08/16/82 00:00:00; Page 45; Form 9      - - - C H R A N G E - - -
ASM14A.MAIN.ASM
                  2: *
                  3: *
                  4: *  C H R A N G E
                  5: *
                  6: *        Check for character in A in a specified range; branch
                  7: *        to appropriate place if so.
                  8: *
                  9: *
  0848           10: CHRANGE  EQU      *
                 11:          ;PULX                      ;Table address
0848 30          12:          TSX
0849 EE00        13:          LDX      0,X
084B 31          14:          INS
084C 31          15:          INS
  084D           16: CHRLP    ;CMPA     0,X
084D A100        17:          CMPA     0,X
084F 2D08        18:          BLT      CHRNX
                 19:          ;CMPA     1,X
0851 A101        20:          CMPA     1,X
0853 2E04        21:          BGT      CHRNX
                 22:          ;LDX      2,X
0855 EE02        23:          LDX      2,X
                 24:          ;JMP      0,X
0857 6E00        25:          JMP      0,X
                 26: *
  0859           27: CHRNX    ;LEAX    4,X
  0000           28:          IF       4<0
 *S*             29:          RPT      -4
 *S*             30:          DEX
                 31:          ELSE
  0004           32:          RPT      4
0859 08          33:          INX
                 34:          FIN
085D 6D00        35:          TST      0,X
085F 26EC        36:          BNE      CHRLP
                 37:          ;JMP      1,X               TAKE A FLYING LEAP
0861 6E01        38:          JMP      1,X




ASM/6800 1.3H4: 0861 ASM/6800 1.4       - - -   M C S - 6 8 0 0   A S S E M B L E R   - - -
08/16/82 00:00:00; Page 46; Form 10     - - - E R R O R   S U B R O U T I N E S - - -
ASM14A.MAIN.ASM
                  2:    
                  3: *5*
                  4: *
                  5: * ERROR ROUTINES:
                  6: *
                  7: *  ERROR ROUTINES WILL ALWAYS CONSIST OF A BSR TO ERROR,
                  8: *  FOLLOWED BY A TWO-BYTE FLAG VALUE.  THIS VALUE WILL BE
                  9: *  INCLUSIVE 'OR'ED INTO ERRFLG.
                 10: *
0863 8D4E        11: CRSCAN   BSR      ERROR             ;LF W/O CF.
0865 0001        12:          FDB      F:ILLF
                 13: *
  0863           14: ILLF     EQU      CRSCAN
                 15: *
0867 8D4A        16: SYNTAX   BSR      ERROR             ;SYNTAX ERROR
0869 0002        17:          FDB      F:SYNTX
                 18: *
086B 8D46        19: ILLAF    BSR      ERROR
086D 0004        20:          FDB      F:ILLAF           ;ILLEGAL AF
                 21: *
086F 8D42        22: UNDEF    BSR      ERROR
0871 0008        23:          FDB      F:UNDF            ;UNDEFINED SYMBOL
                 24: *
0873 8D3E        25: DDEF     BSR      ERROR
0875 0010        26:          FDB      F:DDEF            ;DOUBLY DEFINED SYMBOL
                 27: *
0877 8D3A        28: UDDEF    BSR      ERROR
0879 0020        29:          FDB      F:UDDF            ;USE OF DBL-DEF SYMBOL
                 30: *
087B 8D36        31: NSTER    BSR      ERROR             *E* NESTING ERROR IF/DO/CASE
087D 0040        32:          FDB      F:NST
                 33: *
087F 8D32        34: ENDER    BSR      ERROR             *E* EOF HIT BEFORE END STATEMENT.
0881 0080        35:          FDB      F:END
                 36: *
0883 8D2E        37: OVRFLW   BSR      ERROR             *E* VALUE OVERFLOWED FIELD
0885 0101        38:          FDB      F:OVF
                 39: *
0887 8D2A        40: BRANERR  BSR      ERROR             *E* OUT-OF-RANGE BRA/BSR
0889 0102        41:          FDB      F:BRA




ASM/6800 1.3H4: 0889 ASM/6800 1.4       - - -   M C S - 6 8 0 0   A S S E M B L E R   - - -
08/16/82 00:00:00; Page 47; Form 10     - - - E R R O R   S U B R O U T I N E S - - -
ASM14A.MAIN.ASM
                 42: *
088B 8D26        43: ILLVAL   BSR      ERROR             *E* ILLEGAL VALUE
088D 0104        44:          FDB      F:ILV
                 45: *
088F 8D22        46: BADDIG   BSR      ERROR             *E* BAD DIGIT
0891 0108        47:          FDB      F:BADD
                 48: *
0893 8D1E        49: SYMOV    BSR      ERROR             *E* SYMBOL TABLE OVERFLOW
0895 0110        50:          FDB      F:SYMOV
                 51: *
0897 8D1A        52: ILLSTR   BSR      ERROR             *E* ILLEGAL STRING
0899 0120        53:          FDB      F:ILST
                 54: *
089B 8D16        55: PHASERR  BSR      ERROR             *E* PHASE ERROR.
089D 0140        56:          FDB      F:PHASE
                 57: *
089F 8D12        58: ILLCF    BSR      ERROR             *E* REGISTER MISSING ON OPCODE LINE.
08A1 0180        59:          FDB      F:ILLCF
                 60: *
08A3 8D0E        61: ILTRUNC  BSR      ERROR             *E* INPUT LINE WAS TOO LONG.
08A5 0201        62:          #F:ILTRUNC
                 63: 
08A7 8D0A        64: FILNOTF  BSR      ERROR             *E* INCLUDE FILE NOT FOUND
08A9 0202        65:          #F:FILNOTF
                 66: 
  08AB           67: FRCREFERR
08AB 8D06        68:          BSR      ERROR             *E* Forced reference impossible
08AD 0204        69:          #F:FRCREF
                 70: 
08AF 8D02        71: SAERR    BSR      ERROR             *E* START ADDRESS ERROR (NON-MATCH)
08B1 0208        72:          #F:SAERR




ASM/6800 1.3H4: 08B1 ASM/6800 1.4       - - -   M C S - 6 8 0 0   A S S E M B L E R   - - -
08/16/82 00:00:00; Page 48; Form 11     - - - E R R O R   S U B R O U T I N E S - - -
ASM14A.MAIN.ASM
                  2: *
                  3: *
                  4: * NAME:  ERROR
                  5: *
                  6: * FUNCTION:       MERGES ERROR CODE INTO FLAGS OF ERRORS REPORTED
                  7: *        FOR THIS LINE.
                  8: *
                  9: * CALL:
                 10: *        <TOS, TOS-1>               ADDRESS OF ERROR CODE.
                 11: *        <NOS, NOS-1>               RETURN ADDRESS.
                 12: *
                 13: * ERROR CODES HAVE THE FOLLOWING FORM:
                 14: *        FCB      GROUP,MASK
                 15: *
                 16: *        GROUP    INDICATES WHICH CELL IN ERR:F IS TO BE UPDATED;
                 17: *        MASK     IS A BIT MASK INDICATING WHICH BIT IS TO BE UPDATED.
                 18: *
                 19: * REGISTERS:
                 20: *        A AND B ARE PRESERVED;  X IS DESTROYED.
                 21: *
                 22: *
  08B3           23: ERROR
                 24:          ;PULX                      ;Error code address
08B3 30          25:          TSX
08B4 EE00        26:          LDX      0,X
08B6 31          27:          INS
08B7 31          28:          INS
08B8 36          29:          PSHA                       ;GET SOME WORKING STORAGE
08B9 37          30:          PSHB
08BA A601        31:          LDAA     1,X               LOAD ERROR MASK,
08BC E600        32:          LDAB     0,X                    ERROR GROUP.
                 33:          ;JSR     LDAXB             CONVERT ERROR GROUP TO ERROR FLAG CELL @.
08BE BD2001      34:          JSR      LDAXB
08C1 008A        35:          #ERR:F                          (BASE OF ERROR FLAG TABLE)
08C3 A500        36:          BITA     0,X               IS FLAG ALREADY SET?
08C5 2613        37:          BNE      RTERR                  B/ YEAH, DON'T BUMP COUNT.
08C7 AA00        38:          ORAA     0,X               ELSE, SET FLAG,
08C9 A700        39:          STAA     0,X                    RETURN RESULT TO TABLE.
                 40: 
                 41: *  BUMP GLOBAL ERROR COUNT.....




ASM/6800 1.3H4: 08CB ASM/6800 1.4       - - -   M C S - 6 8 0 0   A S S E M B L E R   - - -
08/16/82 00:00:00; Page 49; Form 11     - - - E R R O R   S U B R O U T I N E S - - -
ASM14A.MAIN.ASM
08CB 968D        42:          LDAA     ERRC              GET THE COUNT -- IT'S BCD.
08CD 8B01        43:          ADDA     #1                     ADD 1 TO IT,
08CF 19          44:          DAA                             IN DECIMAL.
08D0 2502        45:          BCS      ERROR$1                B/ OVERFLOW, DON'T SAVE.
08D2 978D        46:          STAA     ERRC              ELSE SAVE.
                 47: 
  08D4           48: ERROR$1 EQU       *
08D4 96C1        49:          LDAA     LIST:T            SET "ERROR LINE" FLAG FOR LISTER.
08D6 8A01        50:          ORAA     #LF:ERR
08D8 97C1        51:          STAA     LIST:T
                 52: 
                 53: *  COMMON EXIT PATH.
08DA 33          54: RTERR    PULB                       RESTORE REGISTERS & EXIT.
08DB 32          55:          PULA
08DC 0C          56:          CLC
08DD 39          57:          RTS




ASM/6800 1.3H4: 08DD ASM/6800 1.4       - - -   M C S - 6 8 0 0   A S S E M B L E R   - - -
08/16/82 00:00:00; Page 50; Form 11     - - - I S I T - - -
ASM14A.MAIN.ASM
                 59: *
                 60: *
                 61: *  I S I T
                 62: *
                 63: *        SCANS A LIST OF VALUES, RETURNS CC # 0 IF
                 64: *        NONE OF THEM ARE EQUAL  TO THE VALUE IN ACCA
                 65: *
                 66: *        A, X ARE DESTROYED.
                 67: *
                 68: *
  08DE           69: ISIT     EQU      *
                 70:          ;PULX                      Pointer to table
08DE 30          71:          TSX
08DF EE00        72:          LDX      0,X
08E1 31          73:          INS
08E2 31          74:          INS
  08E3           75: ISITL    ;CMPA     0,X               IS THE NEXT ONE THE ONE I WANT?
08E3 A100        76:          CMPA     0,X
08E5 2708        77:          BEQ      ISITR             B/ YES.  GET OUT
08E7 08          78:          INX                        POINT TO NEXT...
08E8 6D00        79:          TST      0,X               END OF LIST ?
08EA 26F7        80:          BNE      ISITL             B/ NO.  TRY ANOTHER
08EC 08          81:          INX                        (BUMP POINTER AND CLEAR CCZ)
                 82:          ;JMP      0,X               GO DO THE NEXT INSTRUCTION
08ED 6E00        83:          JMP      0,X
08EF 08          84: ISITR    INX                        EAT UP THE REST OF THE LIST
08F0 6D00        85:          TST      0,X
08F2 26FB        86:          BNE      ISITR
                 87:          ;JMP      1,X               AND LEAVE.
08F4 6E01        88:          JMP      1,X




ASM/6800 1.3H4: 08F4 ASM/6800 1.4       - - -   M C S - 6 8 0 0   A S S E M B L E R   - - -
08/16/82 00:00:00; Page 51; Form 12     - - - D O I T - - -
ASM14A.MAIN.ASM
                  2: *
                  3: *
                  4: *
                  5: * DOIT --
                  6: *
                  7: *        CALLS DOITL, CONTROLS SKIPPING, ETC.
                  8: *
                  9: *        DOITL IS PERFORMED ACCORDING TO THE FOLLOWING CONDITIONS:
                 10: *        (A)      RPTF<0  ==> DOITL IS CALLED ONCE.
                 11: *        (B)      RPTF=0  ==> DOITL IS NOT CALLED. LINE IS SKIPPED.
                 12: *        (C)      RPTF>0  ==> DOITL IS CALLED RPTF TIMES.
                 13: *        (D)      SKPFLG#0 ==> DOITL IS NOT CALLED; WE ARE SKIPPING.
                 14: *
                 15: *        IN THIS LAST CASE (SKPFLG#0), WE CHECK WHETHER THE
                 16: *        COMMAND IS SOMETHING WHICH AFFECTS OUR SKIPPING.
                 17: *        THE COMMANDS ARE:
                 18: *        (1)      DO/IF/CASE        BUMP SKPLVL
                 19: *        (2)      ELSE/ELSEIF       IF SKPLVL=0, & IF SKIPFLB
                 20: *                                   > 0, THEN DEC SKPFLG.  IF
                 21: *                                   SKPFLG = 0, THEN TERMINATE
                 22: *                                   THE SKIP.  IF SKPLVL<0, CONTINUE
                 23: *                                   SKIPPING.
                 24: *        (3)      FIN               DEC SKPLVL; IF SKPLVL=0 THEN
                 25: *                                   SKPFLG:=0, WHICH STOPS THE SKIP.
                 26: *
                 27: *




ASM/6800 1.3H4: 08F4 ASM/6800 1.4       - - -   M C S - 6 8 0 0   A S S E M B L E R   - - -
08/16/82 00:00:00; Page 52; Form 12     - - - D O I T - - -
ASM14A.MAIN.ASM
  08F6           29: DOIT     EQU      *
  0001           30:          DO       CONDASM=1         FOR CONDITIONAL ASSEMBLY...
08F6 968E        31:          LDAA     SKPFLG            ;ARE WE SKIPPING MULTIPLE LINES?
08F8 2637        32:          BNE      DOSKP             ;B/ YES ==> HANDLE SKIP.
                 33:          FIN
                 34: *
  0001           35:          DO       REPEAT=1
                 36:          ;LDX     RPTF              ;IS THIS A NORMAL LINE?
08FA DEA1        37:          LDX      RPTF
08FC 271B        38:          BEQ      DOSKR             B/ NO ==> RPT 0 WAS DONE ON ME.
08FE 2B16        39:          BMI      DONORM            B/ YES; PERFORM ONE TIME.
                 40: *  REPEAT N TIMES.
0900 8D35        41:          BSR      CDOSKP            CK/ CAN THIS LINE BE RPT'D?
0902 2815        42:          BVC      DOSKR               B/ NO.  WANDER AROUND AND YELL ... EVENTUALLY.
0904 8D10        43: DOMANY   BSR      DONORM            ;EXECUTE THE LINE,
                 44:          ;LDX      RPTF              ;DECREMENT THE COUNTER.
0906 DEA1        45:          LDX      RPTF
0908 09          46:          DEX
0909 DFA1        47:          STX      RPTF
090B 2EF7        48:          BGT      DOMANY            ;B/ DO IT AGAIN, SAM.
                 49:          ;LDX     #-1
090D CEFFFF      50:          LDX      #-1
0910 DFA1        51:          STX      RPTF              ;SET RPTF := -1
0912 39          52:          RTS
                 53:          FIN
                 54: *
                 55: *  NORMAL PERFORM.
  0001           56:          IF       REPEAT=1
  0913           57: DORPTER  ;JSR     NSTER             ==>SPOT THE TWIT<==
0913 BD087B      58:          JSR      NSTER
                 59:          FIN
  0916           60: DONORM   ;JMP      DOITL             ;GO DO THE GOOD THING.
0916 7E09E6      61:          JMP      DOITL
                 62: *                                   (AND DON'T COME BACK)




ASM/6800 1.3H4: 0916 ASM/6800 1.4       - - -   M C S - 6 8 0 0   A S S E M B L E R   - - -
08/16/82 00:00:00; Page 53; Form 12     - - - D O I T - - -
ASM14A.MAIN.ASM
                 64: *
                 65: * DO SKIP FOR RPT (DO1)
                 66: *
  0001           67:          IF       REPEAT=1
  0919           68: DOSKR    ;LDX     #-1               SET X TO $FFFF,
0919 CEFFFF      69:          LDX      #-1
091C DFA1        70:          STX      RPTF                AND CLEAN UP RPTF.
091E 8D17        71:          BSR      CDOSKP            CK/ O.K. TO SKIP THIS LINE?
0920 28F1        72:          BVC      DORPTER             B/ NO.  FORCE IT.  REPORT ERROR.
                 73:          FIN
  0001           74:          IF       CONDASM!REPEAT
  0922           75: DOSK1    ;JSR      MRKSKP            ;MARK AS SKIPPED LINE,
0922 BD2709      76:          JSR      MRKSKP
                 77:          ;JMP     LIST              ;AND LIST THE LINE
0925 7E220D      78:          JMP      LIST
                 79: *
0928 96C1        80: DOSK2    LDAA     LIST:T            LOAD LIST FLAGS
092A 8A40        81:          ORAA     #LF:CA            MARK THIS AS A CA LINE
092C 97C1        82:          STAA     LIST:T            SHOVE BACK
                 83:          ;JMP     LIST              GO LIST CA LINE
092E 7E220D      84:          JMP      LIST
                 85:          FIN




ASM/6800 1.3H4: 092E ASM/6800 1.4       - - -   M C S - 6 8 0 0   A S S E M B L E R   - - -
08/16/82 00:00:00; Page 54; Form 12     - - - D O I T - - -
ASM14A.MAIN.ASM
                 87: *
                 88: * DO SKIP FOR DO/IF/CASE.
                 89: *
  0001           90:          IF       CONDASM=1
0931 8D04        91: DOSKP    BSR      CDOSKP            CK/ IS THE COMMAND SIGNIFICANT DURING C.A. SKIPS?
0933 29ED        92:          BVS      DOSK1               B/ NOPE.  MARK AS SKIPPED, GET ANOTHER LINE.
                 93:          ;JMP     0,X               YES:  GO TO HANDLER.
0935 6E00        94:          JMP      0,X
                 95:          FIN
                 96: 
  0001           97:          IF       CONDASM!REPEAT
                 98: *
                 99: *  CDOSKP --
                100: *
                101: *        CHECKS CF OF CURRENT LINE.  IF CF(1) IS SYMBOL ONLY, AND IF
                102: *        SYMBOL SPECIFIES A C/A DIRECTIVE, THEN V IS CLEARED, AND
                103: *        X IS SET TO ADDRESS OF HANDLER.
                104: *
                105: *        OTHERWISE V IS SET, AND X IS DONT-CARE.
                106: *
                107: 
  0937          108: CDOSKP   ;JSR     CHCFSYM           CK/ IS CF(1) A SYMBOL ONLY?
0937 BD2057     109:          JSR      CHCFSYM
093A 262F       110:          BNE      DOSK1R              B/ NO.  NOT C/A DIRECTIVE.
                111:          ;JSR     CHSYMD            CK/ IS SYM A DIRECTIVE WE KNOW?
093C BD2066     112:          JSR      CHSYMD
093F 262A       113:          BNE      DOSK1R              B/ NO.  NOT C/A DIRECTIVE.
                114:          ;LDX      SYMPT             GET POINTER TO DIRECTIVE
0941 DE38       115:          LDX      SYMPT
0943 A602       116:          LDAA     S:VAL,X           ELSE GET GOOD STUFF
0945 E603       117:          LDAB     S:VAL+1,X         AND SCAN FOR THE DIRECTIVE WE LIKE.
                118:          ;LDX      #DOSKPT           GET @ OF TABLE,
0947 CE096D     119:          LDX      #DOSKPT
  094A          120: DOSKPL   ;CMPA     0,X               HIGH BYTE MATCH?
094A A100       121:          CMPA     0,X
094C 2613       122:          BNE      DOSKP1            B/ NO, TRY NEXT
                123:          ;CMPB     1,X               LOW BYTE MATCH?
094E E101       124:          CMPB     1,X
0950 260F       125:          BNE      DOSKP1            B/ NO, TRY NEXT
0952 8C098D     126:          CPX      #DOSKPT1          CK/ END DIRECTIVE GET US HERE?




ASM/6800 1.3H4: 0955 ASM/6800 1.4       - - -   M C S - 6 8 0 0   A S S E M B L E R   - - -
08/16/82 00:00:00; Page 55; Form 12     - - - D O I T - - -
ASM14A.MAIN.ASM
0955 2706       127:          BEQ      DOSKPL1             B/ YES, DON'T MARK AS C/A LINE.
0957 8640       128:          LDAA     #LF:CA            MARK THIS LINE...
0959 9AC1       129:          ORAA     LIST:T              AS A CONDITIONAL ASSEMBLY LINE
095B 97C1       130:          STAA     LIST:T
  095D          131: DOSKPL1  EQU      *
                132:          ;LDX      2,X               GET BRANCH @,
095D EE02       133:          LDX      2,X
095F 0A         134:          CLV                        ENSURE V IS RESET.
0960 39         135:          RTS                          ALL DONE.
                136: *
0961 AC00       137: DOSKP1   CPX      0,X               END OF LIST?
0963 2706       138:          BEQ      DOSK1R              B/ YES: NOT ONE OF OURS, KIMOSAVE.
                139:          ;LEAX    4,X
  0000          140:          IF       4<0
 *S*            141:          RPT      -4
 *S*            142:          DEX
                143:          ELSE
  0004          144:          RPT      4
0965 08         145:          INX
                146:          FIN
0969 20DF       147:          BRA      DOSKPL
                148: 
                149: 
                150: *
096B 0B         151: DOSK1R   SEV                        YOU CAN'T ALWAYS GET WHAT YOU WANT.
096C 39         152:          RTS
                153: 
                154: *
  096D          155: DOSKPT   EQU      *
096D 16C80993   156:          FDB      DO:,DOSKD
0971 16DC0993   157:          FDB      IF:,DOSKD
0975 16EC0993   158:          FDB      IFUND:,DOSKD
0979 17530993   159:          FDB      CASE:,DOSKD
097D 173509A0   160:          FDB      ELSE:,DOSKE
0981 173409A0   161:          FDB      ELSIF:,DOSKE
0985 174B09D0   162:          FDB      FIN:,DOSKF
0989 14000922   163:          FDB      RPT:,DOSK1        NO-OP FOR RPT, JUST PUT IT IN TABLE.
098D 187509CA   164: DOSKPT1  FDB      END:,DOSKX
0991 0991       165:          FDB      *
                166:          FIN




ASM/6800 1.3H4: 0991 ASM/6800 1.4       - - -   M C S - 6 8 0 0   A S S E M B L E R   - - -
08/16/82 00:00:00; Page 56; Form 12     - - - D O I T - - -
ASM14A.MAIN.ASM
  0001          168:          IF       CONDASM=1
                169: *
                170: * TRYING TO SKIP DO/IF/CASE:
  0993          171: DOSKD    ;INC      SKPLVL            ;INCREMENT SKIP LEVEL.
0993 7C009A     172:          INC      SKPLVL
0996 268A       173:          BNE      DOSK1             B/ NO OVERFLOW IN SKIP COUNTER,
                174:          ;JSR      NSTER             *E* NESTING ERROR
0998 BD087B     175:          JSR      NSTER
                176:          ;DEC      SKPLVL            DECREASE SKIP LEVEL,
099B 7A009A     177:          DEC      SKPLVL
099E 2082       178: DOSK1A   BRA      DOSK1             AND SPLIT.
                179: *
                180: * TRYING TO SKIP ELSE/ELSEIF
09A0 969A       181: DOSKE    LDAA     SKPLVL            IF SKIP LEVEL>0, THEN...
09A2 26FA       182:          BNE      DOSK1A              B/ THIS ELSE IS MEANINGLESS
                183: *  THIS ELSE MIGHT TERMINATE THE SKIP
09A4 968E       184:          LDAA     SKPFLG            ARE WE SKIPPING TO AN ELSE?
09A6 2DF6       185:          BLT      DOSK1A              B/ NO, ONLY A FIN WILL STOP US.
                186:          ;DEC      SKPFLG            IS THIS THE 'ELSE' WE WANT?
09A8 7A008E     187:          DEC      SKPFLG
09AB 2EF1       188:          BGT      DOSK1A              B/ NO, GOT SOME MORE TO SKIP.
                189: *  THIS ELSE WILL STOP US.  WE MAY HAVE TO DO SOME WORK IF
                190: *  THIS IS AN ELSEIF, HOWEVER.
                191:          ;LDX      SYMPT             WAS THIS AN ELSEIF?
09AD DE38       192:          LDX      SYMPT
                193:          ;LDX      S:VAL,X
09AF EE02       194:          LDX      S:VAL,X
09B1 8C1734     195:          CPX      #ELSIF:
09B4 2611       196:          BNE      DOSK2A             B/ NO.  FLAGS ARE RESET, GO LIST.
                197: *
                198: * WORK FOR ELSIF:
                199:          ;LDX     CFPTR             SET UP AFPTR'S VALUE.
09B6 DE24       200:          LDX      CFPTR
09B8 DF26       201:          STX      AFPTR
                202:          ;JSR      EVAFCT            WHATS THE VALUE?
09BA BD1B33     203:          JSR      EVAFCT
                204:          ;JSR      PUTV              LIST THE VALUE,
09BD BD2717     205:          JSR      PUTV
                206:          ;LDX      VAL               START EXECUTING?
09C0 DE5F       207:          LDX      VAL




ASM/6800 1.3H4: 09C2 ASM/6800 1.4       - - -   M C S - 6 8 0 0   A S S E M B L E R   - - -
08/16/82 00:00:00; Page 57; Form 12     - - - D O I T - - -
ASM14A.MAIN.ASM
09C2 2E03       208:          BGT      DOSK2A            B/ YES.
                209:          ;INC      SKPFLG            WE ARE SKIPPING TO ANOTHER ELSE.
09C4 7C008E     210:          INC      SKPFLG
  09C7          211: DOSK2A   ;JMP      DOSK2             SO GO AWAY.
09C7 7E0928     212:          JMP      DOSK2
                213: *  END HIT WHILE SKIPPING
  09CA          214: DOSKX    ;JSR      ENDER             *E* END HIT WHILE SKIPPING.
09CA BD087F     215:          JSR      ENDER
                216:          ;JMP      END:
09CD 7E1875     217:          JMP      END:




ASM/6800 1.3H4: 09CD ASM/6800 1.4       - - -   M C S - 6 8 0 0   A S S E M B L E R   - - -
08/16/82 00:00:00; Page 58; Form 12     - - - D O I T - - -
ASM14A.MAIN.ASM
                219: *
                220: *  WORK FOR FIN:
                221: *
09D0 969A       222: DOSKF    LDAA     SKPLVL            MOVE US BACK DOWN A NOTCH...
09D2 2705       223:          BEQ      DOSKF1            B/ END OF SKIP...
                224:          ;DEC      SKPLVL
09D4 7A009A     225:          DEC      SKPLVL
09D7 20C5       226:          BRA      DOSK1A            NOT END: MARK AS SKIPPED.
                227: *
09D9 978E       228: DOSKF1   STAA     SKPFLG            STOP THE SKIP.
                229:          ;DEC      DOLVL
09DB 7A009B     230:          DEC      DOLVL
09DE 20E7       231:          BRA      DOSK2A            AND MARK AS EXECUTED
                232:          FIN
                233: 
                234: 
                235: 
                236: 
                237: 
  0001          238:          IFUND    MC6809
                  0:          INCLUDE  ASM14A.DITL0.ASM  ASM FOR 6800




ASM/6800 1.3H4: 09DE ASM/6800 1.4       - - -   D E C O D E   L I N E   - - -
08/16/82 00:00:00; Page 59; Form 1      - - -   D O I T L   - - -
ASM14A.DITL0.ASM
                  3: *9*
                  4: *
                  5: *  DOITL--
                  6: *
                  7: *        DECODES COMMAND AND FIGGERS OUT WHAT TO DO W/ IT.
                  8: *
                  9: *        (1)      IF CF(1) IS 3 OR 4 CH, AND IF FIRST 3 ARE A
                 10: *                 VALID OP, THEN WE SCAN AN OPCODE.
                 11: *
                 12: *        (2)      IF NOT (1) THEN IF CF(1) IS A SYMBOL ONLY,
                 13: *                 AND IF THAT SYMBOL IS IN THE PSUEDO-OP TABLE,
                 14: *                 (USER OR ASSEMBLER) THEN WE SCAN A DIRECTIVE.
                 15: *
                 16: *        (3)      IF (1) NOR (2) THEN CF IS HANDLED AS A FUNNY
                 17: *                 DATA EXP.
                 18: *
                 19: *        AFTERWARDS, LIST IS CALLED.
                 20: *
                 21: *
  09E0           22: DOITDR9  ;JMP     DOITDR
09E0 7E0AA0      23:          JMP      DOITDR
  09E3           24: DOITEX9  ;JMP      DOITEX
09E3 7E0B08      25:          JMP      DOITEX
  09E6           26: DOITL    EQU      *
                 27:          ;LDX      CFPTR
09E6 DE24        28:          LDX      CFPTR
09E8 DF26        29:          STX      AFPTR             PREPARE TO LOOK FOR AF.
                 30:          ;JSR      CHCFSYM           IS CF(1) A SYMBOL??
09EA BD2057      31:          JSR      CHCFSYM
09ED 26F4        32:          BNE      DOITEX9           B/ NO==> GO TREAT AS FUNNY DATA STAT
                 33:          ;CMPB    #',               CK/ IS TERMINATOR A COMMA? (B SET BY CHCFSYM)
09EF C12C        34:          CMPB     #',
09F1 27F0        35:          BEQ      DOITEX9             B/ YUP.  CAN'T BE OPCODE.
09F3 86FF        36:          LDAA     #$FF              SET FLAG:  NO REGISTER SEEN.
09F5 9756        37:          STAA     REG
09F7 D662        38:          LDAB     SYM               GET LENGTH OF SYMBOL,
09F9 54          39:          LSRB                       IF SYM WAS ORIGINALLY ...
09FA 07          40:          TPA                        ...3 OR 4 CHARACTERS LONG, THEN...
09FB C9FE        41:          ADCB     #-2               ...RESULT IS ZERO.
09FD 26E1        42:          BNE      DOITDR9           B/ NOT AN OPCODE.




ASM/6800 1.3H4: 09FD ASM/6800 1.4       - - -   D E C O D E   L I N E   - - -
08/16/82 00:00:00; Page 60; Form 1      - - -   D O I T L   - - -
ASM14A.DITL0.ASM
                 43: 
                 44: **** CHECK FOR M6801 OPCODES, IF REQUESTED ****
09FF D6BB        45:          LDAB     OPT1F             LOAD APPROPRIATE OPTION FLAG,
0A01 C502        46:          BITB     #OPT1:6801          NEED TO LOOK?
0A03 270E        47:          BEQ      DOITL$1             B/ NO, THIS IS "NM6801".
0A05 36          48:          PSHA                       6801:  SAVE P REG,
                 49:          ;LDX     #M6801OPS           LOAD @ OF OP TABLE,
0A06 CE0E0F      50:          LDX      #M6801OPS
                 51:          ;JSR     FSYM1               AND SEE IF SYM IS ONE WE KNOW.
0A09 BD20C9      52:          JSR      FSYM1
0A0C 32          53:          PULA                         (SNEAKILY RESTORE P INTO ACCA)
0A0D 2604        54:          BNE      DOITL$1           B/ NO LO SE; TREAT AS 6800 OPCODE.
                 55: 
                 56: **** 6801 OPCODE RECOGNIZED; X POINTS TO SYMBOL BLOCK ****
                 57:          ;LDX     S:VAL,X           FETCH OPCODE, OPCODE GROUP,
0A0F EE02        58:          LDX      S:VAL,X
0A11 202E        59:          BRA      DOOPCX              AND GO JOIN COMMON CODE.
                 60: 
                 61: **** NO 6801 OPCODE.  TRY FOR 6800 OP *****
  0A13           62: DOITL$1  EQU      *
                 63: *
                 64: * POSSIBLY AN OPCODE.  IF 4 CH, THEN LAST MUST "A/B"
0A13 06          65:          TAP                        WHAT WAS THE RESULT
0A14 250B        66:          BCS      DOITO3            B/ ONLY 3 CH
0A16 D666        67:          LDAB     SYM+4             WHAT IS THE 4TH CHARACTER.
0A18 C041        68:          SUBB     #'A               "A"
0A1A 54          69:          LSRB
0A1B 26C3        70:          BNE      DOITDR9           B/ NOT A/B ==> DIRECTIVE.
0A1D C900        71:          ADCB     #0                IF A, THEN RB=0, ELSE 1
0A1F D756        72:          STAB     REG               SAVE RESULT.




ASM/6800 1.3H4: 0A1F ASM/6800 1.4       - - -   D E C O D E   L I N E   - - -
08/16/82 00:00:00; Page 61; Form 2      - - - OPCDODE DECODING - - -
ASM14A.DITL0.ASM
                  2: *
                  3: * GOT A 3 CHAR CF(1) OR 3+A/B
                  4: *
                  5: * LOOK IN SYM TBL TO
                  6: * FIND OP CODE.
  0A21            7: DOITO3   ;LDX      #OPTBL            GET ADDRESS OF TABLE.
0A21 CE0C92       8:          LDX      #OPTBL
0A24 9663         9: DOITOL   LDAA     SYM+1             CHECK NEXT SYM
                 10:          ;CMPA     0,X
0A26 A100        11:          CMPA     0,X
0A28 260C        12:          BNE      DOITO4
0A2A 9664        13:          LDAA     SYM+2
                 14:          ;CMPA     1,X
0A2C A101        15:          CMPA     1,X
0A2E 2606        16:          BNE      DOITO4
0A30 9665        17:          LDAA     SYM+3
                 18:          ;CMPA     2,X
0A32 A102        19:          CMPA     2,X
0A34 2709        20:          BEQ      DOOPC             B/ FOUND A MATCH.
0A36 2368        21: DOITO4   BLS      DOITDR            B/ NOT IN TABLE ==> DIRECTIVE
0A38 08          22:          INX
0A39 08          23:          INX
0A3A 08          24:          INX
0A3B 08          25:          INX
0A3C 08          26:          INX
0A3D 20E5        27:          BRA      DOITOL            TRY NEXT.




ASM/6800 1.3H4: 0A3D ASM/6800 1.4       - - -   D E C O D E   L I N E   - - -
08/16/82 00:00:00; Page 62; Form 3      - - - OPCDODE DECODING - - -
ASM14A.DITL0.ASM
                  2: *10*
                  3: *
                  4: *
                  5: * FOUND OPCODE;  GET GROUP, VALUE
  0A3F            6: DOOPC    ;LDX      3,X
0A3F EE03         7:          LDX      3,X
0A41 DF57         8: DOOPCX   STX      OP                OP & GRP ARE ADJACENT
                  9: *
                 10: * GOT GROUP, VALUE:  CHECK WHETHER TO SCAN FOR REGISTER.
0A43 9658        11:          LDAA     GRP
0A45 2E51        12:          BGT      DOOCNR            B/ NO REGISTER ALLOWED
                 13: * REG ALLOWED
0A47 D656        14:          LDAB     REG               REGISTER ALREADY SEEN?
0A49 2C21        15:          BGE      DOOCGO            B/ GOT REGISTER.
                 16: *
                 17: *GOT OP THAT MAY HAVE REG BUT NO REG YET
                 18: *   3 CHAR OPCODE:  SCAN FOR REGISTER
                 19:          ;JSR      FINDAF            FIND ARGUMENT FIELD
0A4B BD206C      20:          JSR      FINDAF
                 21:          ;JSR      GNOBJ             GET NEXT OBJECT
0A4E BD1E2C      22:          JSR      GNOBJ
                 23:          ;CMPA     #O:SYM            IS IT A SYMBOL?
0A51 8101        24:          CMPA     #O:SYM
0A53 2635        25:          BNE      DOOC2             B/ NO --> NO REGISTER.
                 26:          ;JSR     CKEOF             SEE IF END OF IELD NEXT
0A55 BD1E06      27:          JSR      CKEOF
0A58 2630        28:          BNE      DOOC2             B/ NO --> NO REGISTER
                 29:          ;LDX      #$100+'A          SYMBOL MUST BE "A" OR "B"
0A5A CE0141      30:          LDX      #$100+'A
0A5D 4F          31:          CLRA                       CLEAR THE REGISTER FLAG
0A5E 9C62        32:          CPX      SYM               IS THE SYMBOL "A"?
0A60 2706        33:          BEQ      DOOCR             B/ YES:  RA CONTAINS REG.
0A62 08          34:          INX                        ELSE TRY "B"
0A63 4C          35:          INCA                       AND SET FLAG FOR REG.B
0A64 9C62        36:          CPX      SYM               IS THE SYMBOL "B"?
0A66 2622        37:          BNE      DOOC2             B/ NO:  NO REGISTER.
0A68 9756        38: DOOCR    STAA     REG               SAVE REGISTER FLAG,
0A6A 9658        39:          LDAA     GRP               RESTORE GROUP CODE




ASM/6800 1.3H4: 0A6A ASM/6800 1.4       - - -   D E C O D E   L I N E   - - -
08/16/82 00:00:00; Page 63; Form 3      - - - OPCDODE DECODING - - -
ASM14A.DITL0.ASM
                 41: *
                 42: * NOW GO DO APPROPRIATE GROUP
0A6C 36          43: DOOCGO   PSHA                       SAVE REG A
                 44:          ;JSR      LFPC              SET LF TO HERE;
0A6D BD21DB      45:          JSR      LFPC
0A70 32          46:          PULA
                 47:          ;JSR      ISIT              WHAT GROUP...
0A71 BD08DE      48:          JSR      ISIT
0A74 FDFF0203    49:          FCB      T:DRNI,T:DYDR,T:DYDX,T:BRA,T:JMP,T:DXNI,0
0A7B 2605        50:          BNE      DOOCG1            B/ DONT FIND AF
                 51:          ;JSR      FINDAF
0A7D BD206C      52:          JSR      FINDAF
0A80 9658        53:          LDAA     GRP               GET GROUP CODE
  0A82           54: DOOCG1   EQU      *
0A82 16          55:          TAB      GET VALUE IN SAFE PLACE...
0A83 C0FD        56:          SUBB     #T:BASE                MAKE INDEX FROM 0 TO N
                 57:          ;JSR      TBJMP             DO TABLE JUMP
0A85 BD1DEF      58:          JSR      TBJMP
0A88 0B61        59:          FDB      BTBL
                 60: * COME HERE IF REGISTER IS NOT FOUND
  0A8A           61: DOOC2    ;LDX      CFPTR
0A8A DE24        62:          LDX      CFPTR
0A8C DF26        63:          STX      AFPTR
0A8E 9658        64:          LDAA     GRP               GET GROUP CODE
0A90 2CDA        65:          BGE      DOOCGO            B/ OK NOT TO HAVE REGISTER
                 66:          ;JSR     ILLCF             ELSE =>USER IS TWIT<=
0A92 BD089F      67:          JSR      ILLCF
0A95 4F          68:          CLRA                         AND TREAT AS REGISTER A.
0A96 20D4        69:          BRA      DOOCGO              (NOTE THAT AFPTR HAS ALREADY BEEN RESET.)
                 70: *




ASM/6800 1.3H4: 0A96 ASM/6800 1.4       - - -   D E C O D E   L I N E   - - -
08/16/82 00:00:00; Page 64; Form 4      - - - OPCDODE DECODING - - -
ASM14A.DITL0.ASM
                  2:  
                  3: *11*
                  4: *
                  5: * COME HERE IF NO REGISTER ALLOWED:
  0A98            6: DOOCNR   ;LDX      CFPTR
0A98 DE24         7:          LDX      CFPTR
0A9A DF26         8:          STX      AFPTR
0A9C D656         9:          LDAB     REG
0A9E 2DCC        10:          BLT      DOOCGO            B/ NO REGISTER THERE;
                 11: *        BRA      DOITDR              ELSE FALL INTO DIRECTIVE PROCESSING.
                  0:          INCLUDE ASM14A.DREX.ASM    ************************************




ASM/6800 1.3H4: 0A9E ASM/6800 1.4       - - -   D E C O D E   L I N E   - - -
08/16/82 00:00:00; Page 65; Form 1      - - -  D O I T D R  - - -
ASM14A.DREX.ASM
                  2: *
                  3: *
                  4: *   D O I T D R
                  5: *
                  6: *        PROCESSES DIRECTIVES...
                  7: *        ASSUMES THAT SYM CONTAINS THE SYMBOL IN CF(1) AND
                  8: *        THAT CF(1) IS A SYMBOL ONLY.
                  9: *
  0AA0           10: DOITDR   EQU      *
                 11:          ;LDX      #D0               GET HEAD OF ASM-125 CHAIN
0AA0 CE0EAA      12:          LDX      #D0
                 13:          ;JSR      FSYM1             AND SEE IF ITS A SYSTEM DIRECTIVE
0AA3 BD20C9      14:          JSR      FSYM1
0AA6 2660        15:          BNE      DOITMM            B/ MUST BE A FUNNY DATA STMT OR MACRO
                 16: *
  0AA8           17: DIR1     ;LDX      SYMPT             GET POINTER TO DIRECTIVE'S BLOCK
0AA8 DE38        18:          LDX      SYMPT
0AAA DF3A        19:          STX      DIRPT             SAVE FOR LATER.
0AAC A604        20:          LDAA     S:TYPE,X          GET TYPE BITS,
0AAE 8504        21:          BITA     #D:LF             EQUATE LF TO PC?
0AB0 2705        22:          BEQ      DIR2              B/ NO...
0AB2 36          23:          PSHA                       SAVE TYPE,
                 24:          ;JSR      LFPC              LF=PC
0AB3 BD21DB      25:          JSR      LFPC
0AB6 32          26:          PULA                       RESTORE TYPE.
                 27: *
0AB7 8502        28: DIR2     BITA     #D:AF             FIND AF ?
0AB9 2705        29:          BEQ      DIR31             B/ NO...
0ABB 36          30:          PSHA                       SAVE TYPE,
                 31:          ;JSR      FINDAF            FIND ARG FIELD,
0ABC BD206C      32:          JSR      FINDAF
0ABF 32          33:          PULA                       RESTORE TYPE.
                 34: *
0AC0 8510        35: DIR31    BITA     #D:DO
0AC2 270D        36:          BEQ      DIR3              NOT A DOLVL INCREMENTER.
                 37:          ;INC      DOLVL
0AC4 7C009B      38:          INC      DOLVL
0AC7 2608        39:          BNE      DIR3
                 40:          ;DEC      DOLVL
0AC9 7A009B      41:          DEC      DOLVL




ASM/6800 1.3H4: 0ACC ASM/6800 1.4       - - -   D E C O D E   L I N E   - - -
08/16/82 00:00:00; Page 66; Form 1      - - -  D O I T D R  - - -
ASM14A.DREX.ASM
0ACC 36          42:          PSHA
                 43:          ;JSR      NSTER
0ACD BD087B      44:          JSR      NSTER
0AD0 32          45:          PULA
                 46: *
0AD1 8508        47: DIR3     BITA     #D:CC             IS THIS A CONTROL CARD?
0AD3 2706        48:          BEQ      DIR32             B/ NO...
0AD5 C604        49:          LDAB     #LF:CC            ELSE FLAG AS SUCH
0AD7 DAC1        50:          ORAB     LIST:T
0AD9 D7C1        51:          STAB     LIST:T
                 52: *
0ADB 8520        53: DIR32    BITA     #D:CA             IS THIS A CONDITIONAL ASSEMBLY LINE?
0ADD 2706        54:          BEQ      DIR33               B/ NO, GO ON.
0ADF C640        55:          LDAB     #LF:CA            ELSE MARK THIS LINE FOR LISTER
0AE1 DAC1        56:          ORAB     LIST:T              SO IT WILL CHECK WHETHER TO LIST IT.
0AE3 D7C1        57:          STAB     LIST:T
                 58: *
0AE5 8580        59: DIR33    BITA     #D:SI             Is this a directive we suppress during
0AE7 2709        60:          BEQ      DIR4                an include?
0AE9 D69C        61:          LDAB     INCLVL            Yup:  Are we doing an INCLUDE?
0AEB 2705        62:          BEQ      DIR4                B/ No:  do the directive.
                 63:          ;JSR     MRKSKP            Yes:  Mark as skipped;
0AED BD2709      64:          JSR      MRKSKP
0AF0 2013        65:          BRA      DIR5                and skip the processing.
                 66: *
  0AF2           67: DIR4     ;LDX      DIRPT             MAKE SURE WE HAVE PTR TO SYM,
0AF2 DE3A        68:          LDX      DIRPT
                 69:          ;LDX      S:VAL,X           GET ADDRESS OF ROUTINE,
0AF4 EE02        70:          LDX      S:VAL,X
0AF6 36          71:          PSHA                       SAVE A
                 72:          ;JSR      0,X               CALL IT.
0AF7 AD00        73:          JSR      0,X
0AF9 32          74:          PULA                       GET BACK FLAGS
0AFA 8502        75:          BITA     #D:AF             DID HE WANT AN AF?
0AFC 2707        76:          BEQ      DIR5              IF NOT, DON'T BOTHER
0AFE 8540        77:          BITA     #D:SS             DO WE CHECK SYNTAX?
0B00 2603        78:          BNE      DIR5              IF NOT, OK
                 79:          ;JSR     ECKEOF            CK FOR END OF FIELD
0B02 BD1E15      80:          JSR      ECKEOF
  0B05           81: DIR5     ;JMP     LIST




ASM/6800 1.3H4: 0B05 ASM/6800 1.4       - - -   D E C O D E   L I N E   - - -
08/16/82 00:00:00; Page 67; Form 1      - - -  D O I T D R  - - -
ASM14A.DREX.ASM
0B05 7E220D      82:          JMP      LIST




ASM/6800 1.3H4: 0B05 ASM/6800 1.4       - - -   D E C O D E   L I N E   - - -
08/16/82 00:00:00; Page 68; Form 2      - - -  D O I T D R  - - -
ASM14A.DREX.ASM
                  2: *
                  3: *
                  4: *  D O I T M M
                  5: *
                  6: *        Does Micro expansions
                  7: *
                  8: *
                  9: *        
  0B08           10: DOITMM
  0001           11:          IFUND    MC6809
                 12: *        JMP      DOITEX
  0002           13:          ELSE
 *S*             14:          ;JSR     LFPC              Set LF to value of PC
 *S*             15:          JSR      LFPC
 *S*             16:          ;JSR     CHCFSYM           Rescan command field
 *S*             17:          JSR      CHCFSYM
 *S*             18:          ;LDX     #MICMAC           Head of Micro/Macro table
 *S*             19:          LDX      #MICMAC
 *S*             20:          ;JSR     FSYM1             Scan table for symbol
 *S*             21:          JSR      FSYM1
 *S*             22:          BNE      DOITEX            B/Not found
 *S*             23:          STX      OPPTR
 *S*             24:          LDAB     MM:FLAG,X         
 *S*             25: 
 *S*             26: DOITMICRO
 *S*             27:          STAB     VAL               Save # of micro bytes
 *S*             28:          ;LDX     MM:PTR,X          Load byte sequence pointer
 *S*             29:          LDX      MM:PTR,X
 *S*             30: DOITMICROL
 *S*             31:          LDAA     0,X
 *S*             32:          INX
 *S*             33:          STX      OPPTR             Pointer into micro sequence
 *S*             34:          ;JSR     PUTB              Output it
 *S*             35:          JSR      PUTB
 *S*             36:          ;LDX     OPPTR
 *S*             37:          LDX      OPPTR
 *S*             38:          ;DEC     VAL               DONE?
 *S*             39:          DEC      VAL
 *S*             40:          BNE      DOITMICROL        B/No
 *S*             41:          ;JMP     LIST




ASM/6800 1.3H4: 0B05 ASM/6800 1.4       - - -   D E C O D E   L I N E   - - -
08/16/82 00:00:00; Page 69; Form 2      - - -  D O I T D R  - - -
ASM14A.DREX.ASM
 *S*             42:          JMP      LIST
                 43:          FIN




ASM/6800 1.3H4: 0B05 ASM/6800 1.4       - - -   D E C O D E   L I N E   - - -
08/16/82 00:00:00; Page 70; Form 3      - - -  D O I T E X  - - -
ASM14A.DREX.ASM
                  2: *
                  3: *
                  4: *  D O I T E X
                  5: *
                  6: *        TAKES LINES OF FORM
                  7: *        <EXP>,<EXP>,<EXP>,<EXP>
                  8: *        AND EVALUATES THEM.  IF THE VALUE IS BETWEEN
                  9: *        0 AND 255, IT IS STUCK INTO 1 BYTE; OTHERWISE
                 10: *        IT IS HOSED INTO TWO.
                 11: *
                 12: *
  0B08           13: DOITEX   EQU      *
                 14: *
  0001           15:          DO       NICE=1
                 16: 
                 17:          ;JSR       LFPC            Set LF to value of PC   ; ZZZ Added by Roberto Sa
0B08 BD21DB      18:          JSR      LFPC
                 19:                                                           ; In order to allow assembl
                 20:                                                           ; as generaed by basic comp
                 21: 
                 22:          ;LDX      CFPTR             GET POINTER TO CF(1)
0B0B DE24        23:          LDX      CFPTR
0B0D DF28        24:          STX      EXPTR             INITIALIZE EXPTR,
                 25:          ;CLR      RJOBJ             NO REJECTED OBJECT.
0B0F 7F005C      26:          CLR      RJOBJ
                 27: *
  0B12           28: DOEXPL   EQU      *                 EXPRESSION SCANNING LOOP.
                 29:          ;JSR     GETXC             FIND ANY QUALIFIERS,
0B12 BD1F95      30:          JSR      GETXC
                 31:          ;JSR     WHICH               AND FORK ON SAME.
0B15 BD0832      32:          JSR      WHICH
                 33: 
0B18 2B0B43      34:          '+,DOEX1B                  LEADING PLUS ==> ONE BYTE.
0B1B 2D0B43      35:          '-,DOEX1B                  LEADING MINUS ==> ONE BYTE.
0B1E 230B5A      36:          '#,DOEX2B                  LEADING HASH ==> TWO BYTES.
0B21 00          37:          0                             <END OF LIST>
                 38: 
                 39: *** HANDLE IN DEFAULT FASHION.
                 40:          ;JSR     REJXC             IT'S A GOOD IDEA TO THROW BACK WHAT YOU CANT EAT.
0B22 BD1F9E      41:          JSR      REJXC




ASM/6800 1.3H4: 0B22 ASM/6800 1.4       - - -   D E C O D E   L I N E   - - -
08/16/82 00:00:00; Page 71; Form 3      - - -  D O I T E X  - - -
ASM14A.DREX.ASM
                 42:          ;JSR     EVNUL             EVALUATE 1ST FIELD,
0B25 BD13A9      43:          JSR      EVNUL
0B28 965F        44:          LDAA     VAL               PICK UP HIGH BYTE, IN CASE WE DECIDE TO PUT IT.
0B2A D659        45:          LDAB     XTYPE             IF EXPRESSION IS FWD-REF OR UNDEF,
0B2C C505        46:          BITB     #XT:FREF!XT:UNDF    THEN WE WILL ALWAYS ASSIGN 2 BYTES.
0B2E 2603        47:          BNE      DOEXP0            B/ PUT 2 BYTES.
0B30 4D          48:          TSTA                       OTHERWISE, WE DONT PUT H(VAL) UNLESS
                 49:                                     ; IT'S NON-ZERO.
0B31 2703        50:          BEQ      DOEXP1            B/ ONLY 1.
  0B33           51: DOEXP0   ;JSR      PUTB              ELSE OUTPUT HIGH.
0B33 BD26A5      52:          JSR      PUTB
0B36 9660        53: DOEXP1   LDAA     VAL+1             GET LOW BYTE
                 54:          ;JSR      PUTB              AND OUTPUT IT.
0B38 BD26A5      55:          JSR      PUTB
                 56:          ;JSR      GTCMA             FIND A COMMA
0B3B BD1E1C      57:          JSR      GTCMA
0B3E 29D2        58:          BVS      DOEXPL            B/ FOUND ONE.
                 59:          ;JMP      LIST              ELSE ALL DONE: SPLIT.
0B40 7E220D      60:          JMP      LIST
                 61: 
                 62: 
                 63: *** GENERATE IN ONE BYTE ONLY.
  0B43           64: DOEX1B   EQU      *
                 65:          ;JSR     REJXC             GIVE SIGN BACK TO EXPRESSION EVALUATOR,
0B43 BD1F9E      66:          JSR      REJXC
                 67:          ;JSR     EVAL                YUM...
0B46 BD1B24      68:          JSR      EVAL
0B49 965F        69:          LDAA     VAL               CHECK FOR VALUE IN RANGE.
0B4B 27E9        70:          BEQ      DOEXP1              B/ 0 =< VAL =< $FF, FINE.
                 71:          ;CMPA    #$FF              (HIGH BYTE MUST BE ALL ONES)
0B4D 81FF        72:          CMPA     #$FF
0B4F 2604        73:          BNE      DOEX1B1             B/ NOPE -- OVERFLOW.
0B51 D660        74:          LDAB     VAL+1             (IF SIGN IS ON, SIGN MUST BE ON IN LOW BYTE.)
0B53 2BE1        75:          BMI      DOEXP1              B/ FAR OUT.  VALUE IS GOOD.
                 76: 
  0B55           77: DOEX1B1  EQU      *
                 78:          ;JSR     OVRFLW            *E* REPORT OVERFLOW.
0B55 BD0883      79:          JSR      OVRFLW
0B58 20DC        80:          BRA      DOEXP1              BUT GENERATE IN ONE BYTE ANYWAY.
                 81: 




ASM/6800 1.3H4: 0B58 ASM/6800 1.4       - - -   D E C O D E   L I N E   - - -
08/16/82 00:00:00; Page 72; Form 3      - - -  D O I T E X  - - -
ASM14A.DREX.ASM
                 82: 
                 83: *** GENERATE TWO BYTES FOR "#<EXP>"
  0B5A           84: DOEX2B   EQU      *
                 85:          ;JSR     EVAL              EAT THE EXPRESSION (NOTE THAT NULL EXP IS BAD HER
0B5A BD1B24      86:          JSR      EVAL
0B5D 965F        87:          LDAA     VAL               GET BYTE TO BE OUTPUT,
0B5F 20D2        88:          BRA      DOEXP0            AND OUTPUT TWO BYTES.
  0002           89:          ELSE                       YOU LOSE, BUCKWHEAT...
 *S*             90:          ;JSR      SYNTAX            BARF.
 *S*             91:          JSR      SYNTAX
 *S*             92:          ;JMP      LIST
 *S*             93:          JMP      LIST
                 94:          FIN
                 12:          END      ;UNEXPECTED EOF




ASM/6800 1.3H4: 0B5F ASM/6800 1.4       - - - O P C O D E   P R O C E S S I N G - - -
08/16/82 00:00:00; Page 73; Form 4      - - - O P C O D E   B R A N C H   T A B L E - - -
ASM14A.DITL0.ASM
                 15:    
                 16: *12*
                 17: *
                 18: * BRANCH TABLE
                 19: *
0B61 0BA5        20: BTBL     FDB      DYADRNI           GROUP-3      DYADIC REGISTER, NO IMMEDIATE.
0B63 0C53        21:          FDB      PSHPUL            GROUP-2      MONADIC IN A OR B
0B65 0B7F        22:          FDB      DYADR             GROUP-1      DYADIC IN (A OR B) AND MEMORY.
0B67 0C27        23:          FDB      MONAD             GROUP 0      MONADIC IN A, B, OR MEMORY.
0B69 0C31        24:          FDB      NILAD             GROUP 1      NILADIC.
0B6B 0C4B        25:          FDB      DYADX             GROUP 2      DYADIC WITH ONE SOURCE IMPLICIT; 16-
0B6D 0C57        26:          FDB      BRANCH            GROUP 3      RELATIVE BRANCH.
0B6F 0C3A        27:          FDB      JMPJSR            GROUP 4      FUNNY FOR INSTS W/ INDEXED OR EXTEND
0B71 0BA7        28:          FDB      DYADXNI           GROUP 5      DYADIC IN X, S; IMMEDIATE NOT ALLOWE
                 29: *




ASM/6800 1.3H4: 0B71 ASM/6800 1.4       - - - O P C O D E   P R O C E S S I N G - - -
08/16/82 00:00:00; Page 74; Form 5      - - - D Y A D I C   R E G I S T E R - - -
ASM14A.DITL0.ASM
                  2: *
                  3: * DYADR -- DYADIC REGISTER: EG. ADD, SUB
0B73 9656         4: DYADRSCN LDAA     REG               GET REGISTER VALUE
0B75 44           5:          LSRA                       :00 1
0B76 46           6:          RORA                       :80 0
0B77 46           7:          RORA                       :40 0
0B78 9A57         8:          ORAA     OP                MAKE OPCODE
0B7A D657         9:          LDAB     OP                SAVE OLD OP,
0B7C 9757        10:          STAA     OP                UPDATE
0B7E 39          11:          RTS
                 12: *
                 13: * CHECK FOR IMMEDIATE.
  0B7F           14: DYADR    EQU      *
0B7F 8DF2        15:          BSR      DYADRSCN          SET UP REGISTER IN OPCODE.
0B81 8D2B        16:          BSR      CHIMM             CHECK IMMEDIATE & EVAL IF SO
0B83 2622        17:          BNE      DYADR4            B/ NOT IMMEDIATE.
0B85 965F        18:          LDAA     VAL               IN RANGE?
0B87 270B        19:          BEQ      DYADR1            B/ YES.
0B89 7D0060      20:          TST      VAL+1             IS IT POSSIBLE THAT THE SIGN IS EXTENDED?
0B8C 2C03        21:          BGE      DYOVF             IF NOT, ERR
0B8E 43          22:          COMA                       IS HIGH ORDER STUFF SIGN
0B8F 2703        23:          BEQ      DYADR1            B/ YES.
  0B91           24: DYOVF    ;JSR     OVRFLW            *E* OVERFLOW
0B91 BD0883      25:          JSR      OVRFLW
  0B94           26: DYADR1   EQU      *
0B94 4F          27: OUT2     CLRA                       OUTPUT OP, VALL
0B95 9A57        28: OUT2O    ORAA     OP                OR OP W/ ACCA, OUTPUT OP,VAL
  0B97           29: OUT2A    ;JSR      PUTB              OUTPUT A
0B97 BD26A5      30:          JSR      PUTB
                 31:          ;JSR     ECKEOF            ERROR IF END OF FIELD NOT NEXT
0B9A BD1E15      32:          JSR      ECKEOF
0B9D 9660        33: OUTVL    LDAA     VAL+1             OUTPUT LOW VAL
  0B9F           34: OUT1A    EQU      *
  0B9F           35: OUTL     ;JSR      PUTB              PUT THE BYTE
0B9F BD26A5      36:          JSR      PUTB
  0BA2           37: OUTX     ;JMP      LIST              AND FLAKE OUT.
0BA2 7E220D      38:          JMP      LIST
                 39: *
                 40: *
                 41: * CHECK FOR INDEXED:




ASM/6800 1.3H4: 0BA2 ASM/6800 1.4       - - - O P C O D E   P R O C E S S I N G - - -
08/16/82 00:00:00; Page 75; Form 5      - - - D Y A D I C   R E G I S T E R - - -
ASM14A.DITL0.ASM
                 42: *
0BA5 8DCC        43: DYADRNI  BSR      DYADRSCN          SET UP REGISTER IN OPCODE.
                 44: 
  0BA7           45: DYADXNI  EQU      *                 ENTER HERE FOR STX, ETC.
0BA7 8D17        46: DYADR4   BSR      CHINDX            INDEXED INSTRUCTION?
0BA9 8D68        47:          BSR      CHDIR             NO:  DIRECT?
                 48: *
                 49: *VAL=AF --> JUST OUTPUT IT
                 50: *
                 51:          ;JMP      DOEXT             NO==> EXTENDED
0BAB 7E0C40      52:          JMP      DOEXT




ASM/6800 1.3H4: 0BAB ASM/6800 1.4       - - - O P C O D E   P R O C E S S I N G - - -
08/16/82 00:00:00; Page 76; Form 6      - - - C H I M M - - -
ASM14A.DITL0.ASM
                  2: *13*
                  3: *
                  4: *
                  5: * SUBROUTINE TO CHECK FOR IMMEDIATE INSTRUCTIONS:
                  6: * IF IT IS IMMEDIATE, THEN RETURNS Z=1, AND SETS VAL
                  7: * TO VALUE OF EXPRESSION.  OTHERWISE, RETURNS Z=0.
                  8: *
  0BAE            9: CHIMM    ;LDX      AFPTR             GET POINTER TO FIRST CH.
0BAE DE26        10:          LDX      AFPTR
0BB0 270C        11:          BEQ      CHIRTN            B/ NO AF; NOT IMMEDIATE.
0BB2 A600        12:          LDAA     0,X               GET FIRST CH OF AF.
                 13:          ;CMPA     #'#               IS IT IMMEDIATE QUALIFIER?
0BB4 8123        14:          CMPA     #'#
0BB6 2605        15:          BNE      CHIRTS            B/ NO # AT START ==> NOT IMMEDIATE.
0BB8 08          16:          INX                        POINT AT NEXT CH,
                 17:          ;JSR      EVAFX             GO EVALUATE THE EXPRESSION.
0BB9 BD1AF5      18:          JSR      EVAFX
0BBC 5F          19:          CLRB                       SET APPROPRIATE CC.
0BBD 39          20: CHIRTS   RTS                        AND EXIT, SUCCESS.
                 21: *
0BBE 08          22: CHIRTN   INX                        SET CC # 0,
0BBF 39          23:          RTS                        AND EXIT, FAIL.




ASM/6800 1.3H4: 0BBF ASM/6800 1.4       - - - O P C O D E   P R O C E S S I N G - - -
08/16/82 00:00:00; Page 77; Form 7      - - - C H I N D X - - -
ASM14A.DITL0.ASM
                  2: *
                  3: * SUBROUTINE TO CHECK FOR INDEXED INSTRUCTION.  EATS THE FOLLOWING
                  4: * CONSTRUCTS AS INDEXED:
                  5: *        X
                  6: *        ,X
                  7: *        <EXP>,X
                  8: *
                  9: * NOTE THAT X MUST BE ALL BY ITSELF IN ORDER TO BE RECOGNIZED;
                 10: *        +X, (X), X+3 ETC. WILL NOT BE RECOGNIZED AS INDEXED INSTRUCTION
                 11: *
  0BC0           12: CHINDX   ;LDX      AFPTR             GET POINTER TO AF,
0BC0 DE26        13:          LDX      AFPTR
                 14:          ;JSR      GNOBX             GET FIRST OBJECT.
0BC2 BD1E38      15:          JSR      GNOBX
                 16:          ;CMPA     #O:SYM            IS IT A SYMBOL?
0BC5 8101        17:          CMPA     #O:SYM
0BC7 261B        18:          BNE      CHIND1            B/ NO:  SEE IF <EXP>,X
0BC9 8D3A        19:          BSR      ISITX             IS SYM = "X"?
0BCB 2617        20:          BNE      CHIND1            B/ NO:  NOT SIMPLEST FORM.
0BCD 4F          21: CHINDCL  CLRA                       CLEAR VALUE
0BCE 975F        22:          STAA     VAL
0BD0 9760        23:          STAA     VAL+1
                 24: *  INDEXED INSTRUCTION FOUND...
0BD2 31          25: CHIN2    INS                        POP RETURN @
0BD3 31          26:          INS
0BD4 965F        27:          LDAA     VAL               GET HIGH BYTE OF INDEX VAL.
0BD6 2703        28:          BEQ      CHIN0             B/ NO OVERFLOW...
                 29:          ;JSR      OVRFLW            *E* OVERFLOW ON INDEX INSTR.
0BD8 BD0883      30:          JSR      OVRFLW
0BDB 8620        31: CHIN0    LDAA     #$20              ELSE 'OR' IN INDEX BIT,
0BDD 9A57        32:          ORAA     OP                OR INTO THE OP
                 33:          ;JSR     PUTB              PUT IT
0BDF BD26A5      34:          JSR      PUTB
0BE2 20B9        35:          BRA      OUTVL             GO PUT OUT THE DISPLACEMENT
                 36: *
  0BE4           37: CHIND1   ;LDX      AFPTR             RESET TO START OF AF
0BE4 DE26        38:          LDX      AFPTR
0BE6 DF28        39:          STX      EXPTR
                 40:          ;JSR      GTCMA             FIND THE COMMA...
0BE8 BD1E1C      41:          JSR      GTCMA




ASM/6800 1.3H4: 0BEB ASM/6800 1.4       - - - O P C O D E   P R O C E S S I N G - - -
08/16/82 00:00:00; Page 78; Form 7      - - - C H I N D X - - -
ASM14A.DITL0.ASM
0BEB 28D0        42:          BVC      CHIRTS            B/ WRETCH... NO CAN BE INDEXED
                 43:          ;JSR      GNOBJ             GET WHATS AFTER THE COMMA...
0BED BD1E2C      44:          JSR      GNOBJ
                 45:          ;CMPA     #O:SYM            IS IT A SYMBOL?
0BF0 8101        46:          CMPA     #O:SYM
0BF2 26C9        47:          BNE      CHIRTS            B/ NO ==> NOT INDEXED.
0BF4 8D0F        48:          BSR      ISITX             IS SYMBOL X?
0BF6 26C5        49:          BNE      CHIRTS            B/ NO ==> NOT INDEXED
                 50:          ;LDX     AFPTR             SEE IF THE FIRST AF CHAR WAS A COMMA (AS IN ,X)
0BF8 DE26        51:          LDX      AFPTR
0BFA A600        52:          LDAA     0,X               LOAD 1ST CHAR
                 53:          ;CMPA    #',               IS IT?
0BFC 812C        54:          CMPA     #',
0BFE 27CD        55:          BEQ      CHINDCL           IF SO, SET NULL OFFSET
                 56:          ;JSR      EVAF              GET VAL FOR AF
0C00 BD1AF3      57:          JSR      EVAF
0C03 20CD        58:          BRA      CHIN2             AND GO CHECK THAT ITS GOOD.
                 59: ****
                 60: **** CHECK THAT SYM IS "X"
  0C05           61: ISITX    ;LDX      #$100+'X
0C05 CE0158      62:          LDX      #$100+'X
0C08 9C62        63:          CPX      SYM
0C0A 26B1        64:          BNE      CHIRTS            RETURN NE IF NOT X SYMBOL
                 65:          ;JMP     CKEOF             SEE IF EOF NEXT
0C0C 7E1E06      66:          JMP      CKEOF
                 67: *




ASM/6800 1.3H4: 0C0C ASM/6800 1.4       - - - O P C O D E   P R O C E S S I N G - - -
08/16/82 00:00:00; Page 79; Form 8      - - - C H D I R - - -
ASM14A.DITL0.ASM
                  2: *
                  3: * MISC BRANCHES TO GET US WHERE WE'RE GOING
                  4: *
0C0F 2086         5: OUT2A1   BRA      OUT2A
0C11 2094         6: DYADR41  BRA      DYADR4
                  7: *
                  8: *
                  9: *
                 10: * SUBROUTINE TO CHECK FOR DIRECT MODE.
  0C13           11: CHDIR    EQU      *                 WHAT'S THE EXPRESSION TYPE?
                 12:          ;JSR      EVAF              EVALUATE AF
0C13 BD1AF3      13:          JSR      EVAF
0C16 9659        14:          LDAA     XTYPE             GET TYPE BACK.
0C18 8507        15:          BITA     #XT:FREF!XT:UNDF!XT:UNEV  IS IT EVALUABLE?
0C1A 26A1        16:          BNE      CHIRTS            B/ NO ==> NOT DIRECT.
0C1C 965F        17:          LDAA     VAL               GET HIGH BYTE OF VAL...
0C1E 269D        18:          BNE      CHIRTS            B/ NOT ZERO ==> CAN'T BE DIRECT.
0C20 31          19:          INS                        ELSE POP RETURN ADDRESS,
0C21 31          20:          INS
0C22 8610        21:          LDAA     #$10              MERGE IN NEAT STUFF
                 22:          ;JMP      OUT2O             AND GO DEPOSIT.
0C24 7E0B95      23:          JMP      OUT2O
                 24: *




ASM/6800 1.3H4: 0C24 ASM/6800 1.4       - - - O P C O D E   P R O C E S S I N G - - -
08/16/82 00:00:00; Page 80; Form 9      - - -  M O N A D I C   G R O U P  - - -
ASM14A.DITL0.ASM
                  2: *14*
                  3: *
                  4: *
                  5: * MONADIC GROUP:  COM, NEG, ETC.
0C27 9656         6: MONAD    LDAA     REG               REGISTER SEEN?
0C29 2D0C         7:          BLT      MONAD1            B/ NO ==> MUST GET AF
0C2B 2705         8:          BEQ      MONAD0
0C2D 8610         9:          LDAA     #$10              GET VAL FOR REG. B
0C2F 2001        10:          BRA      MONAD0
                 11: *
                 12: *  NILADIC:  INX, DES, ETC.
0C31 4F          13: NILAD    CLRA                       IN ORDER TO GET OPCODE.
0C32 9A57        14: MONAD0   ORAA     OP                MERGE INTO OPCODE,
                 15:          ;JMP      OUT1A             AND OUTPUT 1 BYTE.
0C34 7E0B9F      16:          JMP      OUT1A




ASM/6800 1.3H4: 0C34 ASM/6800 1.4       - - - O P C O D E   P R O C E S S I N G - - -
08/16/82 00:00:00; Page 81; Form 9      - - - M O N A D I C S ,   J U M P S ,   E T C - - -
ASM14A.DITL0.ASM
                 18: *
                 19: * NO REGISTER SEEN:  REFERS TO MEMORY
  0C37           20: MONAD1   ;JSR      FINDAF            GET POINTER TO AF
0C37 BD206C      21:          JSR      FINDAF
  0C3A           22: JMPJSR   ;JSR      CHINDX            CHECK FOR INDEXED;
0C3A BD0BC0      23:          JSR      CHINDX
                 24: *
                 25: *  DO WORK FOR EXTENDED MODE INSTRUCTIONS
  0C3D           26: DOEXTV   ;JSR      EVAF              GET VALUE FOR AF...
0C3D BD1AF3      27:          JSR      EVAF
0C40 8630        28: DOEXT    LDAA     #$30              GET ADDRESSING BITS
0C42 9A57        29: OUT3A    ORAA     OP                MAKE EXTENDED
                 30:          ;JSR      PUTB              OUTPUT THE BYTE.
0C44 BD26A5      31:          JSR      PUTB
0C47 965F        32:          LDAA     VAL               OUTPUT VAL(H)
0C49 20C4        33:          BRA      OUT2A1




ASM/6800 1.3H4: 0C49 ASM/6800 1.4       - - - O P C O D E   P R O C E S S I N G - - -
08/16/82 00:00:00; Page 82; Form 10     - - - D Y A D I C S   I N   X ,   S - - -
ASM14A.DITL0.ASM
                  2: *
                  3: *  DYADICS FOR X, S, ETC:  CPX, LDS
  0C4B            4: DYADX    ;JSR      CHIMM             CHECK FOR IMMEDIATE.
0C4B BD0BAE       5:          JSR      CHIMM
0C4E 26C1         6:          BNE      DYADR41           B/ NOT IMMEDIATE, TRY OTHER MODES.
0C50 4F           7:          CLRA                       ELSE OUTPUT THE OP,
0C51 20EF         8:          BRA      OUT3A             ...VAL(H) AND VAL(L).




ASM/6800 1.3H4: 0C51 ASM/6800 1.4       - - - O P C O D E   P R O C E S S I N G - - -
08/16/82 00:00:00; Page 83; Form 11     - - - P U S H ,   P U L L - - -
ASM14A.DITL0.ASM
                  2: *15*
                  3: *
                  4: * PSHPUL:  PSHA/B PULA/B INSTRUCTIONS.
0C53 9656         5: PSHPUL   LDAA     REG               GET VALUE TO "OR" W/ OPCODE
0C55 20DB         6:          BRA      MONAD0            AND GO OUTPUT IT.




ASM/6800 1.3H4: 0C55 ASM/6800 1.4       - - - O P C O D E   P R O C E S S I N G - - -
08/16/82 00:00:00; Page 84; Form 12     - - - B R A N C H E S - - -
ASM14A.DITL0.ASM
                  2: *
                  3: * RELATIVE BRANCHES:
  0C57            4: BRANCH   ;JSR      EVAF              EVALUATE THE ARG...
0C57 BD1AF3       5:          JSR      EVAF
0C5A A600         6:          LDAA     0,X               GET THE TERMINATOR
                  7:          ;CMPA     #',               IS IT A COMMA?
0C5C 812C         8:          CMPA     #',
0C5E 2603         9:          BNE      BRAN1             B/ NO:  NOT TRYING TO INDEX.
                 10:          ;JSR      ILLAF             *E* TRIED TO INDEX A BRANCH.
0C60 BD086B      11:          JSR      ILLAF
0C63 9659        12: BRAN1    LDAA     XTYPE             GET THE EXPRESSION TYPE
0C65 8505        13:          BITA     #XT:FREF!XT:UNDF  IS IT EASY TO CHECK?
0C67 2704        14:          BEQ      BRAN2             B/ YES.
0C69 9654        15:          LDAA     PASS              IS THIS PASS 1?
0C6B 2719        16:          BEQ      OUT222             B/ YES:  OUTPUT 2 BYTES AND GO ON.
                 17: * CHECK FOR OUT OF RANGE BRANCH
0C6D D660        18: BRAN2    LDAB     VAL+1             GET THE VALUE
0C6F 965F        19:          LDAA     VAL
0C71 D097        20:          SUBB     PC+1
0C73 9296        21:          SBCA     PC                (A,B) := VAL-(PC+2)
0C75 C002        22:          SUBB     #2
0C77 D760        23:          STAB     VAL+1             SAVE NEW VAL,
0C79 8200        24:          SBCA     #0
0C7B 2710        25:          BEQ      BRANP             CHECK VAL FOR IN RANGE...
0C7D 2D0A        26:          BLT      BRANN             B/ VAL<0
  0C7F           27: BRANE    ;JSR      BRANERR           *E* OUT OF RANGE BRANCH
0C7F BD0887      28:          JSR      BRANERR
0C82 86FE        29:          LDAA     #-2               GENERATE A "BRA *"
0C84 9760        30:          STAA     VAL+1
  0C86           31: OUT222   ;JMP     OUT2              AND OUTPUT THE CODE
0C86 7E0B94      32:          JMP      OUT2
                 33: *
                 34: * BRANCH IN NEGATIVE DIRECTION.  (A)  MUST = $FF
                 35: *
0C89 43          36: BRANN    COMA
0C8A 26F3        37:          BNE      BRANE             B/ (A) WAS NOT SIGN.
0C8C 53          38:          COMB                       PREPARE B FOR RANGE CHECK.
                 39: *
                 40: * BRANCH IN POSITIVE DIRECTION.  (A) KNOWN TO BE ZERO; (B) MUST BE
                 41: * UNSIGNED.




ASM/6800 1.3H4: 0C8C ASM/6800 1.4       - - - O P C O D E   P R O C E S S I N G - - -
08/16/82 00:00:00; Page 85; Form 12     - - - B R A N C H E S - - -
ASM14A.DITL0.ASM
                 42: *
0C8D 5D          43: BRANP    TSTB                       IS B GOOD?
0C8E 2CF6        44:          BGE      OUT222             B/ B IS UNSIGNED ==> GOOD
0C90 20ED        45:          BRA      BRANE             ELSE GO ERROR.




ASM/6800 1.3H4: 0C90 ASM/6800 1.4       - - - A S S E M B L E R   T A B L E S - - -
08/16/82 00:00:00; Page 86; Form 13     - - - O P C O D E   T A B L E - - -
ASM14A.DITL0.ASM
                  3: *16
                  4: *
                  5: * OPTBL--
                  6: *
                  7: *        5 BYTES PER OPCODE:
                  8: *
                  9: *        3 BYTES OF TEXT;
                 10: *        1 BYTE OF VALUE
                 11: *        1 BYTE OF TYPE
                 12: *
                 13: *
                 14: *
                 15: * NOTE THAT TYPE CODES THAT ARE .LE. ZERO MEAN THAT A REGISTER CAN BE
                 16: * ASSOCIATED; IF TYPE .LT. ZERO, THERE MUST BE A REGISTER;
                 17: * IF TYPE .EQ. ZERO, THERE MAY BE A REGISTER;
                 18: * IF TYPE .GT. ZERO, THERE MAY NOT BE A REGISTER.
                 19: *
  0C92           20: OPTBL    EQU      *
0C92 414241      21:          FCC      /ABA/
0C95 1B01        22:          FCB      $1B,T:NIL
0C97 414443      23:          FCC      /ADC/
0C9A 89FF        24:          FCB      $89,T:DYDR
0C9C 414444      25:          FCC      /ADD/
0C9F 8BFF        26:          FCB      $8B,T:DYDR
0CA1 414E44      27:          FCC      /AND/
0CA4 84FF        28:          FCB      $84,T:DYDR
0CA6 41534C      29:          FCC      /ASL/
0CA9 4800        30:          FCB      $48,T:MOND
0CAB 415352      31:          FCC      /ASR/
0CAE 4700        32:          FCB      $47,T:MOND
0CB0 424343      33:          FCC      /BCC/
0CB3 2403        34:          FCB      $24,T:BRA
0CB5 424353      35:          FCC      /BCS/
0CB8 2503        36:          FCB      $25,T:BRA
0CBA 424551      37:          FCC      /BEQ/
0CBD 2703        38:          FCB      $27,T:BRA
0CBF 424745      39:          FCC      /BGE/
0CC2 2C03        40:          FCB      $2C,T:BRA
0CC4 424754      41:          FCC      /BGT/
0CC7 2E03        42:          FCB      $2E,T:BRA




ASM/6800 1.3H4: 0CC9 ASM/6800 1.4       - - - A S S E M B L E R   T A B L E S - - -
08/16/82 00:00:00; Page 87; Form 13     - - - O P C O D E   T A B L E - - -
ASM14A.DITL0.ASM
0CC9 424849      43:          FCC      /BHI/
0CCC 2203        44:          FCB      $22,T:BRA
0CCE 424853      45:          FCC      /BHS/
0CD1 2403        46:          FCB      $24,T:BRA
0CD3 424954      47:          FCC      /BIT/
0CD6 85FF        48:          FCB      $85,T:DYDR
0CD8 424C45      49:          FCC      /BLE/
0CDB 2F03        50:          FCB      $2F,T:BRA
0CDD 424C4F      51:          FCC      /BLO/
0CE0 2503        52:          FCB      $25,T:BRA
0CE2 424C53      53:          FCC      /BLS/
0CE5 2303        54:          FCB      $23,T:BRA
0CE7 424C54      55:          FCC      /BLT/
0CEA 2D03        56:          FCB      $2D,T:BRA
0CEC 424D49      57:          FCC      /BMI/
0CEF 2B03        58:          FCB      $2B,T:BRA
0CF1 424E45      59:          FCC      /BNE/
0CF4 2603        60:          FCB      $26,T:BRA
                 61: *17*
0CF6 42504C      62:          FCC      /BPL/
0CF9 2A03        63:          FCB      $2A,T:BRA
0CFB 425241      64:          FCC      /BRA/
0CFE 2003        65:          FCB      $20,T:BRA
0D00 425352      66:          FCC      /BSR/
0D03 8D03        67:          FCB      $8D,T:BRA
0D05 425643      68:          FCC      /BVC/
0D08 2803        69:          FCB      $28,T:BRA
0D0A 425653      70:          FCC      /BVS/
0D0D 2903        71:          FCB      $29,T:BRA
                 72: *
0D0F 434241      73:          FCC      /CBA/
0D12 1101        74:          FCB      $11,T:NIL
0D14 434C43      75:          FCC      /CLC/
0D17 0C01        76:          FCB      $0C,T:NIL
0D19 434C49      77:          FCC      /CLI/
0D1C 0E01        78:          FCB      $0E,T:NIL
0D1E 434C52      79:          FCC      /CLR/
0D21 4F00        80:          FCB      $4F,T:MOND
0D23 434C56      81:          FCC      /CLV/
0D26 0A01        82:          FCB      $0A,T:NIL




ASM/6800 1.3H4: 0D28 ASM/6800 1.4       - - - A S S E M B L E R   T A B L E S - - -
08/16/82 00:00:00; Page 88; Form 13     - - - O P C O D E   T A B L E - - -
ASM14A.DITL0.ASM
0D28 434D50      83:          FCC      /CMP/
0D2B 81FF        84:          FCB      $81,T:DYDR
0D2D 434F4D      85:          FCC      /COM/
0D30 4300        86:          FCB      $43,T:MOND
0D32 435058      87:          FCC      /CPX/
0D35 8C02        88:          FCB      $8C,T:DYDX
0D37 444141      89:          FCC      /DAA/
0D3A 1901        90:          FCB      $19,T:NIL
0D3C 444543      91:          FCC      /DEC/
0D3F 4A00        92:          FCB      $4A,T:MOND
0D41 444553      93:          FCC      /DES/
0D44 3401        94:          FCB      $34,T:NIL
0D46 444558      95:          FCC      /DEX/
0D49 0901        96:          FCB      $09,T:NIL
0D4B 454F52      97:          FCC      /EOR/
0D4E 88FF        98:          FCB      $88,T:DYDR
0D50 494E43      99:          FCC      /INC/
0D53 4C00       100:          FCB      $4C,T:MOND
0D55 494E53     101:          FCC      /INS/
0D58 3101       102:          FCB      $31,T:NIL
0D5A 494E58     103:          FCC      /INX/
0D5D 0801       104:          FCB      $08,T:NIL
0D5F 4A4D50     105:          FCC      /JMP/
0D62 4E04       106:          FCB      $4E,T:JMP
0D64 4A5352     107:          FCC      /JSR/
0D67 8D04       108:          FCB      $8D,T:JMP
                109: *18*
0D69 4C4441     110:          FCC      /LDA/
0D6C 86FF       111:          FCB      $86,T:DYDR
0D6E 4C4453     112:          FCC      /LDS/
0D71 8E02       113:          FCB      $8E,T:DYDX
0D73 4C4458     114:          FCC      /LDX/
0D76 CE02       115:          FCB      $CE,T:DYDX
0D78 4C5352     116:          FCC      /LSR/
0D7B 4400       117:          FCB      $44,T:MOND
0D7D 4E4547     118:          FCC      /NEG/
0D80 4000       119:          FCB      $40,T:MOND
0D82 4E4F50     120:          FCC      /NOP/
0D85 0101       121:          FCB      $01,T:NIL
0D87 4F5241     122:          FCC      /ORA/




ASM/6800 1.3H4: 0D8A ASM/6800 1.4       - - - A S S E M B L E R   T A B L E S - - -
08/16/82 00:00:00; Page 89; Form 13     - - - O P C O D E   T A B L E - - -
ASM14A.DITL0.ASM
0D8A 8AFF       123:          FCB      $8A,T:DYDR
0D8C 505348     124:          FCC      /PSH/
0D8F 36FE       125:          FCB      $36,T:PSH
0D91 50554C     126:          FCC      /PUL/
0D94 32FE       127:          FCB      $32,T:PSH
0D96 524F4C     128:          FCC      /ROL/
0D99 4900       129:          FCB      $49,T:MOND
0D9B 524F52     130:          FCC      /ROR/
0D9E 4600       131:          FCB      $46,T:MOND
0DA0 525449     132:          FCC      /RTI/
0DA3 3B01       133:          FCB      $3B,T:NIL
0DA5 525453     134:          FCC      /RTS/
0DA8 3901       135:          FCB      $39,T:NIL
0DAA 534241     136:          FCC      /SBA/
0DAD 1001       137:          FCB      $10,T:NIL
0DAF 534243     138:          FCC      /SBC/
0DB2 82FF       139:          FCB      $82,T:DYDR
0DB4 534543     140:          FCC      /SEC/
0DB7 0D01       141:          FCB      $0D,T:NIL
0DB9 534549     142:          FCC      /SEI/
0DBC 0F01       143:          FCB      $0F,T:NIL
0DBE 534556     144:          FCC      /SEV/
0DC1 0B01       145:          FCB      $0B,T:NIL
                146: *
  0001          147:          DO       NICE=1
0DC3 534B31     148:          FCC      /SK1/
0DC6 8501       149:          FCB      $85,T:NIL
0DC8 534B32     150:          FCC      /SK2/
0DCB 8C01       151:          FCB      $8C,T:NIL
                152:          FIN
                153: *
0DCD 535441     154:          FCC      /STA/
0DD0 87FD       155:          FCB      $87,T:DRNI        **NO IMMEDIATE ALLOWED**
0DD2 535453     156:          FCC      /STS/
0DD5 8F05       157:          FCB      $8F,T:DXNI        **NO IMMEDIATE ALLOWED**
0DD7 535458     158:          FCC      /STX/
0DDA CF05       159:          FCB      $CF,T:DXNI        **NO IMMEDIATE ALLOWED**
0DDC 535542     160:          FCC      /SUB/
0DDF 80FF       161:          FCB      $80,T:DYDR
0DE1 535749     162:          FCC      /SWI/




ASM/6800 1.3H4: 0DE4 ASM/6800 1.4       - - - A S S E M B L E R   T A B L E S - - -
08/16/82 00:00:00; Page 90; Form 13     - - - O P C O D E   T A B L E - - -
ASM14A.DITL0.ASM
0DE4 3F01       163:          FCB      $3F,T:NIL
0DE6 544142     164:          FCC      /TAB/
0DE9 1601       165:          FCB      $16,T:NIL
0DEB 544150     166:          FCC      /TAP/
0DEE 0601       167:          FCB      $06,T:NIL
0DF0 544241     168:          FCC      /TBA/
0DF3 1701       169:          FCB      $17,T:NIL
0DF5 545041     170:          FCC      /TPA/
0DF8 0701       171:          FCB      $07,T:NIL
0DFA 545354     172:          FCC      /TST/
0DFD 4D00       173:          FCB      $4D,T:MOND
0DFF 545358     174:          FCC      /TSX/
0E02 3001       175:          FCB      $30,T:NIL
0E04 545853     176:          FCC      /TXS/
0E07 3501       177:          FCB      $35,T:NIL
0E09 574149     178:          FCC      /WAI/
0E0C 3E01       179:          FCB      $3E,T:NIL
0E0E FF         180:          FCB      -1&$FF




ASM/6800 1.3H4: 0E0E ASM/6800 1.4       - - - A S S E M B L E R   T A B L E S - - -
08/16/82 00:00:00; Page 91; Form 14     - - - 6 8 0 1   O P C O D E   T A B L E - - -
ASM14A.DITL0.ASM
                  2: *
                  3: *  6 8 0 1   O P C O D E   T A B L E
                  4: *
                  5: *        THIS TABLE IS FORMATTED AS A STANDARD LINKED SYMBOL TABLE.
                  6: * S:VAL  OPCODE ROOT VALUE.
                  7: * S:VAL+1         OPCODE GROUP.
                  8: * S:TYPE <CURRENTLY UNUSED; SET TO ZERO>
                  9: *
                 10: *        TO SEARCH FOR A SYMBOL IN THIS TABLE, DO:
                 11: *                 LDX               #M6801OPS
                 12: *                 JSR               FSYM1
                 13: *                 BNE               <NOT-FOUND>
                 14: *                 BEQ               <FOUND>      ... X HOLDS @ OF SYMBOL.
                 15: *
                 16: 
0E0F 0E11        17: M6801OPS FDB      *+2               HEAD LINK.
                 18: *
0E11 0E1A        19:          #M6801.2 <NEXT>
0E13 3A010003    20:          $3A,T:NIL,,3
0E17 414258      21:          FCC      /ABX/
                 22: *
0E1A 0E24        23: M6801.2  #M6801.3
0E1C C3020004    24:          $C3,T:DYDX,,4
0E20 41444444    25:          FCC      /ADDD/
                 26: *
0E24 0E2E        27: M6801.3  #M6801.4
0E26 05010004    28:          $05,T:NIL,,4
0E2A 41534C44    29:          FCC      /ASLD/
                 30: *
0E2E 0E37        31: M6801.4  #M6801.5
0E30 24030003    32:          $24,T:BRA,,3
0E34 42524E      33:          FCC      /BRN/
                 34: *
0E37 0E40        35: M6801.5  #M6801.6
0E39 8D050003    36:          $8D,T:DXNI,,3
0E3D 4A5352      37:          FCC      /JSR/
                 38: *
0E40 0E49        39: M6801.6  #M6801.7
0E42 CC020003    40:          $CC,T:DYDX,,3
0E46 4C4444      41:          FCC      /LDD/




ASM/6800 1.3H4: 0E46 ASM/6800 1.4       - - - A S S E M B L E R   T A B L E S - - -
08/16/82 00:00:00; Page 92; Form 14     - - - 6 8 0 1   O P C O D E   T A B L E - - -
ASM14A.DITL0.ASM
                 42: *
0E49 0E52        43: M6801.7  #M6801.8
0E4B 48000003    44:          $48,T:MOND,,3
0E4F 4C534C      45:          FCC      /LSL/
                 46: *
0E52 0E5C        47: M6801.8  #M6801.9
0E54 48010004    48:          $48,T:NIL,,4
0E58 4C534C41    49:          FCC      /LSLA/
                 50: *
0E5C 0E66        51: M6801.9  #M6801.A
0E5E 58010004    52:          $58,T:NIL,,4
0E62 4C534C42    53:          FCC      /LSLB/
                 54: *
0E66 0E70        55: M6801.A  #M6801.B
0E68 05010004    56:          $05,T:NIL,,4
0E6C 4C534C44    57:          FCC      /LSLD/
                 58: *
0E70 0E7A        59: M6801.B  #M6801.C
0E72 04010004    60:          $04,T:NIL,,4
0E76 4C535244    61:          FCC      /LSRD/
                 62: *
0E7A 0E83        63: M6801.C  #M6801.D
0E7C 3D010003    64:          $3D,T:NIL,,3
0E80 4D554C      65:          FCC      /MUL/
                 66: *
0E83 0E8D        67: M6801.D  #M6801.E
0E85 36010004    68:          $36,T:NIL,,4
0E89 50534858    69:          FCC      /PSHX/
                 70: *
0E8D 0E97        71: M6801.E  #M6801.F
0E8F 38010004    72:          $38,T:NIL,,4
0E93 50554C58    73:          FCC      /PULX/
                 74: *
0E97 0EA0        75: M6801.F  #M6801.G
0E99 CD050003    76:          $CD,T:DXNI,,3
0E9D 535444      77:          FCC      /STD/
                 78: *
0EA0 0000        79: M6801.G  #M6801.I
0EA2 83020004    80:          $83,T:DYDX,,4
0EA6 53554244    81:          FCC      /SUBD/




ASM/6800 1.3H4: 0EA6 ASM/6800 1.4       - - - A S S E M B L E R   T A B L E S - - -
08/16/82 00:00:00; Page 93; Form 14     - - - 6 8 0 1   O P C O D E   T A B L E - - -
ASM14A.DITL0.ASM
                 82: *
  0000           83: M6801.I  EQU      0
                 84: *
                239:          END      ;UNEXPECTED EOF
  0001          240:          ELSE
 *S*            241:          INCLUDE  ASM14A.DITL9.ASM  ASM FOR 6809
                242:          FIN




ASM/6800 1.3H4: 0EA6 ASM/6800 1.4       - - - A S S E M B L E R   T A B L E S - - -
08/16/82 00:00:00; Page 94; Form 12     - - - D I R E C T I V E   T A B L E - - -
ASM14A.MAIN.ASM
                244: *
                245: *
                246: *  D I R E C T I V E   T A B L E
                247: *
                248: *        D0 IS THE HEAD OF A STANDARD SYMBOL CHAIN.  REMEMBER
                249: *        THAT THE FIRST 2 BYTES POINT TO THE NEXT IN THE CHAIN,
                250: *        THE NEXT 2 BYTES POINT TO THE HANDLING ROUTINE,
                251: *        THE NEXT BYTE IS THE TYPE, AND THE NEXT IS THE #
                252: *        OF CHARACTERS IN THE SYMBOL TEXT.
                253: *
                254: *
  0000          255: DIREND   EQU      0                 Null link marks end of table
                256: 
0EAA 0EAC       257: D0       FDB      D1                HEAD OF CHAIN.
                258: *
0EAC 0EB51425   259: D1       FDB      D2,EQU:,DT:SS!DT:AF+3
0EB2 455155     260:          FCC      /EQU/
  0001          261:          DO       NICE=1
0EB5 0EBE1430   262: D2       FDB      D3,SET:,DT:SS!DT:AF+3
0EBB 534554     263:          FCC      /SET/
  0001          264:          ELSE
 *S*            265: D2       EQU      *
                266:          FIN
0EBE 0EC7143B   267: D3       FDB      D4,RMB:,DT:AF!DT:LF!3
0EC4 524D42     268:          FCC      /RMB/
0EC7 0ED0137C   269: D4       FDB      D5,FCB:,DT:AF!DT:LF!3
0ECD 464342     270:          FCC      /FCB/
0ED0 0ED91397   271: D5       FDB      D5A,FDB:,DT:AF!DT:LF!DT:SS!3
0ED6 464442     272:          FCC      /FDB/
0ED9 0EE20FF3   273: D5A      FDB      D6,FFC:,DT:AF!DT:SS!3
0EDF 464643     274:          FCC      /FFC/
0EE2 0EEB1410   275: D6       FDB      D7,ORG:,DT:AF!DT:SS!3
0EE8 4F5247     276:          FCC      /ORG/
  0000          277:          IF       TITLES=0
 *S*            278: D7       FDB      D8,NOP,DT:!3
 *S*            279:          FCC      /NAM/
 *S*            280: D8       FDB      D9,NOP,DT:!4
 *S*            281:          FCC      /NAME/
                282:          ELSE
0EEB 0EF414FE   283: D7       FDB      D8,NAME:,DT:SS!DT:AF!3




ASM/6800 1.3H4: 0EF1 ASM/6800 1.4       - - - A S S E M B L E R   T A B L E S - - -
08/16/82 00:00:00; Page 95; Form 12     - - - D I R E C T I V E   T A B L E - - -
ASM14A.MAIN.ASM
0EF1 4E414D     284:          FCC      /NAM/
0EF4 0EFE14FE   285: D8       FDB      D9,NAME:,DT:SS!DT:AF!4
0EFA 4E414D45   286:          FCC      /NAME/
                287:          FIN
0EFE 0F08176F   288: D9       FDB      D10,OPT:,DT:AF!DT:SI!4
0F04 57495448   289:          FCC      /WITH/
0F08 0F111875   290: D10      FDB      D11,END:,DT:!DT:AF!3
0F0E 454E44     291:          FCC      /END/
                292: *
  0000          293:          IF       TITLES=0
 *S*            294: D11      FDB      D12,PAGE:,DT:CC!4
 *S*            295:          FCC      /PAGE/
                296:          ELSE
0F11 0F1B151E   297: D11      FDB      D11A,PAGE:,DT:CC!DT:SS!DT:AF!4
0F17 50414745   298:          FCC      /PAGE/
0F1B 0F2614F9   299: D11A     FDB      D12,TITLE:,DT:CC!DT:SS!DT:AF!5
0F21 5449544C   300:          FCC      /TITLE/
                301:          FIN
  0001          302:          DO       NICE=1
0F26 0F311505   303: D12      FDB      D13,SPACE:,DT:CC!DT:AF!5
0F2C 53504143   304:          FCC      /SPACE/
  0001          305:          ELSE
 *S*            306: D12      EQU      *
                307:          FIN
0F31 0F3A1505   308: D13      FDB      D14,SPACE:,DT:CC!DT:AF!3
0F37 535043     309:          FCC      /SPC/
0F3A 0F431455   310: D14      FDB      D14B,FCC:,DT:AF!DT:LF!3
0F40 464343     311:          FCC      /FCC/
  0F43          312: D14B     EQU      *
  0001          313:          IF       NICE=1
0F43 0F4D13C6   314:          FDB      D14C,LIST:,DT:CC!DT:SI!DT:AF!4
0F49 4C495354   315:          FCC      /LIST/
                316:          FIN
  0F4D          317: D14C     EQU      *
  0001          318:          IF       NICE=1
0F4D 0F5613F0   319:          FDB      D14D,PCC:,DT:AF!DT:SI!3
0F53 504343     320:          FCC      /PCC/
                321:          FIN
  0F56          322: D14D     EQU      *
  0001          323:          IF       NICE=1




ASM/6800 1.3H4: 0F56 ASM/6800 1.4       - - - A S S E M B L E R   T A B L E S - - -
08/16/82 00:00:00; Page 96; Form 12     - - - D I R E C T I V E   T A B L E - - -
ASM14A.MAIN.ASM
0F56 0F5F13F4   324:          FDB      D14E,PSR:,DT:CC!DT:SI!DT:AF!3
0F5C 505352     325:          FCC      /PSR/
                326:          FIN
  0F5F          327: D14E     EQU      *
  0001          328:          IF       NICE=1
0F5F 0F6913FC   329:          FDB      D14F,PGEN:,DT:CC!DT:SI!DT:AF!4
0F65 5047454E   330:          FCC      /PGEN/
                331:          FIN
  0F69          332: D14F     EQU      *
  0001          333:          IF       NICE=1
0F69 0F7213F8   334:          FDB      D14G,PCA:,DT:CC!DT:SI!DT:AF!3
0F6F 504341     335:          FCC      /PCA/
                336:          FIN
  0F72          337: D14G     EQU      *
  0001          338:          IF       REPEAT=1
0F72 0F7B1400   339:          FDB      D14H,RPT:,DT:AF!DT:LF!DT:CA!3
0F78 525054     340:          FCC      /RPT/
                341:          FIN
  0F7B          342: D14H     EQU      *
  0001          343:          DO       CONDASM=1
0F7B 0F8316C8   344: D15      FDB      D16,DO:,DT:AF!DT:DO!DT:CA!2
0F81 444F       345:          FCC      /DO/
0F83 0F8D1735   346: D16      FDB      D17,ELSE:,DT:CA!4
0F89 454C5345   347:          FCC      /ELSE/
0F8D 0F96174B   348: D17      FDB      D18,FIN:,DT:CA!3
0F93 46494E     349:          FCC      /FIN/
0F96 0F9E16DC   350: D18      FDB      D20,IF:,DT:AF!DT:DO!DT:CA!2
0F9C 4946       351:          FCC      /IF/
0F9E 0FAA1734   352: D20      FDB      D21,ELSIF:,DT:CA!6
0FA4 454C5345   353:          FCC      /ELSEIF/
                354: *
0FAA 0FB41753   355: D21      FDB      D22,CASE:,DT:AF!DT:DO!DT:CA!4
0FB0 43415345   356:          FCC      /CASE/
                357: *
0FB4 0FBF16EC   358: D22      FDB      D22B,IFUND:,DT:AF!DT:DO!DT:CA!5
0FBA 4946554E   359:          FCC      /IFUND/
0FBF 0FCA1713   360: D22B     FDB      D23,IFDEF:,DT:AF!DT:DO!DT:CA!5
0FC5 49464445   361:          FCC      /IFDEF/
  0001          362:          ELSE
 *S*            363: D15      EQU      *




ASM/6800 1.3H4: 0FC9 ASM/6800 1.4       - - - A S S E M B L E R   T A B L E S - - -
08/16/82 00:00:00; Page 97; Form 12     - - - D I R E C T I V E   T A B L E - - -
ASM14A.MAIN.ASM
                364:          FIN
                365: *
  0001          366:          IF       NICE=1            ONLY GET TABS IF NICE STUFF IS AROUND
0FCA 0FD414BA   367: D23      FDB      D24,TABS:,DT:AF!DT:SI!DT:CC!4
0FD0 54414253   368:          FCC      /TABS/
  0001          369:          ELSE
 *S*            370: D23      EQU      *
                371:          FIN
                372: *
0FD4 0FDD1875   373: D24      FDB      D25,END:,DT:!3
0FDA 4D4F4E     374:          FCC      /MON/
                375: *
0FDD 0FE613A8   376: D25      FDB      D26,NOP,DT:!3
0FE3 4F5054     377:          FCC      /OPT/
                378: *
0FE6 00001574   379: D26      FDB      D27,INCLUDE:,DT:AF!DT:SS!7
0FEC 494E434C   380:          FCC      /INCLUDE/
                381: *
  0001          382:          IFUND    MC6809
  0000          383: D27      EQU      DIREND
  0001          384:          ELSE
 *S*            385: D27      FDB      DIREND,SETDPR:,DT:SS!DT:AF!6
 *S*            386:          FCC      /SETDPR/
                387:          FIN
                388: 
                389: 
                390: *  TO BE ADDED LATER:
                391: *        CAL      (SWI THAT LOOKS AT AF)
                392: *        DATA
                393: *        TEXT
                394: *        TEXTC
                395: *        TEXTZ
                396: *




ASM/6800 1.3H4: 0FF0 ASM/6800 1.4       - - - D I R E C T I V E   P R O C E S S I N G - - -
08/16/82 00:00:00; Page 98; Form 13     - - - FORM FLOATING CONSTANT - - -
ASM14A.MAIN.ASM
                  3: *
                  4: *
                  5: *   F F C :
                  6: *
                  7: *        HANDLES FFC COMMAND 
                  8: *
                  9: *
0FF3 4F          10: FFC:     CLRA                       Set max
0FF4 C6FF        11:          LDAB     #$FF               char to scan
                 12:          ;LDX     AFPTR             Point to AF
0FF6 DE26        13:          LDX      AFPTR
                 14:          ;JSR     FCONVI            Go form floating value
0FF8 BD10AC      15:          JSR      FCONVI
0FFB 39          16:          RTS                        Normal exit, return to directive handler
0FFC 01          17:          NOP                        Filler, RTS takes on 1 byte
0FFD 2003        18:          BRA      FCONVOVERFLOW     Overflow exit
                 19:          ;JMP     SYNTAX            Syntax error exit
0FFF 7E0867      20:          JMP      SYNTAX
                 21: 
  1002           22: FCONVOVERFLOW
                 23:          ;JMP     OVRFLW            Flag overflow error
1002 7E0883      24:          JMP      OVRFLW
                 25: 
                  0:          INCLUDE ASM14A.FCONV.ASM
1005 0002         1: BUFERP   RMB      2                 Pointer to text buffer
1007 0001         2: DIGCNT   RMB      1                 HOLDS SIG DIGIT COUNT FOR FCONVI
1008 0001         3: DIGFLG   RMB      1                 DIGIT FLAG FOR FCONVI
                  4: *
  000A            5: DIGMAX   EQU      10                Max number fo digits allowed
1009 0001         6: ML       RMB      1                 Multiplier digit for FMUL, FDIV
                  7: *
100A 0001         8: MSIGN    RMB      1                 Holds sign of result
100B 0001         9: MEXP     RMB      1                 Holds exp, must preceed FAC
100C 0001        10: FAC1     RMB      1                 FAC, Floating accumulator
100D 0001        11: FAC2     RMB      1
100E 0001        12: FAC3     RMB      1
100F 0001        13: FAC4     RMB      1
1010 0001        14: FAC5     RMB      1
1011 0001        15: FAC6     RMB      1
1012 0006        16: FACEXT1  RMB      6                 FAC Extention




ASM/6800 1.3H4: 1018 ASM/6800 1.4       - - - D I R E C T I V E   P R O C E S S I N G - - -
08/16/82 00:00:00; Page 99; Form 1      - - - FORM FLOATING CONSTANT - - -
ASM14A.FCONV.ASM
1018 0001        17: DPFLAG   RMB      1                 Decimal point count for FCONVI
1019 0001        18: DPCOUNT  RMB      1                 Decimal place count for FCONVI
101A 0001        19: EXPOVF   RMB      1                 Exponent overflow flag
101B 0001        20: CTNB     RMB      1                 Holds carry (0..199) to next byte
101C 0002        21: FACX     RMB      2                 Holds pointer to floating ACC
101E 0002        22: FCVIRT   RMB      2                 Return address for floating conversion
1020 0002        23: LOOPX    RMB      2                 2 byte loop counter




ASM/6800 1.3H4: 1020 ASM/6800 1.4       - - - D I R E C T I V E   P R O C E S S I N G - - -
08/16/82 00:00:00; Page 100; Form 1     - - - FORM FLOATING CONSTANT - - -
ASM14A.FCONV.ASM
                 25: *        FLOATING INPUT CONVERSION ROUTINES
                 26: *        A,B CONTAIN MAX # OF CHARS TO EAT (INCLUDING BLANKS)
                 27: *        X REG CONTAINS POINTER TO CHARACTER STRING TO CONVERT
                 28: *        RESULT IS CONVERTED TO FLOATING POINT FORMAT AND OUTPUT TO BO
                 29: *        DOES NOT EAT THE CR OR ANY OTHER DELIMITER
                 30: *        ROUTINE WILL EAT STRINGS OF THE FOLLOWING FORMAT:
                 31: *        <0 OR MORE BLANKS> FOLLOWED BY
                 32: *        <'+' OR '-' OR NOTHING> FOLLOWED BY
                 33: *        <1 OR MORE DIGITS WHICH MAY CONTAIN A '.' ANYWHERE IN THIS FIELD
                 34: *        FIELD MAY CONTAIN UP TO 10 SIGNIFICANT DIGITS
                 35: *        (LEADING ZEROES ARE NOT CONSIDERED SIGNIFICANT
                 36: *        EXAMPLE:
                 37: *        0.000000103456789
                 38: *        THE "0.000000" PART IS NOT CONSIDERED SIGNIFICANT,
                 39: *        WHILE THE "103456789" PART IS CONSIDERED SIGNIFICANT)
                 40: *        MAY NOT BE > 127 NON-SIG ZEROS RIGHT OF DP & PRECEEDING SIG DIGITS
                 41: *        EXCESS SIGNIFICANT DIGITS ARE READ AND IGNORED> FOLLOWED BY
                 42: *        <'e', 'E' OR NOT A 'E'> (DONE IF NOT 'E', ELSE...) FOLLOWED BY
                 43: *        <'+' OR '-' OR NOTHING> FOLLOWED BY
                 44: *        <UP TO 3 DIGITS NOT TO EXCEED 126> FOLLOWED BY
                 45: *        <NOT A DIGIT>
                 46: *
                 47: *        JSR      FCONVI
                 48: *        BRA      ALL OK
                 49: *        BRA      OVERFLOW
                 50: *        BRA      SYNTAX ERROR
                 51: *
1022 8D68        52: FCONVI31 BSR      GETCHAR
1024 8D4B        53: LEFTDIG  BSR      ISDIG
1026 200F        54:          BRA      FCONVI32
                 55:          ;CMPA    #'.
1028 812E        56:          CMPA     #'.
102A 2622        57:          BNE      FCONVI33
102C B61018      58:          LDAA     DPFLAG
102F 261D        59:          BNE      FCONVI33
1031 4C          60:          INCA
1032 B71018      61:          STAA     DPFLAG
1035 20EB        62:          BRA      FCONVI31
  1037           63: FCONVI32 ;TFR     A,B               MULTIPLY LEFT DIGIT OF PAIR BY 10
1037 16          64:          TAB




ASM/6800 1.3H4: 1038 ASM/6800 1.4       - - - D I R E C T I V E   P R O C E S S I N G - - -
08/16/82 00:00:00; Page 101; Form 1     - - - FORM FLOATING CONSTANT - - -
ASM14A.FCONV.ASM
1038 48          65:          ASLA
1039 48          66:          ASLA
103A 1B          67:          ABA
103B 48          68:          ASLA
103C A700        69:          STAA     0,X
103E B61018      70: FCONVI36 LDAA     DPFLAG
1041 260A        71:          BNE      FCONVI37
                 72:          ;INC     DPCOUNT
1043 7C1019      73:          INC      DPCOUNT
1046 2A05        74:          BPL      FCONVI37
                 75:          ;LEAS    2,S
  0000           76:          IF       2<0
 *S*             77:          RPT      -2
 *S*             78:          DES
                 79:          ELSE
  0002           80:          RPT      2
1048 31          81:          INS
                 82:          FIN
                 83:          ;JMP     SYNERR
104A 7E1251      84:          JMP      SYNERR
104D 39          85: FCONVI37 RTS
  104E           86: FCONVI33 ;PULX
104E 30          87:          TSX
104F EE00        88:          LDX      0,X
1051 31          89:          INS
1052 31          90:          INS
                 91:          ;JMP     2,X
1053 6E02        92:          JMP      2,X
                 93: *
1055 8D35        94: FCONVI34 BSR      GETCHAR
1057 8D18        95: RIGHTDIG BSR      ISDIG             PICK UP RIGHT HAND DIGIT OF PAIR
1059 200F        96:          BRA      FCONVI35
                 97:          ;CMPA    #'.
105B 812E        98:          CMPA     #'.
105D 26EF        99:          BNE      FCONVI33
105F B61018     100:          LDAA     DPFLAG
1062 26EA       101:          BNE      FCONVI33
1064 4C         102:          INCA
1065 B71018     103:          STAA     DPFLAG
1068 20EB       104:          BRA      FCONVI34




ASM/6800 1.3H4: 106A ASM/6800 1.4       - - - D I R E C T I V E   P R O C E S S I N G - - -
08/16/82 00:00:00; Page 102; Form 1     - - - FORM FLOATING CONSTANT - - -
ASM14A.FCONV.ASM
106A AB00       105: FCONVI35 ADDA     0,X               ADD RIGHT HAND DIGIT TO LEFTHAND ALREADY COLLECTE
                106:          ;STA     ,X+
106C A700       107:          STAA     0,X
106E 08         108:          INX
106F 20CD       109:          BRA      FCONVI36




ASM/6800 1.3H4: 106F ASM/6800 1.4       - - - D I R E C T I V E   P R O C E S S I N G - - -
08/16/82 00:00:00; Page 103; Form 1     - - - FORM FLOATING CONSTANT - - -
ASM14A.FCONV.ASM
                111: *        DIGIT CHECK ROUTINE
                112: *        SKIP RETURN IF A IS NOT A DIGIT
                113: *        RETURN W/BCD EQUIVALENT IF CHAR IS A DIGIT
                114: *
  1071          115: ISDIG    ;CMPA    #'0
1071 8130       116:          CMPA     #'0
1073 2D0A       117:          BLT      ISDIG2
                118:          ;CMPA    #'9
1075 8139       119:          CMPA     #'9
1077 2E06       120:          BGT      ISDIG2
1079 B71008     121:          STAA     DIGFLG
107C 8030       122:          SUBA     #'0
107E 39         123:          RTS
107F 9700       124: ISDIG2   STAA     TEMPA             SKIP RETURN, PRESERVE A, X
                125:          ;PULD
1081 32         126:          PULA
1082 33         127:          PULB
                128:          ;ADDD    #2
1083 CB02       129:          ADDB     #(2)&$FF
1085 8900       130:          ADCA     #(2)/256
                131:          ;PSHD
1087 37         132:          PSHB
1088 36         133:          PSHA
1089 9600       134:          LDAA     TEMPA
108B 39         135:          RTS
                136: *
                137: *        GET CHARACTER ROUTINE
                138: *        GET CHAR @BUFERP BUMP X & RETURN
                139: *
108C FF101C     140: GETCHAR  STX      FACX
                141:          ;LDX     LOOPX             CHECK MAX # OF CHARS READ
108F FE1020     142:          LDX      LOOPX
1092 2711       143:          BEQ      GETCHAR0
1094 09         144:          DEX
1095 FF1020     145:          STX      LOOPX
                146:          ;LDX     BUFERP
1098 FE1005     147:          LDX      BUFERP
                148:          ;LDA     ,X+
109B A600       149:          LDAA     0,X
109D 08         150:          INX




ASM/6800 1.3H4: 109E ASM/6800 1.4       - - - D I R E C T I V E   P R O C E S S I N G - - -
08/16/82 00:00:00; Page 104; Form 1     - - - FORM FLOATING CONSTANT - - -
ASM14A.FCONV.ASM
109E FF1005     151: GETCHAR2 STX      BUFERP
                152:          ;LDX     FACX
10A1 FE101C     153:          LDX      FACX
10A4 39         154:          RTS
  10A5          155: GETCHAR0 ;LDX     BUFERP
10A5 FE1005     156:          LDX      BUFERP
10A8 08         157:          INX
10A9 4F         158:          CLRA
10AA 20F2       159:          BRA      GETCHAR2




ASM/6800 1.3H4: 10AA ASM/6800 1.4       - - - D I R E C T I V E   P R O C E S S I N G - - -
08/16/82 00:00:00; Page 105; Form 1     - - - FORM FLOATING CONSTANT - - -
ASM14A.FCONV.ASM
  10AC          161: FCONVI   ;STD     LOOPX             MAX # OF CHARS TO EAT
10AC F71021     162:          STAB     LOOPX+1
10AF B71020     163:          STAA     LOOPX
10B2 4F         164:          CLRA
10B3 B71018     165:          STAA     DPFLAG
10B6 B71019     166:          STAA     DPCOUNT
10B9 B71008     167:          STAA     DIGFLG
10BC FF1005     168:          STX      BUFERP
10BF FF101E     169:          STX      FCVIRT            NOT USED RIGHT AWAY
                170:          ;LDX     #0
10C2 CE0000     171:          LDX      #0
10C5 FF100C     172:          STX      FAC1
10C8 FF100E     173:          STX      FAC3
10CB FF1010     174:          STX      FAC5
10CE FF1012     175:          STX      FACEXT1           10TH DIGIT GOES INTO LEFT HALF OF FACEXT1
10D1 8DB9       176: FCONVI1  BSR      GETCHAR
                177:          ;CMPA    #$20
10D3 8120       178:          CMPA     #$20
10D5 27FA       179:          BEQ      FCONVI1           EAT BLANKS
                180:          ;CMPA    #$09
10D7 8109       181:          CMPA     #$09
10D9 27F6       182:          BEQ      FCONVI1
                183:          ;CMPA    #'+
10DB 812B       184:          CMPA     #'+
10DD 2709       185:          BEQ      FCONVI2
                186:          ;CMPA    #'-
10DF 812D       187:          CMPA     #'-
10E1 2607       188:          BNE      FCONVI3
10E3 8680       189:          LDAA     #$80
10E5 B7100C     190:          STAA     FAC1              MAKE SIGN NEG
                191: *
                192: *        IGNORE LEADING ZEROES
                193: *
10E8 8DA2       194: FCONVI2  BSR      GETCHAR           GO GET SOME DIGITS
  10EA          195: FCONVI3  ;CMPA    #'0
10EA 8130       196:          CMPA     #'0
10EC 2610       197:          BNE      FCONVI50
10EE B71008     198:          STAA     DIGFLG
10F1 B61018     199:          LDAA     DPFLAG
10F4 27F2       200:          BEQ      FCONVI2           NO DP SEEN YET




ASM/6800 1.3H4: 10F4 ASM/6800 1.4       - - - D I R E C T I V E   P R O C E S S I N G - - -
08/16/82 00:00:00; Page 106; Form 1     - - - FORM FLOATING CONSTANT - - -
ASM14A.FCONV.ASM
                201:          ;DEC     DPCOUNT
10F6 7A1019     202:          DEC      DPCOUNT
10F9 2BED       203:          BMI      FCONVI2
                204:          ;JMP     SYNERR            TOO MANY ZEROES
10FB 7E1251     205:          JMP      SYNERR
  10FE          206: FCONVI50 ;CMPA    #'.
10FE 812E       207:          CMPA     #'.
1100 2605       208:          BNE      FCONVI51
1102 B71018     209:          STAA     DPFLAG
1105 20E1       210:          BRA      FCONVI2
                211: *
                212: *        EAT SIGNIFICANT DIGITS
                213: *
  1107          214: FCONVI51 ;LDX     #FAC2
1107 CE100D     215:          LDX      #FAC2
110A C605       216:          LDAB     #DIGMAX/2
110C F71007     217:          STAB     DIGCNT            USE THIS AS A COUNTER
110F 2003       218:          BRA      FCONVI4A
  1111          219: FCONVI4  ;JSR     GETCHAR
1111 BD108C     220:          JSR      GETCHAR
  1114          221: FCONVI4A ;JSR     RIGHTDIG
1114 BD1057     222:          JSR      RIGHTDIG
1117 2002       223:          BRA      FCONVI5           ALL IS OK
1119 202F       224:          BRA      FCONVI8           2ND DP FOUND, OR NOT A DIGIT
  111B          225: FCONVI5  ;JSR     GETCHAR
111B BD108C     226:          JSR      GETCHAR
                227:          ;JSR     LEFTDIG
111E BD1024     228:          JSR      LEFTDIG
1121 2002       229:          BRA      FCONVI6           ALL IS OK
1123 2025       230:          BRA      FCONVI8           2ND DP FOUND, OR NOT A DIGIT
  1125          231: FCONVI6  ;DEC     DIGCNT
1125 7A1007     232:          DEC      DIGCNT
1128 26E7       233:          BNE      FCONVI4           NOT DONE, KEEP GOING
112A B61018     234:          LDAA     DPFLAG            DECIMAL POINT SEEN ?
112D 2613       235:          BNE      FCONVI7B          B/ YES, COLLECT AND IGNORE REMAINING DIGITS
112F 2005       236:          BRA      FCONVI7A          SKIP INTO EXCESS DIGIT COLLECTION LOOP
                237: 
  1131          238: FCONVI7  ;INC     DPCOUNT           BUMP # DIGITS SEEN BEFORE DECIMAL POINT
1131 7C1019     239:          INC      DPCOUNT
1134 2B19       240:          BMI      SYNERRJ           B/ TOO MANY DIGITS TO LEFT OF DECIMAL POINT




ASM/6800 1.3H4: 1134 ASM/6800 1.4       - - - D I R E C T I V E   P R O C E S S I N G - - -
08/16/82 00:00:00; Page 107; Form 1     - - - FORM FLOATING CONSTANT - - -
ASM14A.FCONV.ASM
  1136          241: FCONVI7A ;JSR     GETCHAR
1136 BD108C     242:          JSR      GETCHAR
                243:          ;JSR     ISDIG
1139 BD1071     244:          JSR      ISDIG
113C 20F3       245:          BRA      FCONVI7           SCAN OFF REMAINING DIGITS
                246:          ;CMPA    #'.               DECIMAL POINT ?
113E 812E       247:          CMPA     #'.
1140 2608       248:          BNE      FCONVI8           B/ NOPE
  1142          249: FCONVI7B ;JSR     GETCHAR           YES, COLLECT DIGITS AFTER DP
1142 BD108C     250:          JSR      GETCHAR
                251:          ;JSR     ISDIG
1145 BD1071     252:          JSR      ISDIG
1148 20F8       253:          BRA      FCONVI7B
114A F61008     254: FCONVI8  LDAB     DIGFLG            SEE IF SYNTAX OK SO FAR...
114D 2603       255:          BNE      FCONVI26
  114F          256: SYNERRJ  ;JMP     SYNERR            NO DIGITS FOUND YET, ERROR
114F 7E1251     257:          JMP      SYNERR
                258: *
                259: *        SYNTAX OK SO FAR, TRY FOR EXPONENT
                260: *
  1152          261: FCONVI26 ;LDX     BUFERP            REMEMBER THIS POINTER
1152 FE1005     262:          LDX      BUFERP
1155 FF101E     263:          STX      FCVIRT
1158 5F         264:          CLRB
1159 F71008     265:          STAB     DIGFLG            EXPONENT DIGIT FLAG
115C F7100A     266:          STAB     MSIGN             EXPONENT SIGN
115F F7100B     267:          STAB     MEXP              EXPONENT VALUE
1162 F7101A     268:          STAB     EXPOVF            EXPONENT OVERFLOW FLAG
                269:          ;CMPA    #'e
1165 8165       270:          CMPA     #'e
1167 2704       271:          BEQ      FCONVI26A
                272:          ;CMPA    #'E
1169 8145       273:          CMPA     #'E
116B 2646       274:          BNE      FCONVI13          GO CLEAN UP, NO ERRORS
  116D          275: FCONVI26A         ;JSR              GETCHAR
116D BD108C     276:          JSR      GETCHAR
                277:          ;CMPA    #'+
1170 812B       278:          CMPA     #'+
1172 2709       279:          BEQ      FCONVI9           B/ IGNORE LEADING PLUS
                280:          ;CMPA    #'-




ASM/6800 1.3H4: 1174 ASM/6800 1.4       - - - D I R E C T I V E   P R O C E S S I N G - - -
08/16/82 00:00:00; Page 108; Form 1     - - - FORM FLOATING CONSTANT - - -
ASM14A.FCONV.ASM
1174 812D       281:          CMPA     #'-
1176 260D       282:          BNE      FCONVI11
1178 8680       283:          LDAA     #$80
117A B7100A     284:          STAA     MSIGN
  117D          285: FCONVI9  ;JSR     GETCHAR
117D BD108C     286:          JSR      GETCHAR
1180 2003       287:          BRA      FCONVI11
                288: *
                289: *        COLLECT EXPONENT DIGITS
                290: *
  1182          291: FCONVI10 ;JSR     GETCHAR
1182 BD108C     292:          JSR      GETCHAR
  1185          293: FCONVI11 ;JSR     ISDIG
1185 BD1071     294:          JSR      ISDIG
1188 2002       295:          BRA      FCONVI12
118A 201C       296:          BRA      FCONVI90          GO CLEAN UP
118C F6100B     297: FCONVI12 LDAB     MEXP
118F 58         298:          ASLB                       *2
1190 250F       299:          BCS      FCONVI91          CATCH THE OVERFLOW
1192 58         300:          ASLB                       *4
1193 250C       301:          BCS      FCONVI91          CATCH THE OVERFLOW
1195 FB100B     302:          ADDB     MEXP              *5
1198 2507       303:          BCS      FCONVI91          CATCH THE OVERFLOW
119A 58         304:          ASLB                       *10
119B 1B         305:          ABA
119C B7100B     306:          STAA     MEXP
119F 24E1       307:          BCC      FCONVI10
11A1 8601       308: FCONVI91 LDAA     #1
11A3 B7101A     309:          STAA     EXPOVF
11A6 20DA       310:          BRA      FCONVI10
11A8 B61008     311: FCONVI90 LDAA     DIGFLG            ANY EXPONENT DIGITS?
11AB 2606       312:          BNE      FCONVI13
                313:          ;LDX     FCVIRT            NO, BACKUP AND IGNORE E PHRASE
11AD FE101E     314:          LDX      FCVIRT
11B0 FF1005     315:          STX      BUFERP
                316: *
                317: *        CLEAN UP HERE
                318: *
11B3 B6100D     319: FCONVI13 LDAA     FAC2              IF FAC2 IS ZERO, WE'RE OK
11B6 2605       320:          BNE      FCONVI14          B/ NONZERO DIGIT SEEN




ASM/6800 1.3H4: 11B8 ASM/6800 1.4       - - - D I R E C T I V E   P R O C E S S I N G - - -
08/16/82 00:00:00; Page 109; Form 1     - - - FORM FLOATING CONSTANT - - -
ASM14A.FCONV.ASM
11B8 B7100C     321:          STAA     FAC1
11BB 2033       322:          BRA      UNDERFLOW         (IT ISN'T REALLY, JUST AN OK EXIT)
11BD B6101A     323: FCONVI14 LDAA     EXPOVF
11C0 2666       324:          BNE      OVERFLOW          EXPONENT OVERFLOW, SEMANTIC ERROR
11C2 F6100B     325:          LDAB     MEXP
11C5 270A       326:          BEQ      FCONVI15
11C7 B6100A     327:          LDAA     MSIGN
11CA 2A06       328:          BPL      FCONVI16
11CC 50         329:          NEGB
11CD 86FF       330:          LDAA     #$FF
11CF 2001       331:          BRA      FCONVI16
11D1 4F         332: FCONVI15 CLRA
                333: *
                334: *        A,B HAVE 16 BIT SIGNED VALUE REPRESENTING THE VALUE OF
                335: *        THE SPECIFIED EXPONENT. ADD TO THAT THE # OF DIGITS LEFT OF
                336: *        THE DP
                337: *
  11D2          338: FCONVI16 ;STD     FACX
11D2 F7101D     339:          STAB     FACX+1
11D5 B7101C     340:          STAA     FACX
11D8 F61019     341:          LDAB     DPCOUNT           SIGN EXTEND THE DP COUNT
11DB 4F         342:          CLRA
11DC 59         343:          ROLB
11DD 8200       344:          SBCA     #0
                345:          ;ASRD
11DF 47         346:          ASRA
11E0 56         347:          RORB
11E1 FB101D     348:          ADDB     FACX+1            *** CANNOT OPTIMIZE FOR 6809 ****
11E4 B9101C     349:          ADCA     FACX
                350: *
                351: *        IF A <> 0 OR A <> $FF, ERROR
                352: *
11E7 270C       353:          BEQ      FCONVI22
                354:          ;CMPA    #$FF
11E9 81FF       355:          CMPA     #$FF
11EB 2708       356:          BEQ      FCONVI22
11ED 4D         357:          TSTA
11EE 2A38       358:          BPL      OVERFLOW
  11F0          359: UNDERFLOW         ;LDX              #FZERO
11F0 CE1351     360:          LDX      #FZERO




ASM/6800 1.3H4: 11F3 ASM/6800 1.4       - - - D I R E C T I V E   P R O C E S S I N G - - -
08/16/82 00:00:00; Page 110; Form 1     - - - FORM FLOATING CONSTANT - - -
ASM14A.FCONV.ASM
11F3 2048       361:          BRA      FCONVI21
                362: *
                363: *        NOW NORMALIZE IF EXP IS ODD
                364: *
  11F5          365: FCONVI22 ;ASRD
11F5 47         366:          ASRA
11F6 56         367:          RORB
11F7 251E       368:          BCS      FCONVI18          B/ NO NORMALIZE
11F9 37         369:          PSHB                       SIGN IS PROPOGATED, SAVE EXPONENT
11FA 4F         370:          CLRA                       MAKE FORWARD CARRY = 0
11FB C60A       371:          LDAB     #10               MULTIPLIER...
11FD F71009     372:          STAB     ML
                373:          ;LDX     #FACEXT1          MULTIPLY COLLECTED RESULT BY TEN
1200 CE1012     374:          LDX      #FACEXT1
                375:          ;JSR     FDIVNORMDIGIT
1203 BD1335     376:          JSR      FDIVNORMDIGIT
                377:          ;JSR     FDIVNORMDIGIT
1206 BD1335     378:          JSR      FDIVNORMDIGIT
                379:          ;JSR     FDIVNORMDIGIT
1209 BD1335     380:          JSR      FDIVNORMDIGIT
                381:          ;JSR     FDIVNORMDIGIT
120C BD1335     382:          JSR      FDIVNORMDIGIT
                383:          ;JSR     FDIVNORMDIGIT
120F BD1335     384:          JSR      FDIVNORMDIGIT
                385:          ;JSR     FDIVNORMDIGIT     PROCESS MSD
1212 BD1335     386:          JSR      FDIVNORMDIGIT
                387: *        ASSERT:  (A)=0 (NO CARRY!)
1215 33         388:          PULB
1216 0C         389:          CLC
1217 C940       390: FCONVI18 ADCB     #$40              ADD BIAS
1219 290D       391:          BVS      OVERFLOW
121B 2FD3       392:          BLE      UNDERFLOW
121D FA100C     393:          ORAB     FAC1              PICK UP THE SIGN
1220 F7100C     394:          STAB     FAC1
                395:          ;LDX     #FAC1
1223 CE100C     396:          LDX      #FAC1
1226 2015       397:          BRA      FCONVI21
1228 B6100C     398: OVERFLOW LDAA     FAC1
122B 2A05       399:          BPL      FCONVI20
                400:          ;LDX     #MINFINITY




ASM/6800 1.3H4: 122D ASM/6800 1.4       - - - D I R E C T I V E   P R O C E S S I N G - - -
08/16/82 00:00:00; Page 111; Form 1     - - - FORM FLOATING CONSTANT - - -
ASM14A.FCONV.ASM
122D CE1357     401:          LDX      #MINFINITY
1230 2003       402:          BRA      FCONVI25
  1232          403: FCONVI20 ;LDX     #INFINITY
1232 CE135E     404:          LDX      #INFINITY
  1235          405: FCONVI25 ;PULD
1235 32         406:          PULA
1236 33         407:          PULB
                408:          ;ADDD    #2
1237 CB02       409:          ADDB     #(2)&$FF
1239 8900       410:          ADCA     #(2)/256
123B 2002       411:          BRA      FCONVI21A
  123D          412: FCONVI21 ;PULD
123D 32         413:          PULA
123E 33         414:          PULB
  123F          415: FCONVI21A         ;STD              FCVIRT
123F F7101F     416:          STAB     FCVIRT+1
1242 B7101E     417:          STAA     FCVIRT
                418:          ;JSR     FLOUT
1245 BD1365     419:          JSR      FLOUT
                420:          ;LDD     FCVIRT
1248 F6101F     421:          LDAB     FCVIRT+1
124B B6101E     422:          LDAA     FCVIRT
                423:          ;PSHD
124E 37         424:          PSHB
124F 36         425:          PSHA
1250 39         426:          RTS
                427: 
  1251          428: SYNERR   ;LDX     #FZERO
1251 CE1351     429:          LDX      #FZERO
                430:          ;JSR     FLOUT
1254 BD1365     431:          JSR      FLOUT
                432:          ;PULD
1257 32         433:          PULA
1258 33         434:          PULB
                435:          ;ADDD    #4
1259 CB04       436:          ADDB     #(4)&$FF
125B 8900       437:          ADCA     #(4)/256
                438:          ;PSHD
125D 37         439:          PSHB
125E 36         440:          PSHA




ASM/6800 1.3H4: 125F ASM/6800 1.4       - - - D I R E C T I V E   P R O C E S S I N G - - -
08/16/82 00:00:00; Page 112; Form 1     - - - FORM FLOATING CONSTANT - - -
ASM14A.FCONV.ASM
125F 39         441:          RTS




ASM/6800 1.3H4: 125F ASM/6800 1.4       - - - D I R E C T I V E   P R O C E S S I N G - - -
08/16/82 00:00:00; Page 113; Form 1     - - - FORM FLOATING CONSTANT - - -
ASM14A.FCONV.ASM
  0001          443:          IF       (*/256)=((*+9999//256)/256)
                444: *        EITHER THIS CONDITIONAL IF IS ON, OR THE ONE FOLLOWING MULBASE 100 IS ON
  1260          445: MULDIV100         EQU               *    CONVERTS MSB OF PRODUCT TO APPROX PRODUCT/10
  0028          446:          RPT      9999//256
1260 00         447:          (*-MULDIV100)*256/100      (PRODUCT-(PRODUCT MOD 256))/100
  1288          448: MULDIV100.A       EQU               *
  0028          449:          RPT      9999//256
1288 00         450:          (*-MULDIV100.A)*256\100    REMAINDER FOR ABOVE
                451:          FIN
                452: *
                453: *        DIGIT MULTIPLY
                454: *        MULTIPLIES REG B BY ML, RETURNS RESULT IN A,B
                455: *
  12B0          456: MULBASE100        EQU               *    ML*(B) -> (A,B) BASE 100 WITH BINARY DIGITS
  0001          457:          IF       M6800
12B0 4F         458:          CLRA                       ZERO PARTIAL PRODUCT
12B1 56         459:          RORB                       LOOK AT LSB OF MULTIPLIER
12B2 2403       460:          BCC      *+5               B/ =0, LEAVE PARTIAL PRODUCT AS ZERO
12B4 B61009     461:          LDAA     ML                USE MULTIPLICAND AS 1ST PARTIAL PRODUCT
12B7 44         462:          LSRA                       SHIFT PARTIAL PRODUCT ONE BIT RIGHT
12B8 56         463:          RORB                       SHIFT OUT MULTIPLIER BIT
12B9 2403       464:          BCC      *+5               B/ MULTIPLIER BIT IS ZERO
12BB BB1009     465:          ADDA     ML                IS ONE, ADD MULTIPLICAND TO PARTIAL PRODUCT
12BE 46         466:          RORA                       SHIFT PARTIAL PRODUCT ONE BIT RIGHT
12BF 56         467:          RORB                       SHIFT OUT MULTIPLIER BIT
12C0 2403       468:          BCC      *+5               B/ MULTIPLIER BIT IS ZERO
12C2 BB1009     469:          ADDA     ML                IS ONE, ADD MULTIPLICAND TO PARTIAL PRODUCT
12C5 46         470:          RORA                       SHIFT PARTIAL PRODUCT ONE BIT RIGHT
12C6 56         471:          RORB                       SHIFT OUT MULTIPLIER BIT
12C7 2403       472:          BCC      *+5               B/ MULTIPLIER BIT IS ZERO
12C9 BB1009     473:          ADDA     ML                IS ONE, ADD MULTIPLICAND TO PARTIAL PRODUCT
12CC 46         474:          RORA                       SHIFT PARTIAL PRODUCT ONE BIT RIGHT
12CD 56         475:          RORB                       SHIFT OUT MULTIPLIER BIT
12CE 2403       476:          BCC      *+5               B/ MULTIPLIER BIT IS ZERO
12D0 BB1009     477:          ADDA     ML                IS ONE, ADD MULTIPLICAND TO PARTIAL PRODUCT
12D3 46         478:          RORA                       SHIFT PARTIAL PRODUCT ONE BIT RIGHT
12D4 56         479:          RORB                       SHIFT OUT MULTIPLIER BIT
12D5 2403       480:          BCC      *+5               B/ MULTIPLIER BIT IS ZERO
12D7 BB1009     481:          ADDA     ML                IS ONE, ADD MULTIPLICAND TO PARTIAL PRODUCT
12DA 46         482:          RORA                       SHIFT PARTIAL PRODUCT ONE BIT RIGHT




ASM/6800 1.3H4: 12DB ASM/6800 1.4       - - - D I R E C T I V E   P R O C E S S I N G - - -
08/16/82 00:00:00; Page 114; Form 1     - - - FORM FLOATING CONSTANT - - -
ASM14A.FCONV.ASM
12DB 56         483:          RORB                       SHIFT OUT MULTIPLIER BIT
12DC 2403       484:          BCC      *+5               B/ MULTIPLIER BIT IS ZERO
12DE BB1009     485:          ADDA     ML                IS ONE, ADD MULTIPLICAND TO PARTIAL PRODUCT
12E1 46         486:          RORA                       ONE MORE RIGHT SHIFT COMPLETE 6809 COMPATIBLE MUL
12E2 56         487:          RORB                       BINARY PRODUCT OF (A)*(B) IS IN (A,B)
12E3 44         488:          LSRA                       AND ANOTHER FOR BETTER LUCK
12E4 56         489:          RORB
  0001          490:          ELSE     M6801!M6809
 *S*            491:          ;LDA     ML
 *S*            492:          LDAA     ML
 *S*            493:          ;MUL
 *S*            494:          JSR      MUL6809           CALL USER-SUPPLIED CODE
                495:          FIN
                496: *        NOW ADJUST BINARY PRODUCT TO MAKE INTO BASE 100
  12E5          497: CONVERTTOBASE100  EQU               *    (A,B)<=9999 GETS CONVERTED TO BASE 100
12E5 9701       498:          STAA     TEMPB             ASSERT: (A)<=INT(99*99/256)=38?
12E7 8612       499:          LDAA     #MULDIV100/256    COMPUTE APPROX PRODUCT DIVIDED BY 100
12E9 9700       500:          STAA     TEMPA
                501:          ;LDX     TEMPA
12EB DE00       502:          LDX      TEMPA
12ED A660       503:          LDAA     MULDIV100&$FF,X   = (PRODUCT MOD 256)/100
12EF EB88       504:          ADDB     (MULDIV100&$FF)+9999//256,X    = (PRODUCT MOD 256) MOD 100
12F1 2404       505:          BCC      *+6               B/ PRODUCT MOD 256 + (PRODUCT - (PRODUCT MOD 256)
12F3 8B02       506:          ADDA     #2                REMAINDER >= 256, ADJUST LEFT HAND DIGIT
12F5 C0C8       507:          SUBB     #200              ADJUST REMAINDER
12F7 2A03       508:          BPL      *+5               B/ (B)<=127 (.5 OF THE TIME)
12F9 4C         509:          INCA                       (B)>=128, ADJUST LEFT HAND DIGIT
12FA C064       510:          SUBB     #100              ADJUST REMAINDER
                511:          ;CMPB    #100              (B) STILL TO BIG ?
12FC C164       512:          CMPB     #100
12FE 2503       513:          BCS      *+5               B/ NO, GET OUT!
1300 4C         514:          INCA                       ADJUST LEFT HAND DIGIT
1301 C064       515:          SUBB     #100              MAKES RIGHT HAND DIGIT LEGAL
1303 39         516:          RTS                        TOTAL: 131 CYCLES FOR MULTIPLY AND CONVERT
  0000          517:          IFUND    MULDIV100
 *S*            518:          IF       (*/256)=((*+9999//256)/256)
 *S*            519: *        EITHER THIS CONDITIONAL IF IS ON, OR THE ONE PRECEEDING MULBASE 100 IS ON
 *S*            520: MULDIV100         EQU               *    CONVERTS MSB OF PRODUCT TO APPROX PRODUCT/10
 *S*            521:          RPT      9999//256
 *S*            522:          (*-MULDIV100)*256/100      (PRODUCT-(PRODUCT MOD 256))/100




ASM/6800 1.3H4: 1303 ASM/6800 1.4       - - - D I R E C T I V E   P R O C E S S I N G - - -
08/16/82 00:00:00; Page 115; Form 1     - - - FORM FLOATING CONSTANT - - -
ASM14A.FCONV.ASM
 *S*            523: MULDIV100.A       EQU               *
 *S*            524:          RPT      9999//256
 *S*            525:          (*-MULDIV100.A)*256\100    REMAINDER FOR ABOVE
 *S*            526:          FIN
                527:          FIN




ASM/6800 1.3H4: 1303 ASM/6800 1.4       - - - D I R E C T I V E   P R O C E S S I N G - - -
08/16/82 00:00:00; Page 116; Form 1     - - - FORM FLOATING CONSTANT - - -
ASM14A.FCONV.ASM
  1303          529: FDIVNORM EQU      *-1               MULTIPLICATIVE FACTOR USED TO NORMALIZE DIVISOR
  0031          530:          RPT      100/2-1           (SEE KNUTH VOL 2 PAGE 237)
1304 32         531:          FCB      100/(*-FDIVNORM+1)
                532: *
                533: *
                534: *        MULTIPLY DIGIT AT (X) BY ML AND ADD (A); STORE BACK AT (X)
                535: *        RETURN (A) = UPPER BASE 100 DIGIT OF @(X)*ML+(A)
                536: *        DECREMENT X
                537: *
  1335          538: FDIVNORMDIGIT     EQU               *
1335 B7101B     539:          STAA     CTNB              SAVE CARRY TO NEXT BYTE
1338 FF101C     540:          STX      FACX              LOOKS LIKE GOOD IDEA...
133B E600       541:          LDAB     0,X               GET DIGIT TO BE MULTIPLIED
                542:          ;JSR     MULBASE100        MULTIPLY IT BY ML, PRODUCT GOES TO (A,B)
133D BD12B0     543:          JSR      MULBASE100
1340 FB101B     544:          ADDB     CTNB              ADD CARRY FROM LAST DIGIT COLUMN
                545:          ;CMPB    #100              DO BASE 100 ADJUST
1343 C164       546:          CMPB     #100
1345 2503       547:          BCS      *+5               B/ DIGIT IS OK
1347 4C         548:          INCA                       BUMP CARRY TO NEXT DIGIT COLUMN
1348 C064       549:          SUBB     #100              MAKE DIGIT VALID
                550:          ;LDX     FACX              STORE MODIFIED DIGIT
134A FE101C     551:          LDX      FACX
134D E700       552:          STAB     0,X
134F 09         553:          DEX                        AS PROMISED
1350 39         554:          RTS                        WITH CARRY TO NEXT BYTE IN (A)
                555: 
                556: 
1351 00000000   557: FZERO    FCB      0,0,0,0,0,0
1357 FF636363   558: MINFINITY         FCB               $FF,99,99,99,99,99,99
135E 7F636363   559: INFINITY FCB      $7F,99,99,99,99,99,99




ASM/6800 1.3H4: 1362 ASM/6800 1.4       - - - D I R E C T I V E   P R O C E S S I N G - - -
08/16/82 00:00:00; Page 117; Form 2     - - - FORM FLOATING CONSTANT - - -
ASM14A.FCONV.ASM
                  1: *
                  2: * FLOATING OUTPUT TO BO ROUTINE
                  3: *
                  4: *        X-REG  Points to floating value on entry
                  5: *
1365 8606         6: FLOUT    LDAA     #6
1367 B71020       7:          STAA     LOOPX
                  8: 
  136A            9: FLOUTLOOP
136A FF1005      10:          STX      BUFERP
136D A600        11:          LDAA     0,X
                 12:          ;JSR     PUTB
136F BD26A5      13:          JSR      PUTB
                 14:          ;LDX     BUFERP
1372 FE1005      15:          LDX      BUFERP
1375 08          16:          INX
                 17:          ;DEC     LOOPX
1376 7A1020      18:          DEC      LOOPX
1379 26EF        19:          BNE      FLOUTLOOP
137B 39          20:          RTS
                 26:          END      ;UNEXPECTED EOF




ASM/6800 1.3H4: 137B ASM/6800 1.4       - - - D I R E C T I V E   P R O C E S S I N G - - -
08/16/82 00:00:00; Page 118; Form 13    - - - FORM CONSTANT BYTE - - -
ASM14A.MAIN.ASM
                 28: *
                 29: *
                 30: *   F C B :
                 31: *
                 32: *        HANDLES FCB COMMAND.
                 33: *
                 34: *
  137C           35: FCB:     EQU      *
137C 8D2B        36:          BSR      EVNUL              EVALUATE FIRST FIELD
137E 965F        37:          LDAA     VAL               CHECK FOR IN RANGE.
1380 270A        38:          BEQ      FCB1              B/ ITS GOOD.
1382 43          39:          COMA                       CHECK FOR $FF (LEADING SIGN)
1383 2604        40:          BNE      FCB2              B/ NO WAY ITS GOOD.
1385 9660        41:          LDAA     VAL+1             ELSE GET LOW BYTE,
1387 2D05        42:          BLT      FCB3              B/ SIGN IS ON: NO OVERFLOW.
  1389           43: FCB2     ;JSR      OVRFLW            *E* BYTE OVERFLOWED FIELD.
1389 BD0883      44:          JSR      OVRFLW
138C 9660        45: FCB1     LDAA     VAL+1             GET LOW VALUE,
  138E           46: FCB3     ;JSR      PUTB              AND OUTPUT IT.
138E BD26A5      47:          JSR      PUTB
                 48:          ;JSR      GTCMA             GET NEXT COMMA.
1391 BD1E1C      49:          JSR      GTCMA
1394 29E6        50:          BVS      FCB:              B/ THERE IS ONE.
1396 39          51:          RTS                        ELSE LEAVE: ALL DONE.




ASM/6800 1.3H4: 1396 ASM/6800 1.4       - - - D I R E C T I V E   P R O C E S S I N G - - -
08/16/82 00:00:00; Page 119; Form 14    - - - F D B - - -
ASM14A.MAIN.ASM
                  2: *
                  3: *
                  4: *   F D B :
                  5: *
                  6: *        HANDLES FDB COMMAND.
                  7: *
                  8: *
  1397            9: FDB:     EQU      *
1397 8D10        10:          BSR      EVNUL             GET VALUE,
1399 965F        11:          LDAA     VAL               PUT H(VAL)
                 12:          ;JSR      PUTB
139B BD26A5      13:          JSR      PUTB
139E 9660        14:          LDAA     VAL+1             PUT L(VAL)
                 15:          ;JSR      PUTB
13A0 BD26A5      16:          JSR      PUTB
                 17:          ;JSR      GTCMA             A COMMA, PLEEZ.
13A3 BD1E1C      18:          JSR      GTCMA
13A6 29EF        19:          BVS      FDB:              B/ GOT ONE: DO ANOTHER FIELD.
13A8 39          20: NOP      RTS                        ELSE RETURN




ASM/6800 1.3H4: 13A8 ASM/6800 1.4       - - - D I R E C T I V E   P R O C E S S I N G - - -
08/16/82 00:00:00; Page 120; Form 15    - - - E V N U L - - -
ASM14A.MAIN.ASM
                  2: *
                  3: *
                  4: * EVNUL - EVAL AN EXP AND IF IT IS NULL RETURN A ZERO - NOT AN ERR
                  5: *        RETURNS  C=0 IF EVALUBLE EXPRESSION PRESENT
                  6: *                 C=1 IF NONE OR EXPRESSION CONTAINED A FORWARD REFERENCE
                  7: *
  13A9            8: EVNUL    EQU      *
                  9:          ;JSR     GNOBJ             SEE IF A TERM COMES NEXT
13A9 BD1E2C      10:          JSR      GNOBJ
                 11:          ;INC     RJOBJ             IN ANY CASE - REJECT THIS OBJECT
13AC 7C005C      12:          INC      RJOBJ
                 13:          ;CMPA    #O:TERM           WELL?
13AF 8106        14:          CMPA     #O:TERM
13B1 2608        15:          BNE      EVIT              IF NOT, JUST MUNCH A EXP
                 16:          ;CLR     VAL               CLEAR VALUE
13B3 7F005F      17:          CLR      VAL
                 18:          ;CLR     VAL+1             DITTO
13B6 7F0060      19:          CLR      VAL+1
13B9 0D          20: EVSEC    SEC
13BA 39          21:          RTS
                 22: *
  13BB           23: EVIT     ;JSR     EVAL              GO TO IT
13BB BD1B24      24:          JSR      EVAL
13BE 9659        25:          LDAA     XTYPE             Get extpression type
13C0 8501        26:          BITA     #XT:FREF          Forward reference?
13C2 26F5        27:          BNE      EVSEC             B/Yes
13C4 0C          28:          CLC
13C5 39          29:          RTS
                 30: *




ASM/6800 1.3H4: 13C5 ASM/6800 1.4       - - - D I R E C T I V E   P R O C E S S I N G - - -
08/16/82 00:00:00; Page 121; Form 16    - - - L I S T I N G   C O N T R O L - - -
ASM14A.MAIN.ASM
  0001            2:          IF       NICE=1
                  3: *
                  4: *
                  5: * LIST:
                  6: *        HANDLES LIST PSEUDO-OP;  IF AF #0 AND  LO WAS SPECIFIED, TURNS LISTING
                  7: *        ON; ELSE TURNS LISTING OFF.
                  8: *
                  9: * PCC:
                 10: *        HANDLES "PCC <VAL>"; TURNS LISTING OF CONTROL COMMANDS OFF OR ON; COMMANDS
                 11: *        AFFECTED ARE PAGE, TITLE, LIST, PCC, PSR, PCA, PGEN, SPACE.
                 12: *
                 13: * PSR:
                 14: *        HANDLES "PSR <VAL>"; TURNS LISTING OF SKIPPED RECORDS OFF OR
                 15: *        ON.
                 16: *
                 17: * PCA:
                 18: *        HANDLES "PCA <VAL>"; TURNS LISTING OF CONDITIONAL-ASSEMBLY COMMANDS OFF
                 19: *        OR ON.  COMMANDS AFFECTED ARE DO, IF, ELSE, FIN, ELSEIF, RPT, CASE.
                 20: *
                 21: * PGEN:
                 22: *        HANDLES "PGEN <VAL>"; TURNS LISTING OF EXTRA GENERATED-CODE LISTING
                 23: *        LINES OFF OR ON.  IF "PGEN 0" IS SPECIFIED, THEN ONLY THE FIRST 4 BYTES
                 24: *        OF A GENERATIVE DIRECTIVE WILL BE LISTED.  EG, FCC /ABCDEF/ WILL ONLY
                 25: *        HAVE THE FIRST FOUR DATA BYTES LISTED.
                 26: *
  13C6           27: LIST:    EQU      *
13C6 96BA        28:          LDAA     OPTF              IS LO INHIBITED?
13C8 43          29:          COMA
13C9 850A        30:          BITA     #OPT:LO!OPT:LST   ARE BOTH ON?
13CB 26EE        31:          BNE      EVIT                   B/ NO:  EVALUATE AND CHUCK.
13CD C601        32:          LDAB     #LL:LIST          GET LISTING BIT FOR LATER.
13CF 9654        33: LIST:1   LDAA     PASS              IF THIS IS PASS 1, SPLIT.
13D1 27E8        34:          BEQ      EVIT                B/ ALL DONE.
13D3 37          35:          PSHB                       SAVE THE BIT TO BE AFFECTED,
13D4 8DE5        36:          BSR      EVIT                AND SLURP UP THE AF.
13D6 33          37:          PULB                       GET OUR BIT BACK.
13D7 9659        38:          LDAA     XTYPE             CHECK THE EXPRESSION FOR OK-NESS.
13D9 8504        39:          BITA     #XT:UNDF          ONLY THING BAD IN PASS2 IS UNDEF.
13DB 260E        40:          BNE      LIST:ILV          B/ REPORT ERROR IF UNDEFINED.
13DD 17          41:          TBA                        COPY BIT INTO A,




ASM/6800 1.3H4: 13DD ASM/6800 1.4       - - - D I R E C T I V E   P R O C E S S I N G - - -
08/16/82 00:00:00; Page 122; Form 16    - - - L I S T I N G   C O N T R O L - - -
ASM14A.MAIN.ASM
                 42:          ;EORA    #-1               COMPLEMENT IT,
13DE 88FF        43:          EORA     #-1
13E0 94A0        44:          ANDA     LIST:P            AND SCRUP THAT BIT IN LIST FLAGE.
                 45:          ;LDX     VAL               TEST CONTROL VALUE...
13E2 DE5F        46:          LDX      VAL
13E4 2F01        47:          BLE      LIST:2              B/ TURN BIT OFF.
13E6 1B          48:          ABA                          ELSE MERGE BIT IN.
13E7 97A0        49: LIST:2   STAA     LIST:P            SHOVE FLAGS BACK,
13E9 2037        50:          BRA      ORG2              AND PUT THE VALUE IN DISPLAY.
  13EB           51: LIST:ILV ;JSR     ILLVAL            REPORT BAD VALUE,
13EB BD088B      52:          JSR      ILLVAL
13EE 2032        53:          BRA      ORG2              AND PUT THE VALUE.
  13F0           54: PCC:     EQU      *
13F0 C604        55:          LDAB     #LL:PCC           GET OPTION
13F2 20DB        56:          BRA      LIST:1
  13F4           57: PSR:     EQU      *
13F4 C610        58:          LDAB     #LL:SKP           GET OPTION
13F6 20D7        59:          BRA      LIST:1
  13F8           60: PCA:     EQU      *
13F8 C640        61:          LDAB     #LL:PCA           GET OPTION
13FA 20D3        62:          BRA      LIST:1
  13FC           63: PGEN:    EQU      *
13FC C602        64:          LDAB     #LL:GEN           GET OPTION
13FE 20CF        65:          BRA      LIST:1
                 66:          FIN




ASM/6800 1.3H4: 13FE ASM/6800 1.4       - - - D I R E C T I V E   P R O C E S S I N G - - -
08/16/82 00:00:00; Page 123; Form 17    - - - R P T - - -
ASM14A.MAIN.ASM
  0001            2:          IF       REPEAT=1
                  3: *
                  4: *
                  5: * RPT:
                  6: *        HANDLES RPT PSUEDO-OP.  IF RPTF IS NON-ZERO WHEN CALLED, THEN NSTERR IS 
                  7: *        CALLED, AND THE RPT IS NOT PERFORMED.  RPTF IS SET TO +1 IN THIS CASE, FORCI
                  8: *        THE RPT TO BE ABORTED.  IF RPTF IS NEGATIVE, THEN AF IS EVALUATED, AND
                  9: *        IF IT IS OK, THEN RPTF IS SET TO THE VALUE.  IF <VAL> IS NEG, THEN RPTF IS S
                 10: *        TO ZERO.  
                 11: *
  1400           12: RPT:     EQU      *
                 13:          ;JSR     EVALCT            EVALUATE AS CONTROL VALUE,
1400 BD1B3A      14:          JSR      EVALCT
1403 2604        15:          BNE      RPT:0               B/ NO GOOD; SKIP NEXT.
                 16:          
                 17:          ;LDX     VAL               VAL IS GOOD; STUFF IT AWAY.
1405 DE5F        18:          LDX      VAL
1407 2C03        19:          BGE      RPT:1               B/ IF NEG, THEN VAL=0.
  1409           20: RPT:0    ;LDX     #0                FORCE RPTF TO ZERO,
1409 CE0000      21:          LDX      #0
140C DFA1        22: RPT:1    STX      RPTF              SAVE RPTF,
140E 2012        23:          BRA      ORG2              AND PUT VALUE.
                 24:          FIN




ASM/6800 1.3H4: 140E ASM/6800 1.4       - - - D I R E C T I V E   P R O C E S S I N G - - -
08/16/82 00:00:00; Page 124; Form 18    - - - O R G - - -
ASM14A.MAIN.ASM
                  2: *
                  3: *
                  4: *   O R G :
                  5: *
                  6: *        HANDLES ORG COMMAND.  AF MAY NOT BE A FORWARD REF;
                  7: *        LF IS EQUATED TO NEW PC.
                  8: *
                  9: *
  1410           10: ORG:     EQU      *
                 11:          ;JSR      EVALCT            GET NEW PC
1410 BD1B3A      12:          JSR      EVALCT
                 13: *        JSR      ISCTR             IS IT A CONTROL VALUE?
                 14: *                                   THE ABOVE MAKES SURE.
1413 2607        15:          BNE      ORG1              B/ NO GOOD.  DONT GO ANYWHERE
                 16:          ;JSR     ECKEOF            MAKE SURE THERE'S NO EXTRA SYNTAX
1415 BD1E15      17:          JSR      ECKEOF
                 18:          ;LDX      VAL               ELSE SET NEW PC,
1418 DE5F        19:          LDX      VAL
141A DF96        20:          STX      PC
  141C           21: ORG1     ;JSR      LFPC              (I KNOW, I COULD GO TO
141C BD21DB      22:          JSR      LFPC
                 23: *                                   LFEQU, SINCE VAL=PC, BUT
                 24: *                                   THAT WOULD UNDULY SCREW THE
                 25: *                                   SLOB WHO BLEW THE VALUE.
                 26:          ;JSR      PNCHIT            PUNCH THE BUFFER,
141F BD2760      27:          JSR      PNCHIT
  1422           28: ORG2     ;JMP      PUTV              AND OUTPUT THE VALUE.
1422 7E2717      29:          JMP      PUTV




ASM/6800 1.3H4: 1422 ASM/6800 1.4       - - - D I R E C T I V E   P R O C E S S I N G - - -
08/16/82 00:00:00; Page 125; Form 19    - - - E Q U - - -
ASM14A.MAIN.ASM
                  2: *
                  3: *
                  4: *   E Q U :
                  5: *
                  6: *        HANDLES EQU COMMAND.  If value is a forward ref, well
                  7: *        so much the better.  By this, Motorola's weird forward
                  8: *        referencing is allowed on EQU's - I hope.
                  9: *
                 10: *
  1425           11: EQU:     EQU      *
                 12:          ;JSR      EVAL              EVALUATE THE AF,
1425 BD1B24      13:          JSR      EVAL
                 14:          ;JSR     ECKEOF            ERROR IF EOF NOT NEXT
1428 BD1E15      15:          JSR      ECKEOF
                 16:          ;JSR      LFEQU             THIS GETS DULL QUICK.
142B BD21E2      17:          JSR      LFEQU
142E 20F2        18:          BRA      ORG2              AND SPLIT.




ASM/6800 1.3H4: 142E ASM/6800 1.4       - - - D I R E C T I V E   P R O C E S S I N G - - -
08/16/82 00:00:00; Page 126; Form 20    - - - S E T - - -
ASM14A.MAIN.ASM
  0001            2:          DO       NICE=1
                  3: *
                  4: *
                  5: *   S E T :
                  6: *
                  7: *        Handles SET command.  All of the above (EQU) holds,
                  8: *        except I throw up on forward references.  Be thee
                  9: *        warned...
                 10: *
                 11: *
  1430           12: SET:     EQU      *
                 13:          ;JSR      EVALCT            GET THE VALUE.
1430 BD1B3A      14:          JSR      EVALCT
                 15:          ;JSR     ECKEOF            ERROR IF END OF FIELD NOT NEXT
1433 BD1E15      16:          JSR      ECKEOF
                 17:          ;JSR      LFSET             IF NOT, IT'S ZERO NOW.
1436 BD21E5      18:          JSR      LFSET
1439 20E7        19:          BRA      ORG2              (SAVE A BYTE WHILE YOU CAN)
                 20:          FIN
                 21: 
                 22: 
  0001           23:          IFUND    MC6809
  0001           24:          ELSE
 *S*             25: *
 *S*             26: *
 *S*             27: *   S E T D P R
 *S*             28: *
 *S*             29: *        Set the DPR register value for 6809
 *S*             30: *
 *S*             31: SETDPR:  ;JSR     EVALCT            AF value
 *S*             32:          JSR      EVALCT
 *S*             33:          ;JSR     ECKEOF            Error if not at EOL
 *S*             34:          JSR      ECKEOF
 *S*             35:          ;CLR     VAL+1             Zap low order 8 bits of value
 *S*             36:          CLR      VAL+1
 *S*             37:          LDAA     VAL
 *S*             38:          STAA     DPRSET            Set DPR value
 *S*             39:          BRA      ORG2
                 40:          FIN




ASM/6800 1.3H4: 1439 ASM/6800 1.4       - - - D I R E C T I V E   P R O C E S S I N G - - -
08/16/82 00:00:00; Page 127; Form 21    - - - R M B - - -
ASM14A.MAIN.ASM
                  2: *
                  3: *
                  4: *   R M B :
                  5: *
                  6: *        Handles RMB command.  I do very little idiot checking
                  7: *        here.  The value has to be a control value, but other
                  8: *        than that, I don't really much care.  If you really
                  9: *        want to RMB -3, alright:  but don't complain to me when
                 10: *        someone tells you your code is obscure (not to mention
                 11: *        opaque).
                 12: *
                 13: *
  143B           14: RMB:     EQU      *
                 15:          ;JSR      EVNUL            GET THE VALUE,
143B BD13A9      16:          JSR      EVNUL
                 17:          ;JSR      ISCTR             MAKE IT NOT A FWD REF.
143E BD1B3C      18:          JSR      ISCTR
                 19:          ;JSR      PUTPC             LIST CURRENT PC
1441 BD26F2      20:          JSR      PUTPC
1444 9697        21:          LDAA     PC+1              AND ADD IN THE VALUE.
1446 9B60        22:          ADDA     VAL+1
1448 9797        23:          STAA     PC+1
144A 9696        24:          LDAA     PC
144C 995F        25:          ADCA     VAL
144E 9796        26:          STAA     PC
                 27:          ;JSR      PNCHIT            PUNCH THE BINARY BUFFER,
1450 BD2760      28:          JSR      PNCHIT
1453 20CD        29:          BRA      ORG2                AND PUT VAL IN THE LISTING FIELD.




ASM/6800 1.3H4: 1453 ASM/6800 1.4       - - - D I R E C T I V E   P R O C E S S I N G - - -
08/16/82 00:00:00; Page 128; Form 22    - - - F C C - - -
ASM14A.MAIN.ASM
                  2: *
                  3: *
                  4: *   F C C :
                  5: *
                  6: *        Form constant characters.  This one is a mess.  There
                  7: *        are 2 possible forms of the FCC command.  First, there
                  8: *        is the standard FCC /string/ command.  That's easy;
                  9: *        if the delimiter is not a digit I just eat the string.
                 10: *           If the delimiter is a digit ('0-'9) then we go into
                 11: *        underdrive:  we scan until we find a non-digit; then
                 12: *        if it's not a comma we go off and take the first digit
                 13: *        as the delimiter.  Otherwise, we back up, call GNOBJ to
                 14: *        get us the number, eat the comma and use the next ch as
                 15: *        the delimiter.  Yecch.
                 16: *
                 17: *
  1455           18: FCC:     EQU      *
                 19:          ;LDX      #0                CLEAR # OF BYTES NEEDED
1455 CE0000      20:          LDX      #0
1458 DF5F        21:          STX      VAL
                 22:          ;JSR      GTCHT             GET FIRST CH OF AF, W/ TYPE
145A BD1DB0      23:          JSR      GTCHT
                 24:          ;CMPB     #C:NUM            IS IT A DIGIT
145D C102        25:          CMPB     #C:NUM
145F 261D        26:          BNE      FCC1              B/ NO:  MUST BE DELIMITER
  1461           27: FCC0     ;JSR      GTCHT             ELSE SLURP UP DIGITS
1461 BD1DB0      28:          JSR      GTCHT
                 29:          ;CMPB     #C:NUM
1464 C102        30:          CMPB     #C:NUM
1466 27F9        31:          BEQ      FCC0              LIKE THAT.
                 32:          ;CMPA     #ASCII:COMMA     IS THE TERMINATOR A COMMA?
1468 812C        33:          CMPA     #ASCII:COMMA
146A 2648        34:          BNE      FCCN              B/ NO:  BACK US UP & EAT WHOLE STRIN
                 35: * FOUND  FCC  <NUM>,/STRING/
                 36:          ;LDX      AFPTR             BACK US UP
146C DE26        37:          LDX      AFPTR
                 38:          ;JSR      GNOBX             GET THE NUMBER
146E BD1E38      39:          JSR      GNOBX
1471 965F        40:          LDAA     VAL               WHAT IS IT?
1473 2C03        41:          BGE      FCC01             B/ ITS OK.




ASM/6800 1.3H4: 1473 ASM/6800 1.4       - - - D I R E C T I V E   P R O C E S S I N G - - -
08/16/82 00:00:00; Page 129; Form 22    - - - F C C - - -
ASM14A.MAIN.ASM
                 42:          ;JSR      ILLVAL            *E* WHAT DO YOU MEAN, NEGATIVE?
1475 BD088B      43:          JSR      ILLVAL
  1478           44: FCC01    ;JSR      GETXC             EAT THE COMMA
1478 BD1F95      45:          JSR      GETXC
  147B           46: FCC02    ;JSR      GETXC             AND GET THE DELIMITER.
147B BD1F95      47:          JSR      GETXC
                 48: *
                 49: *  VAL NOW CONTAINS THE NUMBER OF BYTES (TOTAL) TO BE USED;
                 50: *  ACCA NOW HOLDS THE DELIMITER.
                 51: *
147E 16          52: FCC1     TAB                        SAVE THE DELIMITER.
                 53:          ;CMPB     #$D               IS IT A (HORRORS) <EOL> ?
147F C10D        54:          CMPB     #$D
1481 260E        55:          BNE      FCC2              B/ YES: GO EAT THE STRING.
                 56: *  I SAW THE END OF THE STRING.  OUTPUT TRAILING BLANKS
  1483           57: FCCD     EQU      *
                 58:          ;LDX      VAL               GET # OF TRAILING BLANKS LEFT
1483 DE5F        59:          LDX      VAL
1485 2F51        60:          BLE      TABRTS            B/ ALL DONE: RETURN.
1487 09          61:          DEX
1488 DF5F        62:          STX      VAL               SAVE VALUE
148A 8620        63:          LDAA     #BLANK
                 64:          ;JSR      PUTB              AND OUTPUT THE BLANK
148C BD26A5      65:          JSR      PUTB
148F 20F2        66:          BRA      FCCD              ...TRY AGAIN.
                 67: 
                 68: 
                 69: *
                 70: * FCC2 -- OUTPUT THE STRING.
                 71: *
  1491           72: FCC2     ;JSR      GETXC             GET THE NEXT CHARACTER,
1491 BD1F95      73:          JSR      GETXC
1494 847F        74:          ANDA     #$7F                MASK IT TO SEVEN BITS...
1496 11          75:          CBA                        IS IT THE DELIMITER?
1497 27EA        76:          BEQ      FCCD              B/ YES:  ALL DONE.
                 77:          ;CMPA     #$D               A <EOL>?
1499 810D        78:          CMPA     #$D
149B 2605        79:          BNE      FCC3              B/ NO:  THIS IS A GOOD CH.
                 80:          ;JSR      ILLSTR            *E* ILLEGAL STRING
149D BD0897      81:          JSR      ILLSTR




ASM/6800 1.3H4: 14A0 ASM/6800 1.4       - - - D I R E C T I V E   P R O C E S S I N G - - -
08/16/82 00:00:00; Page 130; Form 22    - - - F C C - - -
ASM14A.MAIN.ASM
14A0 20E1        82:          BRA      FCCD              ALL DONE.
                 83: *
14A2 37          84: FCC3     PSHB                       SAVE THE DELIMITER
14A3 E600        85:          LDAB     0,X               BUT FIRST -- MAKE SURE IT LISTS AS STRING CH.
14A5 CA80        86:          ORAB     #$80                BY TURNING ON SIGN BIT,
14A7 E700        87:          STAB     0,X                 AND POKING IT BACK.  (X) SET UP BY GETXC.
                 88:          ;JSR      PUTB              OUTPUT THE CHARACTER
14A9 BD26A5      89:          JSR      PUTB
14AC 33          90:          PULB                       RETRIEVE DELIMITER CHARACTER.
                 91:          ;LDX     VAL               REMEMBER HOW MANY CHARACTERS WE HAVE OUTPUT ALREA
14AD DE5F        92:          LDX      VAL
14AF 09          93:          DEX                          EACH CHARACTER WE OUTPUT NOW MEANS 
14B0 DF5F        94:          STX      VAL                 ONE LESS BLANK TO OUTPUT LATER.
14B2 20DD        95:          BRA      FCC2              GO, GO, GO.
                 96: *
                 97: * BACK UP TO THE START & EAT AS REGULAR STRING
                 98: *
  14B4           99: FCCN     ;LDX      AFPTR             HO HUM...
14B4 DE26       100:          LDX      AFPTR
14B6 DF28       101:          STX      EXPTR
14B8 20C1       102:          BRA      FCC02             GO EAT THE STRING.




ASM/6800 1.3H4: 14B8 ASM/6800 1.4       - - - D I R E C T I V E   P R O C E S S I N G - - -
08/16/82 00:00:00; Page 131; Form 23    - - - T A B S - - -
ASM14A.MAIN.ASM
  0001            2:          IF       NICE=1
                  3: *
                  4: *
                  5: * TABS COMMAND - RESETS TABS TO GIVEN COLUMNS
                  6: *        IF AN ERROR IS ENCOUNTERED, TABS ARE SET TO ORIGINAL DEFAULTS.
                  7: *
                  8: *  TABS MUST BE IN ASCENDING ORDER BETWEEN 2 AND 127 INCLUSIVE.
                  9: *
  14BA           10: TABS:    ;LDX     #TBTB+1           GET USER-TABS POINTER.
14BA CE2F3B      11:          LDX      #TBTB+1
14BD DFB4        12:          STX      TABTBL            SAVE PTR WHERE TO STORE NEXT GIVEN TAB-1
                 13:          ;CLR     1,X               MAKE A HOLE AT THE END....
14BF 6F01        14:          CLR      1,X
                 15:          ;LDX     #NUMSTRT*$100+LSTSTRT  GET INITIAL TWO TABS
14C1 CE0F15      16:          LDX      #NUMSTRT*$100+LSTSTRT
14C4 FF2F3A      17:          STX      TBTB              STORE THEM
  14C7           18: NTAB     ;JSR     EVAL              MAKE SURE IT IS AN OK VALUE
14C7 BD1B24      19:          JSR      EVAL
14CA 9660        20:          LDAA     VAL+1             IS VALUE GIVEN OK?
14CC D65F        21:          LDAB     VAL               WHAT ABOUT THE UPPER BYTE?
14CE 2709        22:          BEQ      TABOK             IF OK - OK
  14D0           23: TABOVF   ;JSR     ILLVAL            REPORT ERROR
14D0 BD088B      24:          JSR      ILLVAL
  14D3           25: TABERR   ;LDX     #TABTB:           LOAD DEFAULT TABLE
14D3 CE253A      26:          LDX      #TABTB:
14D6 DFB4        27: TABRET   STX      TABTBL            SAVE IT
14D8 39          28: TABRTS   RTS
                 29: *
                 30: *
14D9 8B14        31: TABOK    ADDA     #LSTSTRT-1        MAKE VALUE OK
14DB 25F3        32:          BCS      TABOVF              B/ OOPS! TOO BIG.
                 33:          ;LDX     TABTBL            GET PTR TO NEXT TAB
14DD DEB4        34:          LDX      TABTBL
                 35:          ;CMPA    0,X               SEE IF TAB IS GREATER THAN THE ONE BEFORE
14DF A100        36:          CMPA     0,X
14E1 23ED        37:          BLS      TABOVF              B/ NOT, ERROR
14E3 08          38:          INX                        PT TO NEXT TAB
14E4 A700        39:          STAA     0,X               SAVE IT
14E6 DFB4        40:          STX      TABTBL            SAVE PTR FOR NEXT TIME
14E8 8C2F44      41:          CPX      #TBTB+TABMAX+2




ASM/6800 1.3H4: 14EB ASM/6800 1.4       - - - D I R E C T I V E   P R O C E S S I N G - - -
08/16/82 00:00:00; Page 132; Form 23    - - - T A B S - - -
ASM14A.MAIN.ASM
14EB 27E3        42:          BEQ      TABOVF            IF RAN OUT OF SPACE - ERROR
                 43:          ;CLR     1,X               SET END OF TAB TABLE
14ED 6F01        44:          CLR      1,X
                 45:          ;JSR     GTCMA             GET THE COMMA
14EF BD1E1C      46:          JSR      GTCMA
14F2 29D3        47:          BVS      NTAB              IF FOUND, GO DO NEXT TAB
                 48:          ;LDX     #TBTB             ELSE, LOAD UP RIGHT TABLE ADDR
14F4 CE2F3A      49:          LDX      #TBTB
14F7 20DD        50:          BRA      TABRET            AND GET OUT
                 51:          FIN




ASM/6800 1.3H4: 14F7 ASM/6800 1.4       - - - D I R E C T I V E   P R O C E S S I N G - - -
08/16/82 00:00:00; Page 133; Form 24    - - - P A G E - - -
ASM14A.MAIN.ASM
                  2:    
                  3: *
                  4: *
                  5: *  P A G E :
                  6: *
                  7: *        Handles PAGE command.  Just puts us at bottom-of-form
                  8: *        and returns.
  0001            9:          IF       TITLES=1
                 10: *        IF ARGUMENT FIELD IS NON-ZERO, SETS SUBTITLE AS WELL.
                 11:          FIN
                 12: *
                 13: *
                 14: *  S P A C E :
                 15: *
                 16: *        Handles SPACE / SPC commands.  It skips <EXP> lines, or
                 17: *        to bottom-of-form:  whichever comes first.
                 18: *        If <EXP> is zero, then we skip 1 line.
                 19: *
                 20: *  E J E C T
                 21: *
                 22: *        Functionally equivalent to PAGE command, but for use
                 23: *        by the innards of the assembler.
  0001           24:          IF       TITLES=1
                 25: *
                 26: * T I T L E :
                 27: *
                 28: *        LIKE PAGE, BUT SETS THE TITLE FIELD OF THE PAGE HEADING.
                 29: *
                 30:          FIN
                 31: * N A M E :
                 32: *        EXACTLY LIKE TITLE BUT PUTS THE STRING IN THE NAME BUFFER.
                 33: *
                 34: *
                 35: * FORMAT OF COMMANDS WITH TITLES POSSIBLE:
                 36: *
                 37: *        NAME/PAGE/TITLE     (;)(TITLE DESIRED)
                 38: *
                 39: * IF A ";" IS PRESENT AS THE FIRST CHAR,
                 40: *   IT IS TURNED INTO A SPACE .
                 41: *




ASM/6800 1.3H4: 14F7 ASM/6800 1.4       - - - D I R E C T I V E   P R O C E S S I N G - - -
08/16/82 00:00:00; Page 134; Form 24    - - - P A G E - - -
ASM14A.MAIN.ASM
                 42: *
  0001           43:          IF       TITLES=1
  14F9           44: TITLE:   EQU      *
                 45:          ;LDX     #TTLBUF           GET ADDRESS OF BUFFER,
14F9 CE2F63      46:          LDX      #TTLBUF
14FC 2023        47:          BRA      PAGE0             HANDLE LIKE PAGE
  14FE           48: NAME:    EQU      *
                 49:          ;LDX     #NAMEBF           GET NAME-BUFFER ADDRESS
14FE CE2F45      50:          LDX      #NAMEBF
1501 861D        51:          LDAA     #NAMESZ-1         AND SIZE;
1503 2022        52:          BRA      PAGE0A            B/ NOW HANDLE LIKE PAGE, TITLE -- BUT DON'T EJECT
                 53:          FIN
  1505           54: SPACE:   EQU      *
                 55:          ;JSR      EVALCT            EVALUATE THE AF.
1505 BD1B3A      56:          JSR      EVALCT
                 57: *        JSR      ISCTR             MAKE SURE ITS LEGAL
                 58:          ;LDX      VAL
1508 DE5F        59:          LDX      VAL
150A 2E04        60:          BGT      SPC1              VAL > 0 ==> GO DO IT.
150C 8601        61:          LDAA     #1                ELSE SKIP 1
150E 2008        62:          BRA      SKIP
                 63: *
1510 9660        64: SPC1     LDAA     VAL+1             GET SKIP COUNT,
1512 D65F        65:          LDAB     VAL               TEST H(VAL)
1514 2702        66:          BEQ      SKIP              B/ IT'S OK:  SKIP N
1516 86FF        67:          LDAA     #$FF              ELSE MAKE BIG SKIP COUNT
                 68: *
  1518           69: SKIP     EQU      *                 ACCA = # OF LINES TO SKIP
                 70:          ;CMPA     LLTP              ANY LEFT ON THIS PAGE?
1518 9155        71:          CMPA     LLTP
151A 2349        72:          BLS      SKIP1             B/ YES: GO LOOP THRU TO BOF
151C 2043        73:          BRA      EJECT
                 74: *
  151E           75: PAGE:    EQU      *
                 76: *
  0001           77:          DO       TITLES=1
                 78:          ;LDX     #SBTTBF           COPY INTO SUBTITLE BUFFER.
151E CE2FCC      79:          LDX      #SBTTBF
1521 8668        80: PAGE0    LDAA     #TTLMAX-1         GET COUNT,
1523 8D02        81:          BSR      PAGE0A            YUP, IT'S OLD T.M. CHEAT TIME AGAIN.




ASM/6800 1.3H4: 1525 ASM/6800 1.4       - - - D I R E C T I V E   P R O C E S S I N G - - -
08/16/82 00:00:00; Page 135; Form 24    - - - P A G E - - -
ASM14A.MAIN.ASM
1525 203A        82:          BRA      EJECT             DON'T YOU LOVE IT?
                 83: 
1527 DF34        84: PAGE0A   STX      TPTR              SAVE BUFFER ADDRESS,
1529 975F        85:          STAA     VAL               AND LENGTH.
                 86:          ;LDX     AFPTR             COPY NON-BLANK PART INTO SBTTL:
152B DE26        87:          LDX      AFPTR
152D DF28        88:          STX      EXPTR             SETUP POINTER,
                 89:          ;JSR      GETXC             GET A CH,
152F BD1F95      90:          JSR      GETXC
                 91:          ;CMPA     #$D               <EOL> ?
1532 810D        92:          CMPA     #$D
1534 272A        93:          BEQ      PAGE2             B/ YES:  DONT CHANGE SBTTL.
                 94:          ;CMPA    #$3B              ; <SEMICOLON> ?   (ZZZZ changed <#';> to <$3B> to
1536 813B        95:          CMPA     #$3B
1538 2602        96:          BNE      PAGE0B              B/ NO; GO ON.
153A 8620        97:          LDAA     #BLANK              ELSE CHANGE LEADING SEMICOLON TO
                 98:                                     ; A BLANK; THIS ALLOWS ONE TO CLEAR HEADINGS BY
                 99:                                     ; SAYING "PAGE ;<EOL>".  NOTE ALSO THAT ONE MAY
                100:                                     ; STILL START A TITLE W/ ";" BY SAYING 
                101:                                     ; " TITLE  ;;TEXT BEGINNING W/ SEMI;"  THE TITLE 
                102:                                     ; THEN BE ";TEXT BEGINNING W/ SEMI;".
  153C          103: PAGE0B   EQU      *
                104: * MAKE FIRST TITLE/SUBTITLE/NAME RETROACTIVE TO START OF LISTING
                105: *
                106:          ;LDX     TPTR              GLOM ONTO BUFFER ADDR.
153C DE34       107:          LDX      TPTR
153E E600       108:          LDAB     0,X               ANYTHING IN BUFFER YET?
1540 2704       109:          BEQ      PAGE1             B/ NO:  ALWAYS COPY IN.
1542 D654       110:          LDAB     PASS              SOMETHING THERE, & THIS IS PASS 1?
1544 271A       111:          BEQ      PAGE2             B/ YES:  DON'T COPY.
                112: *
1546 5F         113: PAGE1    CLRB                       ZERO COUNT,
                114:          ;LDX     TPTR              GET BUFFER ADDR AGAIN.
1547 DE34       115:          LDX      TPTR
                116: *
1549 8A80       117: PAGEL    ORAA     #$80              MAKE SURE PRINTED LITERALLY.
154B A700       118:          STAA     0,X               STUFF AWAY.
154D 08         119:          INX
154E 5C         120:          INCB                       BUMP COUNT.
154F DF34       121:          STX      TPTR              AND SAVE POINTER.




ASM/6800 1.3H4: 154F ASM/6800 1.4       - - - D I R E C T I V E   P R O C E S S I N G - - -
08/16/82 00:00:00; Page 136; Form 24    - - - P A G E - - -
ASM14A.MAIN.ASM
                122:          ;CMPB     VAL              AT END OF BUFFER?
1551 D15F       123:          CMPB     VAL
1553 2709       124:          BEQ      PAGE11            B/ YES: ALL DONE.
                125:          ;JSR      GETXC             GET A CHAR,
1555 BD1F95     126:          JSR      GETXC
                127:          ;LDX      TPTR              GET POINTER BACK,
1558 DE34       128:          LDX      TPTR
                129:          ;CMPA     #$D               <EOL> ?
155A 810D       130:          CMPA     #$D
155C 26EB       131:          BNE      PAGEL             B/ NO: GO ON.
                132: *
  155E          133: PAGE11   ;CLR      0,X               NULL AT END OF BUFFER.
155E 6F00       134:          CLR      0,X
                135: *
  1560          136: PAGE2    EQU      *
1560 39         137:          RTS                        GO HOME.
                138:          FIN
                139: *
  1561          140: EJECT    EQU      *
                141:          ;CLR     LLTP              Force no line left on page
1561 7F0055     142:          CLR      LLTP
1564 39         143:          RTS
                144: 
                145: *
  1565          146: SKIP1    EQU      *
1565 D6A0       147:          LDAB     LIST:P
1567 C501       148:          BITB     #LL:LIST          IS LISTING ON?
1569 2708       149:          BEQ      SKIPR             B/ NO:  DONT MOVE THE CARRIAGE
                150: *
156B 36         151: SKIP2    PSHA
                152:          ;JSR      CRLF              PUMP OUT A CRLF
156C BD24CA     153:          JSR      CRLF
156F 32         154:          PULA
1570 4A         155:          DECA
1571 2EF8       156:          BGT      SKIP2             B/ GO DO ANOTHER.
1573 39         157: SKIPR    RTS




ASM/6800 1.3H4: 1573 ASM/6800 1.4       - - - D I R E C T I V E   P R O C E S S I N G - - -
08/16/82 00:00:00; Page 137; Form 25    - - - I N C L U D E : - - -
ASM14A.MAIN.ASM
                  2: ******************************************************************************
                  3: *
                  4: *  INCLUDE:
                  5: *
                  6: *        PROCESSES THE INCLUDE COMMAND.  SYNTAX IS:
                  7: *
                  8: *                 INCLUDE   <FILENAME>
                  9: *
                 10: *        WHERE <FILENAME> MUST BE BOTH A VALID FILENAME *AND* A VALID ASSEMBLER
                 11: *        SYMBOL.  IF YOU HAVE AN INCLUDE FILE THAT WANTS TO BEGIN W/ A $,
                 12: *        ENTER:
                 13: *
                 14: *                 INCLUDE   DISK:$WHATEVERITIS
                 15: *
                 16: ******************************************************************************
                 17: 
  1574           18: INCLUDE: EQU      *
                 19:          ;LDX     RPTF              FIRST, VERIFY THAT WE'RE NOT BEING RPT'D.
1574 DEA1        20:          LDX      RPTF
1576 2F0A        21:          BLE      INCLUDE1            B/ NO PROBLEM.
1578 09          22:          DEX                        IF > 0, RPTF MUST BE 1.
1579 2707        23:          BEQ      INCLUDE1            B/ THAT'S WHAT IT IS.
                 24: 
                 25: **** ERROR:  ATTEMPT TO RPT AN INCLUDE ****
                 26:          ;LDX     #-1               FORCE RPTF TO (OFF).
157B CEFFFF      27:          LDX      #-1
157E DFA1        28:          STX      RPTF                ....
1580 8D1B        29:          BSR      INCLUDE:NSTER       ALSO, REPORT NESTING ERROR.
                 30: 
                 31: **** VALIDATE SYNTAX OF COMMAND & GET FILENAME IN SYM:BLK ****
  1582           32: INCLUDE1 EQU      *
                 33:          ;JSR     GNOBJ             GET FIRST OBJECT OF AF.
1582 BD1E2C      34:          JSR      GNOBJ
                 35:          ;CMPA    #O:SYM              IS IT A SYMBOL?
1585 8101        36:          CMPA     #O:SYM
1587 2605        37:          BNE      INCLUDE2            B/ NO: REPORT AN ERROR & ABORT.
                 38:          ;JSR     CKEOF             CHECK NEXT OBJECT; BETTER BE TERMINATOR.
1589 BD1E06      39:          JSR      CKEOF
158C 2703        40:          BEQ      INCLUDE3            B/ SURE 'NUFF.  SYNTAX IS GOOD.




ASM/6800 1.3H4: 158C ASM/6800 1.4       - - - D I R E C T I V E   P R O C E S S I N G - - -
08/16/82 00:00:00; Page 138; Form 25    - - - I N C L U D E : - - -
ASM14A.MAIN.ASM
                 42: 
  158E           43: INCLUDE2 EQU      *
                 44:          ;JMP     SYNTAX            BAD COMMAND SYNTAX:  GET OUT OF HERE!
158E 7E0867      45:          JMP      SYNTAX
                 46: 
                 47: **** CHECK THAT NEITHER (1) THE NESTING LEVEL, NOR (2) THE INCLUDE COUNTER
                 48: **** WOULD BE OVERFLOWED BY THIS INCLUDE.  IF SO, QUIT NOW W/ "NESTING ERR".
  1591           49: INCLUDE3 EQU      *
1591 969C        50:          LDAA     INCLVL            INCLUDE FILE NESTING COUNTER KEEPS
                 51:          ;CMPA    #MAXINCLVL          US FROM LOOPING FOREVER ON RECURSIVE INCLUDES.
1593 8114        52:          CMPA     #MAXINCLVL
1595 2406        53:          BCC      INCLUDE:NSTER       B/ WOW! WE ARE REALLY UP TO OUR NECKS.
1597 969D        54:          LDAA     INCLNUM           ALSO, CHECK THE INCLUDE FILE NUMBER, AS
                 55:          ;CMPA    #MAXINCLNUM         THIS NUMBER IS IMPORTANT FOR PASS SYNCH.
1599 81FE        56:          CMPA     #MAXINCLNUM
159B 2503        57:          BCS      INCLUDE4            B/ SMALL ENOUGH; WE CAN DO IT.
                 58: 
  159D           59: INCLUDE:NSTER EQU *
                 60:          ;JMP     NSTER             SOME INCLUDE NESTING LIMIT EXCEEDED.
159D 7E087B      61:          JMP      NSTER
                 62: 
                 63: **** GET POINTER TO AN INCBL (INCLUDE-BLOCK) THAT WILL BE FOR THIS STMT ****
  15A0           64: INCLUDE4 EQU      *
                 65:          ;LDX     #SYM:BLK+S:TEXT   LOAD ADDRESS OF BEGINNING OF NAME.
15A0 CE0063      66:          LDX      #SYM:BLK+S:TEXT
15A3 D662        67:          LDAB     SYM:BLK+S:LEN       LOAD LENGTH OF NAME.
                 68:          ;JSR     MAKEINCLB           MAKE OR FIND THE APPROPRIATE BLOCK.
15A5 BD15FE      69:          JSR      MAKEINCLB
15A8 DF38        70:          STX      SYMPT               SAVE POINTER IN SYMPT, TEMPORARILY;
15AA 2744        71:          BEQ      INCLUDE%            B/ IT'S NIL:  NO ROOM, CAN'T DO INCLUDE.
                 72: 
                 73: **** SAVE CURRENT INPUT FILE'S STATUS IN CURRENT INCLB ****
                 74:          ;JSR     INCLSAVE
15AC BD166A      75:          JSR      INCLSAVE
                 76: 
                 77: **** MAKE NEW BLOCK POINT TO BLOCK HOLDING STATUS ****
15AF 96A7        78:          LDAA     .CURINCLB         ...BY STORING A POINTER
15B1 D6A8        79:          LDAB     .CURINCLB+1         IN THE APPROPRIATE PLACE.
                 80:          ;LDX     SYMPT             LOAD POINTER;
15B3 DE38        81:          LDX      SYMPT




ASM/6800 1.3H4: 15B5 ASM/6800 1.4       - - - D I R E C T I V E   P R O C E S S I N G - - -
08/16/82 00:00:00; Page 139; Form 25    - - - I N C L U D E : - - -
ASM14A.MAIN.ASM
15B5 A704        82:          STAA     INCLB:PREVB,X       SAVE HIGH BYTE;
15B7 E705        83:          STAB     INCLB:PREVB+1,X     LOW BYTE.
                 84: 
                 85: **** TRANSFER CONTROL TO THE NEW INCLB ****
                 86:          ;JSR     INCLCOPYOUT       COPY OUT THE STATUS & SET .CURINCLB
15B9 BD16B7      87:          JSR      INCLCOPYOUT




ASM/6800 1.3H4: 15B9 ASM/6800 1.4       - - - D I R E C T I V E   P R O C E S S I N G - - -
08/16/82 00:00:00; Page 140; Form 25    - - - I N C L U D E : - - -
ASM14A.MAIN.ASM
                 89: **** OPEN THE FILE SPECIFIED IN .CURINCLB ****
  15BC           90: OPENCURINCLB EQU  *
15BC C601        91:          LDAB     #SI               START BY CLOSING THE SOURCE CHANNEL.
                 92:          ;JSR     CLOSE$
15BE BD010B      93:          JSR      CLOSE$
                 94:          ;LDX     #INCLNOTFOUND     SETUP FOR ERROR ON OPEN
15C1 CE1687      95:          LDX      #INCLNOTFOUND
15C4 DFAA        96:          STX      IOERRLOC
15C6 9F2A        97:          STS      FLAMOUT
                 98:          ;LDX     .CURINCLB         NOW; LOAD LENGTH OF NAME (USING PTR)
15C8 DEA7        99:          LDX      .CURINCLB
15CA A60F       100:          LDAA     INCLB:LEN,X         INTO ACCA.
                101:          ;JSR     INCLB@NAME        LOAD ADDRESS OF TEXT FIELD INTO X.
15CC BD15DD     102:          JSR      INCLB@NAME
15CF C601       103:          LDAB     #SI               LOAD CHANNEL NUMBER;
                104:          ;JSR     OPEN$               AND OPEN THE CHANNEL.
15D1 BD0108     105:          JSR      OPEN$
  15D4          106: INCLERRESET
                107:          ;LDX     #CRAPOUT$         Reset I/O package error vector
15D4 CE0142     108:          LDX      #CRAPOUT$
15D7 DFAA       109:          STX      IOERRLOC
                110: **** LIST THE LINE, NOW *****
                111:          ;JSR     LIST
15D9 BD220D     112:          JSR      LIST
15DC 39         113:          RTS




ASM/6800 1.3H4: 15DC ASM/6800 1.4       - - - D I R E C T I V E   P R O C E S S I N G - - -
08/16/82 00:00:00; Page 141; Form 25    - - - C O M P U T E   . C U R I N C L   A D D R S - - -
ASM14A.MAIN.ASM
                115: ******************************************************************************
                116: *
                117: * NAME:  INCL@NAME()
                118: *
                119: * FUNCTION:
                120: *        SETS X TO (.CURINCL)+INCLB:TEXT
                121: *
                122: *
                123: * NAME:  AB.CURINCL(B: BYTE.OFFSET)
                124: *
                125: * FUNCTION:
                126: *        SETS X TO (.CURINCL)+(B)
                127: *
                128: *
                129: * NAME:  TABX(AB: WORD)             RETURNS X: WORD
                130: *
                131: * FUNCTION:
                132: *        SETS X TO (AB).
                133: *
                134: ******************************************************************************
                135: 
                136: 
                137: **** LOAD (.CURINCLB)+#INCLB:TEXT INTO X ****
  15DD          138: INCLB@NAME EQU    *
15DD C610       139:          LDAB     #INCLB:TEXT
                140: 
                141: **** LOAD (.CURINCLB)+(B) INTO X.  PRESERVES A ****
  15DF          142: AB.CURINCLB EQU   *
15DF DBA8       143:          ADDB     .CURINCLB+1       COMPUTE LOW ORDER BYTE,
15E1 37         144:          PSHB                         SAVE,
15E2 C600       145:          LDAB     #0                COMPUTE HIGH ORDER BYTE,
15E4 D9A7       146:          ADCB     .CURINCLB           LIKE THIS;
15E6 37         147:          PSHB                         SAVE.
15E7 2002       148:          BRA      TABXX
                149: 




ASM/6800 1.3H4: 15E7 ASM/6800 1.4       - - - D I R E C T I V E   P R O C E S S I N G - - -
08/16/82 00:00:00; Page 142; Form 25    - - - C O M P U T E   . C U R I N C L   A D D R S - - -
ASM14A.MAIN.ASM
                151: **** TRANSFER AB TO X ****
  15E9          152: TABX     EQU      *
15E9 37         153:          PSHB
15EA 36         154:          PSHA
  15EB          155: TABXX    ;PULX
15EB 30         156:          TSX
15EC EE00       157:          LDX      0,X
15EE 31         158:          INS
15EF 31         159:          INS
15F0 39         160: INCLUDE% RTS




ASM/6800 1.3H4: 15F0 ASM/6800 1.4       - - - D I R E C T I V E   P R O C E S S I N G - - -
08/16/82 00:00:00; Page 143; Form 25    - - - M A K E I N C L B L O C K - - -
ASM14A.MAIN.ASM
                162: ******************************************************************************
                163: *
                164: * NAME:  MAKEINCLB                       TPTR points to NAME, B=NAME size
                165: *
                166: * FUNCTION:
                167: *        RETURNS A POINTER TO AN INCLB THAT CONTAINS THIS INCLUDE FILE'S
                168: *        NAME.  THIS INCLB IS ALSO PROPERLY INITIALIZED.  INCLVL & INCLNUM
                169: *        ARE BOTH INCREMENTED.
                170: *
                171: ******************************************************************************
                172: 
  15F1          173: MAKEINCLBABORT    EQU               *
                174:          ;DEC     INCLNUM           BACKUP COUNTERS
15F1 7A009D     175:          DEC      INCLNUM
                176:          ;DEC     INCLVL
15F4 7A009C     177:          DEC      INCLVL
                178:          ;LDX     #0                AND FLAG NO SPACE
15F7 CE0000     179:          LDX      #0
15FA 39         180:          RTS
                181: 
  15FB          182: INCLRLNMS1 ;JMP   INCLRLNMS
15FB 7E16A4     183:          JMP      INCLRLNMS
                184: 
  15FE          185: MAKEINCLB EQU     *
                186:          ;INC     INCLNUM           ONE MORE INCLUDE FILE FOR THE ROAD....
15FE 7C009D     187:          INC      INCLNUM
                188:          ;INC     INCLVL              ONE LEVEL DEEPER IN SHIT.
1601 7C009C     189:          INC      INCLVL
                190:          ;JSR     FINDINCLB         TRY TO FIND A BLOCK BUILT LAST PASS....
1604 BD1653     191:          JSR      FINDINCLB
1607 26F2       192:          BNE      INCLRLNMS1          B/ YUPPERS.  CLEAR OUT ITS LNUMS &
                193: *                                     PREPARE IT FOR REUSE.
                194: 
                195: **** NEED TO CREATE AN INCLUDE-BLOCK ****
1609 DF34       196:          STX      TPTR              SAVE NAME POINTER.
160B CB10       197:          ADDB     #INCLB:SIZE:        ADD IN OVERHEAD FOR HAPPY ASSEMBLERS.
160D 37         198:          PSHB                         SAVE FOR HAPPY TERRY.
                199:          ;JSR     GTBLK             GET (B) BYTES OF MEMORY.
160E BD20A6     200:          JSR      GTBLK
1611 33         201:          PULB                         RESTORE: IT'S HAPPY HOUR.




ASM/6800 1.3H4: 1612 ASM/6800 1.4       - - - D I R E C T I V E   P R O C E S S I N G - - -
08/16/82 00:00:00; Page 144; Form 25    - - - M A K E I N C L B L O C K - - -
ASM14A.MAIN.ASM
1612 27DD       202:          BEQ      MAKEINCLBABORT      B/ NO MEMORY -- RETURN NULL POINTER.
                203: 
                204: **** NOW HAVE MEMORY.  STPTR POINTS TO FIRST BYTE (AS DOES X) ****
1614 8610       205:          LDAA     #INCLB:SIZE:      INITIALIZE COUNTER.
  1616          206: MAKEINCLB1 EQU    *                 LOOP POINT:
                207:          ;CLR     0,X                 ZERO THE BLOCK.
1616 6F00       208:          CLR      0,X
1618 08         209:          INX
1619 4A         210:          DECA
161A 26FA       211:          BNE      MAKEINCLB1          B/ NOT DONE YET.
                212: 
                213: **** NOW, COPY FILENAME TO BLOCK ****
161C C010       214:          SUBB     #INCLB:SIZE:      TAKE OUT OVERHEAD BYTES;
                215:          ;LDX     STPTR             GET POINTER TO INCLB
161E DEAC       216:          LDX      STPTR
1620 E70F       217:          STAB     INCLB:LEN,X         AND SAVE COUNT.
                218: 
  1622          219: MAKEINCLB2 EQU    *
1622 DF36       220:          STX      TPTR1             SAVE DEST. POINTER.
                221:          ;LDX     TPTR              LOAD SOURCE POINTER;
1624 DE34       222:          LDX      TPTR
1626 A600       223:          LDAA     0,X                 LOAD NEXT CHARACTER.
1628 08         224:          INX                          BUMP POINTER.
1629 DF34       225:          STX      TPTR                SAVE POINTER.
                226:          ;LDX     TPTR1             LOAD DEST. POINTER;
162B DE36       227:          LDX      TPTR1
162D A710       228:          STAA     INCLB:TEXT,X        SAVE NEXT CHARACTER.
162F 08         229:          INX                          BUMP POINTER.
1630 5A         230:          DECB                       DECREMENT COUNT;
1631 26EF       231:          BNE      MAKEINCLB2          B/ NOT DONE YET: LOOP.
                232: 
                233: **** SET UP A CUPPLE OTHER HANDY THINGS ****
                234:          ;LDX     STPTR             GET POINTER TO BASE OF INCLB
1633 DEAC       235:          LDX      STPTR
1635 969D       236:          LDAA     INCLNUM             AND POKE IN THE INCLUDE FILE NUMBER.
1637 A70E       237:          STAA     INCLB:NUM,X            ....
                238: 
                239: **** LINK INTO MASTER INCLBLK CHAIN ****
                240:          ;LDX     INCLTAIL          GET POINTER TO LAST;
1639 DEA5       241:          LDX      INCLTAIL




ASM/6800 1.3H4: 163B ASM/6800 1.4       - - - D I R E C T I V E   P R O C E S S I N G - - -
08/16/82 00:00:00; Page 145; Form 25    - - - M A K E I N C L B L O C K - - -
ASM14A.MAIN.ASM
163B 2607       242:          BNE      MAKEINCLB3          B/ CHAIN ISN'T EMPTY.
                243:          ;LDX     STPTR             ELSE, INITIALIZE TAIL POINTER/HEAD POINTER.
163D DEAC       244:          LDX      STPTR
163F DFA5       245:          STX      INCLTAIL               ....
1641 DFA3       246:          STX      INCLHEAD               ....
1643 39         247: MAKEINCLB% RTS
                248: 
  1644          249: MAKEINCLB3 EQU    *                 LINK INTO NON-NUL CHAIN.
1644 96AC       250:          LDAA     STPTR             GET @/ NEW LAST BLOCK;
1646 D6AD       251:          LDAB     STPTR+1                ....
1648 A700       252:          STAA     INCLB:NEXT,X      AND MAKE FLINK(TAIL):=@NEWBLOCK.
164A E701       253:          STAB     INCLB:NEXT+1,X         ....
164C 97A5       254:          STAA     INCLTAIL          UPDATE TAIL POINTER;
164E D7A6       255:          STAB     INCLTAIL+1             ....
                256:          ;LDX     INCLTAIL          LOAD NEW POINTER (ALWAYS <> 0).
1650 DEA5       257:          LDX      INCLTAIL
1652 39         258:          RTS




ASM/6800 1.3H4: 1652 ASM/6800 1.4       - - - D I R E C T I V E   P R O C E S S I N G - - -
08/16/82 00:00:00; Page 146; Form 25    - - - F I N D I N C L B - - -
ASM14A.MAIN.ASM
                260: ******************************************************************************
                261: *
                262: * NAME:  FINDINCLB
                263: *
                264: * FUNCTION:
                265: *        GIVEN A FILENAME @[0,X], A LENGTH IN B AND THE CURRENT INCLUDE
                266: *        FILE NUMBER FOR THIS PASS, ATTEMPTS TO FIND A CORRESPONDING
                267: *        INCLB.  IF FAILURE, RETURNS ZERO IN X.
                268: *
                269: ******************************************************************************
                270: 
  1653          271: FINDINCLB EQU     *
1653 DF34       272:          STX      TPTR              (SAVE ADDRESS)
1655 969D       273:          LDAA     INCLNUM           LOAD CURRENT INCLUDE-FILE NUMBER.
                274:          ;LDX     INCLHEAD          GET HEAD OF INCLUDEBLOCK CHAIN.
1657 DEA3       275:          LDX      INCLHEAD
1659 2708       276:          BEQ      FINDINCLB%          B/ NO COULD FINDEM.
                277: 
                278: **** LOOP THROUGH CHAIN UNTIL WE FIND A FILE NUMBER THAT MATCHES ****
  165B          279: FINDINCLB1 EQU    *
                280:          ;CMPA    INCLB:NUM,X       DOES THIS MATCH?
165B A10E       281:          CMPA     INCLB:NUM,X
165D 2708       282:          BEQ      FINDINCLB2          B/ YES!!
                283:          ;LDX     INCLB:NEXT,X      NO: TRY NEXT.
165F EE00       284:          LDX      INCLB:NEXT,X
1661 26F8       285:          BNE      FINDINCLB1          B/ THERE'S ANOTHER TO CHECK.
  1663          286: FINDINCLB% EQU    *
                287:          ;LDX     TPTR              RESTORE POINTER;
1663 DE34       288:          LDX      TPTR
1665 4F         289:          CLRA                         INDICATE FAILURE.
1666 39         290:          RTS
                291: 
                292: **** FOUND A MATCH ****
  1667          293: FINDINCLB2 EQU    *
1667 8601       294:          LDAA     #1                SET NOT-ZERO,
1669 39         295:          RTS                          AND RETURN OUR POINTER.




ASM/6800 1.3H4: 1669 ASM/6800 1.4       - - - D I R E C T I V E   P R O C E S S I N G - - -
08/16/82 00:00:00; Page 147; Form 25    - - - I N C L S A V E - - -
ASM14A.MAIN.ASM
                297: ******************************************************************************
                298: *
                299: * NAME:  INCLSAVE
                300: *
                301: * FUNCTION:
                302: *        SAVE STATUS OF CURRENT SI FILE IN CURRENT INCLUDE BLOCK FOR
                303: *        LATER RECOVERY.
                304: *
                305: ******************************************************************************
                306: 
  166A          307: INCLSAVE EQU      *
166A C60A       308:          LDAB     #INCLB:FPOS       CONSTRUCT POINTER TO FPOS BUFFER;
                309:          ;JSR     AB.CURINCLB         WILL COME BACK IN X.
166C BD15DF     310:          JSR      AB.CURINCLB
166F C601       311:          LDAB     #SI               READ POSITION OF SI CHANNEL.
                312:          ;JSR     GETPOS$             ....
1671 BD0111     313:          JSR      GETPOS$
                314: 
                315: **** COPY LINE NUMBER/FORM NUMBER ****
                316:          ;LDX     .CURINCLB         GET POINTER TO INCLB;
1674 DEA7       317:          LDX      .CURINCLB
1676 968F       318:          LDAA     FPGE              COPY FORM #.
1678 D690       319:          LDAB     FPGE+1                 ....
167A A706       320:          STAA     INCLB:FPGE,X           ....
167C E707       321:          STAB     INCLB:FPGE+1,X         ....
167E 9691       322:          LDAA     LINEN             COPY LINE #.
1680 D692       323:          LDAB     LINEN+1                ....
1682 A708       324:          STAA     INCLB:LINEN,X          ....
1684 E709       325:          STAB     INCLB:LINEN+1,X        ....
1686 39         326:          RTS




ASM/6800 1.3H4: 1686 ASM/6800 1.4       - - - D I R E C T I V E   P R O C E S S I N G - - -
08/16/82 00:00:00; Page 148; Form 25    - - - P O P I N C L - - -
ASM14A.MAIN.ASM
                328: ******************************************************************************
                329: *
                330: * NAME:  POPINCL()
                331: *
                332: * FUNCTION:
                333: *        FINISHES PROCESSING CURRENT INCLUDE FILE, AND RESTORES INCLUDE
                334: *        FILE FROM LOWER LEVEL.  YUP, IT REPOSITIONS AND EVERYTHING.
                335: *
                336: ******************************************************************************
                337: 
  1687          338: INCLNOTFOUND      EQU               *
                339:          ;JSR     FILNOTF
1687 BD08A7     340:          JSR      FILNOTF
                341:          ;JSR     INCLERRESET       Reset I/O error vector
168A BD15D4     342:          JSR      INCLERRESET
                343: 
  168D          344: POPINCL  EQU      *
                345:          ;DEC     INCLVL            BACK UP BY ONE;
168D 7A009C     346:          DEC      INCLVL
                347:          ;LDX     .CURINCLB         LOAD CURRENT INCLB;
1690 DEA7       348:          LDX      .CURINCLB
                349:          ;LDX     INCLB:PREVB,X       FETCH POINTER TO WHOEVER CALLED IT;
1692 EE04       350:          LDX      INCLB:PREVB,X
                351:          ;JSR     INCLCOPYOUT         RESTORE THAT GUY AS CURRENT INCLUDE.
1694 BD16B7     352:          JSR      INCLCOPYOUT
                353: 
                354: **** CLOSE PREVIOUS AND OPEN CURRENT ****
                355:          ;JSR     OPENCURINCLB      THAT DOES THE OPEN.
1697 BD15BC     356:          JSR      OPENCURINCLB
                357: 
                358: **** RESET THE POSITION ****
169A C60A       359:          LDAB     #INCLB:FPOS       GET @/ SAVED POSITION;
                360:          ;JSR     AB.CURINCLB         (IN X);
169C BD15DF     361:          JSR      AB.CURINCLB
169F C601       362:          LDAB     #SI               SET CHANNEL NUMBER;
                363:          ;JMP     POSITION$           SET POSITION & SPLIT.
16A1 7E0126     364:          JMP      POSITION$




ASM/6800 1.3H4: 16A1 ASM/6800 1.4       - - - D I R E C T I V E   P R O C E S S I N G - - -
08/16/82 00:00:00; Page 149; Form 25    - - - I N C L R N M S - - -
ASM14A.MAIN.ASM
                366: ******************************************************************************
                367: *
                368: * NAME:  INCLRNMS
                369: *
                370: * FUNCTION:
                371: *        CLEARS THE FPGE/LINEN FIELDS OF THE INCLB WHOSE ADDRESS IS PASSED
                372: *        IN X.
                373: *
                374: * CHANGES:                          PRESERVES:
                375: *        C                               A B X
                376: *
                377: ******************************************************************************
                378: 
  16A4          379: INCLRLNMS EQU     *
                380:          ;CLR     INCLB:FPGE,X
16A4 6F06       381:          CLR      INCLB:FPGE,X
                382:          ;CLR     INCLB:FPGE+1,X
16A6 6F07       383:          CLR      INCLB:FPGE+1,X
                384:          ;INC     INCLB:FPGE+1,X    (SET FPGE TO 1)
16A8 6C07       385:          INC      INCLB:FPGE+1,X
                386:          ;CLR     INCLB:LINEN,X
16AA 6F08       387:          CLR      INCLB:LINEN,X
                388:          ;CLR     INCLB:LINEN+1,X
16AC 6F09       389:          CLR      INCLB:LINEN+1,X
16AE 39         390:          RTS




ASM/6800 1.3H4: 16AE ASM/6800 1.4       - - - D I R E C T I V E   P R O C E S S I N G - - -
08/16/82 00:00:00; Page 150; Form 25    - - - I N C L W A T C H O U T - - -
ASM14A.MAIN.ASM
                392: ******************************************************************************
                393: *
                394: * NAME:  INCLWATCHOUT()
                395: *
                396: * FUNCTION:
                397: *        USED AS A GATE MONSTER ON ROUTINES THAT SHOULD NOT BE EXECUTED
                398: *        UNLESS WE ARE DEALING WITH LEVEL 0 OF INCLUDES.
                399: *
                400: ******************************************************************************
                401: 
  16AF          402: INCLWATCHOUT EQU  *
16AF 7D009C     403:          TST      INCLVL            ARE WE AT LEVEL 0?
16B2 2702       404:          BEQ      INCLWATCHOUT%       B/ YES.  RETURN TO CALLER.
                405:          ;LEAS    2,S               ELSE POP RETURN ADDRESS;
  0000          406:          IF       2<0
 *S*            407:          RPT      -2
 *S*            408:          DES
                409:          ELSE
  0002          410:          RPT      2
16B4 31         411:          INS
                412:          FIN
  16B6          413: INCLWATCHOUT% EQU *                      ....
16B6 39         414:          RTS                          IN ANY EVENT, GO HOME.




ASM/6800 1.3H4: 16B6 ASM/6800 1.4       - - - D I R E C T I V E   P R O C E S S I N G - - -
08/16/82 00:00:00; Page 151; Form 25    - - - I N C L C O P Y O U T - - -
ASM14A.MAIN.ASM
                416: ******************************************************************************
                417: *
                418: * NAME:  INCLCOPYOUT(X)
                419: *
                420: * FUNCTION:
                421: *        X IS A POINTER TO AN INCLB THAT IS TO BE MADE THE CURRENT
                422: *        INCLB.  WE STORE IT INTO .CURINCLB; THEN COPY OUT THE VARIOUS
                423: *        LINE-# RELATED INFO INTO MAIN STORE.
                424: *
                425: ******************************************************************************
                426: 
  16B7          427: INCLCOPYOUT EQU   *
16B7 DFA7       428:          STX      .CURINCLB         SAVE POINTER.
16B9 A606       429:          LDAA     INCLB:FPGE,X      COPY SOME CONTEXT:
16BB E607       430:          LDAB     INCLB:FPGE+1,X         ....
                431:          ;LDX     INCLB:LINEN,X          ....
16BD EE08       432:          LDX      INCLB:LINEN,X
16BF 978F       433:          STAA     FPGE                   ....
16C1 D790       434:          STAB     FPGE+1                 ....
16C3 DF91       435:          STX      LINEN                  ....
                436:          ;LDX     .CURINCLB         RESTORE POINTER;
16C5 DEA7       437:          LDX      .CURINCLB
16C7 39         438:          RTS                          SPLIT.




ASM/6800 1.3H4: 16C7 ASM/6800 1.4       - - - D I R E C T I V E   P R O C E S S I N G - - -
08/16/82 00:00:00; Page 152; Form 26    - - - D O ,   I F - - -
ASM14A.MAIN.ASM
  0001            2:          DO       CONDASM=1
                  3: *
                  4: *
                  5: *  D O :
                  6: *
                  7: *        Handles DO psuedo-op:  right now is an IF, w/ error check.
                  8: *
  16C8            9: DO:      ;JSR      EVALCT            GET CONTROL VALUE,
16C8 BD1B3A      10:          JSR      EVALCT
16CB 965F        11:          LDAA     VAL
16CD 2D10        12:          BLT      IF:1
16CF 2606        13:          BNE      DO:1              B/  FAR TOO BIG.
16D1 9660        14:          LDAA     VAL+1
                 15:          ;CMPA     #1
16D3 8101        16:          CMPA     #1
16D5 2308        17:          BLS      IF:1
  16D7           18: DO:1     ;JSR      ILLVAL
16D7 BD088B      19:          JSR      ILLVAL
16DA 2003        20:          BRA      IF:1
                 21: *
  16DC           22: IF:      ;JSR      EVALCT
16DC BD1B3A      23:          JSR      EVALCT
  16DF           24: IF:1     ;LDX      VAL
16DF DE5F        25:          LDX      VAL
16E1 2E06        26:          BGT      IF:T
                 27: *
                 28: * AN IF THAT FAILED:
                 29: *    SET SKPFLG = 1, SKPLVL = 0
                 30: *
16E3 4F          31: IFAIL    CLRA
16E4 979A        32:          STAA     SKPLVL
16E6 4C          33:          INCA
16E7 978E        34:          STAA     SKPFLG            SKIP TO FIRST ELSE.
  16E9           35: IF:X     ;JMP      PUTV              OUTPUT VALUE AND LEAVE.
16E9 7E2717      36:          JMP      PUTV
                 37: *
                 38: * AN IF THAT SUCCEEDED:
                 39: *        INCREMENT DOLVL.
                 40: *
  16E9           41: IF:T     EQU      IF:X




ASM/6800 1.3H4: 16E9 ASM/6800 1.4       - - - D I R E C T I V E   P R O C E S S I N G - - -
08/16/82 00:00:00; Page 153; Form 26    - - - D O ,   I F - - -
ASM14A.MAIN.ASM
                 42:          FIN




ASM/6800 1.3H4: 16E9 ASM/6800 1.4       - - - D I R E C T I V E   P R O C E S S I N G - - -
08/16/82 00:00:00; Page 154; Form 27    - - - I F U N D : - - -
ASM14A.MAIN.ASM
  0001            2:          DO       CONDASM=1         MUST HAVE OTHER STUFF TO GET THIS
                  3: *
                  4: *
                  5: * I F U N D :
                  6: *
                  7: *        IF VARIABLE IS UNDEFINED OR A FWD REF - THEN COND=TRUE
                  8: *
                  9: *
  16EC           10: IFUND:   ;CLR     VAL               CLEAR VALUE (FALSE COND)
16EC 7F005F      11:          CLR      VAL
                 12:          ;CLR     VAL+1
16EF 7F0060      13:          CLR      VAL+1
                 14:          ;JSR     GNOBJ             GET THE SYMBOL
16F2 BD1E2C      15:          JSR      GNOBJ
                 16:          ;CMPA    #O:SYM            IS IT?
16F5 8101        17:          CMPA     #O:SYM
16F7 2615        18:          BNE      IFUERR            IF NOT, ERR
                 19:          ;JSR     CKEOF             IS FIELD SYMBOL ONLY?
16F9 BD1E06      20:          JSR      CKEOF
16FC 2610        21:          BNE      IFUERR              B/ NOPE.  NO CAN DO.
                 22: 
                 23: *
                 24: * SYM TO BE TESTED IS IN SYM
                 25: *
                 26:          ;JSR     FSYM              WHERE ARE YOU?
16FE BD20C3      27:          JSR      FSYM
1701 2606        28:          BNE      NDEFD             IF NOT THERE - SUCCESS - SET TRUE
1703 A604        29:          LDAA     S:TYPE,X          GET TYPE
1705 8505        30:          BITA     #T:UNDF!T:FREF    IS IT UNDEF OR FREF?
1707 27DA        31:          BEQ      IFAIL             IT'S DEFINED (DARN) FAIL!!!
                 32: *
                 33: * SYM IS UNDEF - SET VAL=1 AND SUCCEED
                 34: *
  1709           35: NDEFD    ;INC     VAL+1             SAY "TRUE"
1709 7C0060      36:          INC      VAL+1
170C 20DB        37:          BRA      IF:T              GOTO HANDLE TRUE
                 38: *
  170E           39: IFUERR   ;JSR     ILLAF             SCREAM
170E BD086B      40:          JSR      ILLAF
1711 20D0        41:          BRA      IFAIL             FAIL THE TEST




ASM/6800 1.3H4: 1711 ASM/6800 1.4       - - - D I R E C T I V E   P R O C E S S I N G - - -
08/16/82 00:00:00; Page 155; Form 27    - - - I F U N D : - - -
ASM14A.MAIN.ASM
                 42:          FIN
                 43: *




ASM/6800 1.3H4: 1711 ASM/6800 1.4       - - - D I R E C T I V E   P R O C E S S I N G - - -
08/16/82 00:00:00; Page 156; Form 28    - - - I F U N D : - - -
ASM14A.MAIN.ASM
  0001            2:          DO       CONDASM=1         MUST HAVE OTHER STUFF TO GET THIS
                  3: *
                  4: *
                  5: * I F D E F :
                  6: *
                  7: *        IF VARIABLE IS DEFINED OR NOT A FWD REF - THEN COND=TRUE
                  8: *
                  9: *
  1713           10: IFDEF:   ;LDX     #0                SET VALUE (TRUE COND)
1713 CE0000      11:          LDX      #0
1716 DF5F        12:          STX      VAL
                 13:          ;JSR     GNOBJ             GET THE SYMBOL
1718 BD1E2C      14:          JSR      GNOBJ
                 15:          ;CMPA    #O:SYM            IS IT?
171B 8101        16:          CMPA     #O:SYM
171D 26EF        17:          BNE      IFUERR            IF NOT, ERR
                 18:          ;JSR     CKEOF             IS FIELD SYMBOL ONLY?
171F BD1E06      19:          JSR      CKEOF
1722 26EA        20:          BNE      IFUERR              B/ NOPE.  NO CAN DO.
                 21: 
                 22: *
                 23: * SYM TO BE TESTED IS IN SYM
                 24: *
                 25:          ;JSR     FSYM              WHERE ARE YOU?
1724 BD20C3      26:          JSR      FSYM
1727 2606        27:          BNE      ISDEFD            IF NOT THERE - FAILURE - SET FALSE
1729 A604        28:          LDAA     S:TYPE,X          GET TYPE
172B 8505        29:          BITA     #T:UNDF!T:FREF    IS IT UNDEF OR FREF?
172D 26B4        30:          BNE      IFAIL             IT'S NOT DEFINED (DARN) FAIL!!!
                 31: *
                 32: * SYM IS DEF - SET VAL=1 AND SUCCEED
                 33: *
  172F           34: ISDEFD   ;INC     VAL+1             SAY "TRUE"
172F 7C0060      35:          INC      VAL+1
1732 20B5        36:          BRA      IF:T              GOTO HANDLE TRUE
                 37:          FIN




ASM/6800 1.3H4: 1732 ASM/6800 1.4       - - - D I R E C T I V E   P R O C E S S I N G - - -
08/16/82 00:00:00; Page 157; Form 29    - - - E L S E : - - -
ASM14A.MAIN.ASM
  0001            2:          DO       CONDASM=1
                  3: *
                  4: *
                  5: *   E L S E :
                  6: *
                  7: *        Handles direct execution of ELSE directive.  If DOLVL
                  8: *        is zero, then this is an error.  Otherwise, begin skipping
                  9: *        to FIN, w/ SKPLVL = 0.
                 10: *
                 11: *
                 12: *
                 13: *   E L S I F :
                 14: *
                 15: *        Handles direct execution of ELSEIF directive.  Just like
                 16: *        ELSE:, but needs different address
                 17: *
1734 01          18: ELSIF:   NOP
  1735           19: ELSE:    EQU      *
1735 7D009B      20:          TST      DOLVL
1738 270E        21:          BEQ      ELSE:1
173A 4F          22: ELSE:0   CLRA
173B 975F        23:          STAA     VAL               (Clear high-order byte of listing Val)
173D 979A        24:          STAA     SKPLVL            Start skipping.
173F 4A          25:          DECA                         Set A to -1,
1740 978E        26:          STAA     SKPFLG              sez:  skip to a FIN.
1742 969B        27:          LDAA     DOLVL             Display the nesting level on the listing:
1744 9760        28:          STAA     VAL+1               poke it into the low order byte,
1746 20A1        29:          BRA      IF:X                and hop to someone who JMPs to PUTV.
                 30: 
                 31: *
  1748           32: ELSE:1   ;JMP      NSTER             *E* ELSE W/O DO.
1748 7E087B      33:          JMP      NSTER
                 34:          FIN




ASM/6800 1.3H4: 1748 ASM/6800 1.4       - - - D I R E C T I V E   P R O C E S S I N G - - -
08/16/82 00:00:00; Page 158; Form 30    - - - F I N - - -
ASM14A.MAIN.ASM
  0001            2:          DO       CONDASM=1
                  3: *
                  4: *
                  5: *  F I N :
                  6: *
                  7: *        Handles direct execution of FIN directive.  If DOLVL
                  8: *        is zero, then this is an error.  Otherwise, DOLVL is
                  9: *        decremented.
                 10: *
  174B           11: FIN:     EQU      *
174B 969B        12:          LDAA     DOLVL
174D 27F9        13:          BEQ      ELSE:1            B/ NESTING ERROR.
174F 4A          14:          DECA
1750 979B        15:          STAA     DOLVL
1752 39          16:          RTS
                 17:          FIN




ASM/6800 1.3H4: 1752 ASM/6800 1.4       - - - D I R E C T I V E   P R O C E S S I N G - - -
08/16/82 00:00:00; Page 159; Form 31    - - - C A S E : - - -
ASM14A.MAIN.ASM
  0001            2:          DO       CONDASM=1
                  3: *
                  4: *
                  5: *   C A S E :
                  6: *
                  7: *        Handles direct execution of CASE directive.  If
                  8: *        value of AF(1) < 0, then skip to FIN;
                  9: *                       = 0, then inc DOLVL, continue execution.
                 10: *                       > 0, then skip to n-th ELSE
                 11: *
  1753           12: CASE:    EQU      *
                 13:          ;JSR      EVALCT
1753 BD1B3A      14:          JSR      EVALCT
                 15:          ;LDX      VAL
1756 DE5F        16:          LDX      VAL
1758 278F        17:          BEQ      IF:T
175A 8D8D        18:          BSR      IF:X              LIST VALUE,
                 19:          ;LDX      VAL
175C DE5F        20:          LDX      VAL
175E 2DDA        21:          BLT      ELSE:0            ENTER SKIP MODE.
                 22: *  ELSE SKIP TO N-TH
1760 9660        23:          LDAA     VAL+1
1762 2A05        24:          BPL      CASEOK
                 25:          ;JSR      ILLVAL            *E* ILLEGAL VALUE ON CASE:  TOO BIG
1764 BD088B      26:          JSR      ILLVAL
1767 20D1        27:          BRA      ELSE:0
1769 978E        28: CASEOK   STAA     SKPFLG
                 29:          ;CLR      SKPLVL
176B 7F009A      30:          CLR      SKPLVL
176E 39          31:          RTS
                 32:          FIN




ASM/6800 1.3H4: 176E ASM/6800 1.4       - - - D I R E C T I V E   P R O C E S S I N G - - -
08/16/82 00:00:00; Page 160; Form 32    - - - O P T  (HANDLES "WITH" COMMAND)  - - -
ASM14A.MAIN.ASM
                  2: *
                  3: * OPT:
                  4: *        ACCEPTS OPTIONS AND SETS THE CORRECT BITS/ VALUES.
                  5: *
                  6: *
                  7: * LEGAL OPTIONS: (SEE OPTTABLE BELOW)
                  8: *
                  9: *
  176F           10: OPT:     ;JSR     GNOBJ             GET THE OPTION
176F BD1E2C      11:          JSR      GNOBJ
                 12:          ;CMPA    #O:TERM           DONE?
1772 8106        13:          CMPA     #O:TERM
1774 2605        14:          BNE      CONT              IF NOT, EAT THIS OPT
                 15:          ;CMPB    #ASCII:COMMA      A COMMA?
1776 C12C        16:          CMPB     #ASCII:COMMA
1778 27F5        17:          BEQ      OPT:              IF SO, GET THE OPTION FOLLOWING
                 18: *
                 19: * A TERM SEEN - FINISH UP
                 20: *
177A 39          21:          RTS                        GO HOME
                 22: *
  177B           23: CONT     ;CMPA    #O:SYM            A SYMBOL?
177B 8101        24:          CMPA     #O:SYM
177D 2705        25:          BEQ      OSEARCH           OF SO, SEE IF IT IS A VALID OPTION
  177F           26: OPTERR   ;JSR     ILLAF             YELL
177F BD086B      27:          JSR      ILLAF
1782 20EB        28:          BRA      OPT:              TRY TO GET THE REST OF THE OPTIONS
                 29: *
  1784           30: OSEARCH  ;LDX     #OPTTABLE         GET ADDR OF OPTION TABLE
1784 CE17CF      31:          LDX      #OPTTABLE
                 32:          ;JSR     FSYM1             GO FIND OPTION
1787 BD20C9      33:          JSR      FSYM1
178A 26F3        34:          BNE      OPTERR            ERR IF NOT LEGAL OPTION
178C A604        35:          LDAA     S:TYPE,X          GET THE VALUE TO PASS
                 36:          ;LDX     S:VAL,X           GET THE ADDR OF THE HANDLING ROUTINE
178E EE02        37:          LDX      S:VAL,X
                 38:          ;JSR     0,X               GO DO WORK FOR OPTION
1790 AD00        39:          JSR      0,X
1792 20DB        40:          BRA      OPT:              TRY FOR NEXT OPT




ASM/6800 1.3H4: 1792 ASM/6800 1.4       - - - D I R E C T I V E   P R O C E S S I N G - - -
08/16/82 00:00:00; Page 161; Form 32    - - - O P T  (HANDLES "WITH" COMMAND)  - - -
ASM14A.MAIN.ASM
                 42: *
                 43: * NUMSET - SCAN FOR =<EXP> AND SET THE PAGE ZERO LOC
                 44: *        WHOSE ADDR IS IN A TO THE VALUE OF THE EXPRESSION.
                 45: *        ERROR IF VALUE HAS UPPER 8 BITS # 0.
                 46: *          --OR--  IF VALUE IS << CONTENTS OF ACCB.
                 47: *
                 48: * WIDSET -- SETS ACCB TO 30 (THE MINIMUM WIDTH) AND GOES TO NUMSET.
                 49: *
1794 5F          50: DEPSET   CLRB
1795 8D0A        51:          BSR      NUMSET            Get Value setting
1797 2705        52:          BEQ      DEPRTS            B/Zero OK (means no pages setting)
1799 C60F        53:          LDAB     #MINDEP           Minimum depth
179B 11          54:          CBA                        Enough depth?
179C 252E        55:          BCS      NUMERR            B/No, we're not in over our heads
179E 39          56: DEPRTS   RTS
                 57: 
  179F           58: WIDSET   EQU      *                 COME HERE TO SET WIDTH....
179F C61E        59:          LDAB     #30               LOAD MINIMUM VALUE,
                 60: 
17A1 37          61: NUMSET   PSHB                       SAVE LOW LIMIT.
17A2 36          62:          PSHA                       SAVE ADDR TO POKE
                 63: *
                 64: * GET THE VALUE
                 65: *
                 66:          ;JSR     GNOBJ             GET THE NEXT OBJ
17A3 BD1E2C      67:          JSR      GNOBJ
  0001           68:          DO       CONDASM=1         IF RELATIONAL OPS
                 69:          ;CMPA    #O:OP             AN OP?
17A6 8107        70:          CMPA     #O:OP
17A8 2604        71:          BNE      OPTVF             IF NOT, NO VALUE SPECD
                 72:          ;CMPB    #OP:EQ            EQUALS?
17AA C135        73:          CMPB     #OP:EQ
17AC 2706        74:          BEQ      OPTV2             IF SO, GET THE <EXP> FOLLOWING
  0001           75:          ELSE
 *S*             76:          ;CMPA    #O:UNKN           UNKNOWN?
 *S*             77:          CMPA     #O:UNKN
 *S*             78:          BNE      OPTVF             IF NOT, NO EQUALS - NO <EXP>
 *S*             79:          ;CMPB    #'=               WELL?
 *S*             80:          CMPB     #'=
 *S*             81:          BEQ      OPTV2             IF SEEN = GO SCAN <EXP>




ASM/6800 1.3H4: 17AC ASM/6800 1.4       - - - D I R E C T I V E   P R O C E S S I N G - - -
08/16/82 00:00:00; Page 162; Form 32    - - - O P T  (HANDLES "WITH" COMMAND)  - - -
ASM14A.MAIN.ASM
                 82:          FIN
  17AE           83: OPTVF    ;INC     RJOBJ             I DIDN'T SEE THAT!
17AE 7C005C      84:          INC      RJOBJ
                 85:          ;LEAS    2,S               BALANCE YE STACK...
  0000           86:          IF       2<0
 *S*             87:          RPT      -2
 *S*             88:          DES
                 89:          ELSE
  0002           90:          RPT      2
17B1 31          91:          INS
                 92:          FIN
17B3 39          93:          RTS
                 94: *
  17B4           95: OPTV2    ;JSR     EVAL              GET THE EXPRESSION
17B4 BD1B24      96:          JSR      EVAL
                 97: *
                 98: * GOT NUMBER IN VAL
                 99: *
17B7 32         100:          PULA                       LOAD ADDRESS....
17B8 9735       101:          STAA     TPTR+1                 AND SAVE IN POINTER.
17BA 33         102:          PULB                       LOAD LOW LIMIT.
17BB 965F       103:          LDAA     VAL               IS THIS ZERO?
17BD 260D       104:          BNE      NUMERR            IF NOT, ILLEGAL VALUE
                105:          ;CLR     TPTR              (CLEAR HIGH-ORDER ADDRESS.)
17BF 7F0034     106:          CLR      TPTR
17C2 9660       107:          LDAA     VAL+1             GET LOW ORDER VALUE.
17C4 11         108:          CBA                        IS IT BIG ENUFF?
17C5 2505       109:          BCS      NUMERR                 B/ NO WAY.
                110:          ;LDX     TPTR              GET THE POINTER
17C7 DE34       111:          LDX      TPTR
17C9 A700       112:          STAA     0,X               SAVE THE VALUE
17CB 39         113:          RTS
  17CC          114: NUMERR   ;JMP     ILLVAL            ILLEGAL VALUE!
17CC 7E088B     115:          JMP      ILLVAL




ASM/6800 1.3H4: 17CC ASM/6800 1.4       - - - D I R E C T I V E   P R O C E S S I N G - - -
08/16/82 00:00:00; Page 163; Form 32    - - - O P T  (HANDLES "WITH" COMMAND)  - - -
ASM14A.MAIN.ASM
                117: *******************************************************************
                118: *
                119: *    OPTION  TABLE
                120: *
                121: *******************************************************************
                122: 
17CF 17D1       123: OPTTABLE FDB      OPT1              LIST HEAD POINTER
                124: 
17D1 17DA2B43   125: OPT1     FDB      OPT2,OPTOR
17D5 0103       126:          FCB      OPT:MCM,3
17D7 4D434D     127:          FCC      /MCM/
17DA 17E42B47   128: OPT2     FDB      OPT3,OPTAND
17DE FE04       129:          FCB      \OPT:MCM,4
17E0 4E4D434D   130:          FCC      /NMCM/
17E4 17EC2B43   131: OPT3     FDB      OPT4,OPTOR
17E8 1002       132:          FCB      OPT:LN,2
17EA 4C4E       133:          FCC      /LN/
17EC 17F52B47   134: OPT4     FDB      OPT5,OPTAND
17F0 EF03       135:          FCB      \OPT:LN,3
17F2 4E4C4E     136:          FCC      /NLN/
17F5 17FD2B43   137: OPT5     FDB      OPT6,OPTOR
17F9 2002       138:          FCB      OPT:LF,2
17FB 4C46       139:          FCC      /LF/
17FD 18062B47   140: OPT6     FDB      OPT7,OPTAND
1801 DF03       141:          FCB      \OPT:LF,3
1803 4E4C46     142:          FCC      /NLF/
1806 180F2B43   143: OPT7     FDB      OPT8,OPTOR
180A 4003       144:          FCB      OPT:DMP,3
180C 444D50     145:          FCC      /DMP/
180F 18192B47   146: OPT8     FDB      OPT9,OPTAND
1813 BF04       147:          FCB      \OPT:DMP,4
1815 4E444D50   148:          FCC      /NDMP/
1819 18212B43   149: OPT9     FDB      OPT10,OPTOR
181D 8002       150:          FCB      OPT:EL,2
181F 454C       151:          FCC      /EL/
1821 182A2B47   152: OPT10    FDB      OPT11,OPTAND
1825 7F03       153:          FCB      $FF&\OPT:EL,3
1827 4E454C     154:          FCC      /NEL/
182A 1832179F   155: OPT11    FDB      OPT12,WIDSET
182E B202       156:          FCB      WIDTH,2




ASM/6800 1.3H4: 1830 ASM/6800 1.4       - - - D I R E C T I V E   P R O C E S S I N G - - -
08/16/82 00:00:00; Page 164; Form 32    - - - O P T  (HANDLES "WITH" COMMAND)  - - -
ASM14A.MAIN.ASM
1830 5749       157:          FCC      /WI/
1832 183A1794   158: OPT12    FDB      OPT13,DEPSET
1836 B302       159:          FCB      DEPTH,2
1838 4445       160:          FCC      /DE/
183A 18432B43   161: OPT13    FDB      OPT14,OPTOR
183E 0803       162:          FCB      OPT:LST,3
1840 4C5354     163:          FCC      /LST/
1843 184D2B47   164: OPT14    FDB      OPT15,OPTAND
1847 F704       165:          FCB      \OPT:LST,4
1849 4E4C5354   166:          FCC      /NLST/
184D 18552B4C   167: OPT15    FDB      OPT16,OPT1OR
1851 0102       168:          FCB      OPT1:DO,2
1853 444F       169:          FCC      /DO/
                170: 
1855 185E2B50   171: OPT16    FDB      OPT17,OPT1AND
1859 FE03       172:          FCB      \OPT1:DO,3
185B 4E444F     173:          FCC      /NDO/
                174: 
185E 18692B4C   175: OPT17    FDB      OPT18,OPT1OR
1862 0205       176:          FCB      OPT1:6801,5
1864 4D363830   177:          FCC      /M6801/
                178: *
1869 00002B50   179: OPT18    FDB      OPT19,OPT1AND
186D FD06       180:          FCB      \OPT1:6801,6
186F 4E4D3638   181:          FCC      /NM6801/
                182: *
  0000          183: OPT19    EQU      0
                184: *




ASM/6800 1.3H4: 1873 ASM/6800 1.4       - - - D I R E C T I V E   P R O C E S S I N G - - -
08/16/82 00:00:00; Page 165; Form 33    - - - E N D : - - -
ASM14A.MAIN.ASM
                  2: *
                  3: *
                  4: *   E N D :
                  5: *
                  6: *        Handles good stuff for end-of-file
                  7: *
  1875            8: END:     EQU      *
                  9:          ;LDX      RPTF             Check Repeat count
1875 DEA1        10:          LDX      RPTF
1877 2D08        11:          BLT      END:0             B/None
                 12:          ;JSR      NSTER            Nesting error
1879 BD087B      13:          JSR      NSTER
                 14:          ;LDX     #-1               Force RPTF to proper value
187C CEFFFF      15:          LDX      #-1
187F DFA1        16:          STX      RPTF
                 17: *
1881 969B        18: END:0    LDAA     DOLVL             Check DO level
1883 2706        19:          BEQ      END:01            B/Ok
                 20:          ;JSR     NSTER             Nesting error
1885 BD087B      21:          JSR      NSTER
                 22:          ;CLR     DOLVL             Fix DOLVL
1888 7F009B      23:          CLR      DOLVL
  188B           24: END:01
188B 8D3C        25:          BSR      SACHECK           Go check for a start address expression
188D 969C        26:          LDAA     INCLVL            Where are we in the world of includes?
188F 2706        27:          BEQ      END:00              B/ At the bottom!  A real end.
                 28:          ;CLR     EOFF              We have processed the EOF.
1891 7F0095      29:          CLR      EOFF
                 30:          ;JMP     POPINCL             And rewind to previous incarnation.
1894 7E168D      31:          JMP      POPINCL
                 32: 
1897 9654        33: END:00   LDAA     PASS
1899 271F        34:          BEQ      END:1




ASM/6800 1.3H4: 1899 ASM/6800 1.4       - - - D I R E C T I V E   P R O C E S S I N G - - -
08/16/82 00:00:00; Page 166; Form 33    - - - E N D : - - -
ASM14A.MAIN.ASM
                 36: *
                 37: *
                 38: *  END OF PASS 2
                 39: *
                 40: *
                 41:          ;JSR      LIST
189B BD220D      42:          JSR      LIST
                 43:          ;JSR      PNCEOF
189E BD278A      44:          JSR      PNCEOF
18A1 96A0        45:          LDAA     LIST:P            TURN ON LISTING
18A3 8A01        46:          ORAA     #LL:LIST          SO THAT EJECT WILL WORK
18A5 97A0        47:          STAA     LIST:P
                 48:          ;JSR     DUMPTBL           DUMP THE SYMBOLS
18A7 BD2C1F      49:          JSR      DUMPTBL
18AA 8D53        50:          BSR      SUMM              DUMP THE ERROR LINES/COUNT
18AC 9694        51:          LDAA     PAGEN+1
18AE 8501        52:          BITA     #1                Odd number of output pages?
18B0 2705        53:          BEQ      ENDALL            B/No
18B2 860C        54:          LDAA     #$0C              FF
                 55:          ;JSR     LSTC              Final form
18B4 BD24AB      56:          JSR      LSTC
  18B7           57: ENDALL   ;JSR     EXIT              GET OUT
18B7 BD2B55      58:          JSR      EXIT
                 59: *
18BA BE013B      60: END:1    LDS      STACK$            WIND BACK STACK
                 61:          ;JSR      P2INIT
18BD BD1ACC      62:          JSR      P2INIT
                 63:          ;JSR      PNCSET            SET UP BINARY FOR OUTPUT
18C0 BD2775      64:          JSR      PNCSET
                 65:          ;JSR     ZAPCHN            TURN ALL SYMS INTO FORWARD REFS.
18C3 BD1A08      66:          JSR      ZAPCHN
                 67:          ;JMP      LOOP1             AND GO DO PASS 2
18C6 7E072D      68:          JMP      LOOP1
                 69: 




ASM/6800 1.3H4: 18C9 ASM/6800 1.4       - - - D I R E C T I V E   P R O C E S S I N G - - -
08/16/82 00:00:00; Page 167; Form 33    - - - E N D : - - -
ASM14A.MAIN.ASM
18C9 9654        71: SACHECK  LDAA     PASS              Pass 2 ?
18CB 272A        72:          BEQ      SACHECKRTS        B/No
18CD 9695        73:          LDAA     EOFF              End of input file ?
18CF 2621        74:          BNE      SACHECK2          B/Yes
                 75:          ;JSR     EVNUL             Eat a start address (?)
18D1 BD13A9      76:          JSR      EVNUL
18D4 2521        77:          BCS      SACHECKRTS        B/No start address expression
18D6 7D18FE      78:          TST      SADDRFLG          ;Any previous start address ?
18D9 270B        79:          BEQ      SACHECK1          ;B/No
                 80:          ;LDX     VAL               Zero start address ?
18DB DE5F        81:          LDX      VAL
18DD 2719        82:          BEQ      SABOMB            B/Yes, error
18DF BC18FC      83:          CPX      SADDR             = Previous start address
18E2 2614        84:          BNE      SABOMB            ;B/No, this is an error
18E4 2011        85:          BRA      SACHECKRTS        ;Yes, ok
                 86: 
  18E6           87: SACHECK1 ;LDX     VAL               ;Val = 0?
18E6 DE5F        88:          LDX      VAL
18E8 270E        89:          BEQ      SABOMB            ;B/Yes, error
18EA FF18FC      90:          STX      SADDR             ;No, save start address
                 91:          ;COM     SADDRFLG          Flag SADDR set
18ED 7318FE      92:          COM      SADDRFLG
18F0 2005        93:          BRA      SACHECKRTS
                 94: 
  18F2           95: SACHECK2 ;LDX     SADDR             ;Force value = Start address
18F2 FE18FC      96:          LDX      SADDR
18F5 DF5F        97:          STX      VAL
                 98: 
  18F7           99: SACHECKRTS
18F7 39         100:          RTS
                101: 
  18F8          102: SABOMB   ;JSR     SAERR             Mark error
18F8 BD08AF     103:          JSR      SAERR
18FB 39         104:          RTS
                105: 
                106: 
18FC 0000       107: SADDR    FDB      0                 Start address
18FE 00         108: SADDRFLG FCB      0                 Set flag




ASM/6800 1.3H4: 18FE ASM/6800 1.4       - - - D I R E C T I V E   P R O C E S S I N G - - -
08/16/82 00:00:00; Page 168; Form 34    - - - S U M M A R Y - - -
ASM14A.MAIN.ASM
                  2: *
                  3: * SUMM
                  4: *        CALLED AT END OF PASS 2 TO OUTPUT MISCELLANEOUS
                  5: *        SUMMARY INFORMATION. PRINTS OUT # OF ERRORS, ERROR LINES
                  6: *
  18FF            7: SUMM     EQU      *
                  8:          ;CLR     SBTTBF            Reset sub-title buffer
18FF 7F2FCC       9:          CLR      SBTTBF
                 10:          ;INC     DOCOPY            COPY ALL THIS STUFF TO CONS
1902 7C0084      11:          INC      DOCOPY
  0001           12:          IF       ERRLINES=1
1905 8D75        13:          BSR      PRTLNS            PRINT THE ERROR LINES
                 14:          FIN
                 15:          ;JSR     CRLF              SPACE BETWEEN THIS AND THE NUMBER OF ERRORS
1907 BD24CA      16:          JSR      CRLF
                 17:          ;JSR      CRLF
190A BD24CA      18:          JSR      CRLF
                 19:          ;LDX     #STARS            PUT OUT SOME STARS,
190D CE24A0      20:          LDX      #STARS
                 21:          ;JSR     PTTL              NOT TOO HARD.
1910 BD2650      22:          JSR      PTTL
1913 D68D        23:          LDAB     ERRC
1915 2727        24:          BEQ      SUMM1             B/NO ERRORS
                 25:          ;CMPB    #1                ONE ERROR ONLY?
1917 C101        26:          CMPB     #1
1919 2728        27:          BEQ      SUMMONE             B/ THEN TELL HIM GRAMMATICALLY.
                 28:          ;CMPB    #$99              HIT MAX?
191B C199        29:          CMPB     #$99
191D 2606        30:          BNE      NAT               NO - HOW DULL
                 31:          ;LDX     #ATLEAST          LOAD FUNNY MESSAGE
191F CE195D      32:          LDX      #ATLEAST
                 33:          ;JSR     PTTL
1922 BD2650      34:          JSR      PTTL
  1925           35: NAT      EQU      *
1925 4F          36:          CLRA
1926 D68D        37:          LDAB     ERRC              LOAD ERR AGAIN IN CASE THAT WE LOST IT
                 38:          ;JSR      PTNL
1928 BD2668      39:          JSR      PTNL
                 40:          ;LDX      #CERR
192B CE194A      41:          LDX      #CERR




ASM/6800 1.3H4: 192B ASM/6800 1.4       - - - D I R E C T I V E   P R O C E S S I N G - - -
08/16/82 00:00:00; Page 169; Form 34    - - - S U M M A R Y - - -
ASM14A.MAIN.ASM
  192E           42: SUMM0    ;JSR      PTTL
192E BD2650      43:          JSR      PTTL
1931 8607        44:          LDAA     #7                GET A BELL
                 45:          ;JSR     PUTC              PRINT IT OUT
1933 BD2A26      46:          JSR      PUTC
                 47:          ;CLR     DOCOPY                 DON'T COPY TO CONS ANY MORE
1936 7F0084      48:          CLR      DOCOPY
1939 860C        49:          LDAA     #$0C              ;=Form feed
                 50:          ;JMP     TOLO              ;Output extra Form
193B 7E24CC      51:          JMP      TOLO
                 52: *
  193E           53: SUMM1    ;LDX      #CERRN
193E CE1948      54:          LDX      #CERRN
1941 20EB        55:          BRA      SUMM0
                 56: *
  1943           57: SUMMONE  ;LDX     #ONEERR           GRAB A MSG,
1943 CE1967      58:          LDX      #ONEERR
1946 20E6        59:          BRA      SUMM0               AND PUT IT OUT.
                 60: *
1948 4E6F        61: CERRN    FCC      /No/
194A 20417373    62: CERR     FCC      / Assembly Errors./
195B 0D00        63:          FCB      $D,0
                 64: *
195D 4174204C    65: ATLEAST  FCC      /At Least /
1966 00          66:          FCB      0
                 67: *
1967 4F6E6520    68: ONEERR   FCC      /One Assembly Error./
197A 0D00        69:          FCB      $D,0




ASM/6800 1.3H4: 197A ASM/6800 1.4       - - - D I R E C T I V E   P R O C E S S I N G - - -
08/16/82 00:00:00; Page 170; Form 35    - - - P R I N T   E R R O R   L I N E S - - -
ASM14A.MAIN.ASM
  0001            2:          IF       ERRLINES=1
                  3: *
                  4: * GET ERRCHAIN AND PRINT ALL THE GARBAGE ON IT UNTIL WE RUN OUT
                  5: *        OF STUFF TO PRINT.
                  6: *
197C 96BA         7: PRTLNS   LDAA     OPTF              WANTS ERRORS?
197E 8580         8:          BITA     #OPT:EL           WANTS ERR LINES?
1980 2737         9:          BEQ      PRTLNS%           FOOL!
1982 D68D        10:          LDAB     ERRC              SEE IF ANY ERRORS TO LIST
1984 2733        11:          BEQ      PRTLNS%           IF NOT, DON'T BOTHER
                 12:          ;JSR     EJECT             POOF
1986 BD1561      13:          JSR      EJECT
                 14:          ;LDX     #ERRHDR           WARN HIM OF WHAT WE ARE GOING TO DO
1989 CE19FA      15:          LDX      #ERRHDR
                 16:          ;JSR     PTTL
198C BD2650      17:          JSR      PTTL
                 18:          ;LDX     INCLHEAD          Get head of include-file blocks;
198F DEA3        19:          LDX      INCLHEAD
1991 DF50        20: PRTLNS0  STX      SORTAIL           SAVE IN HANDY (UNUSED) PLACE.
1993 2724        21:          BEQ      PRTLNS%             B/ LAST INCLUDE BLOCK PROCESSED.
                 22:          ;LDX     INCLB:ERRCHN,X    LOAD POINTER TO THIS FILE'S ERROR CHAIN.
1995 EE02        23:          LDX      INCLB:ERRCHN,X
1997 271A        24:          BEQ      PRTLNS1             B/ NO ERRORS HERE:  TRY NEXT.
1999 DF88        25:          STX      ERRCHAIN          OK -- SET UP ERRCHAIN,
                 26:          ;JSR     CRLF                HOSE OUT A CR,
199B BD24CA      27:          JSR      CRLF
                 28:          ;LDX     SORTAIL           ***PRINT OUT FILE NAME***
199E DE50        29:          LDX      SORTAIL
19A0 E60F        30:          LDAB     INCLB:LEN,X         B:= LEN(NAME).
19A2 A610        31: PRTLNS2  LDAA     INCLB:TEXT,X        A:= CHARACTER.
19A4 08          32:          INX
19A5 DF34        33:          STX      TPTR              SAVE POINTER FOR A SEC.
19A7 37          34:          PSHB                        AND COUNTER TOO
                 35:          ;JSR     PUTLO
19A8 BD24F0      36:          JSR      PUTLO
19AB 33          37:          PULB
                 38:          ;LDX     TPTR
19AC DE34        39:          LDX      TPTR
19AE 5A          40:          DECB                         ARE WE DONE?
19AF 26F1        41:          BNE      PRTLNS2             B/ N.




ASM/6800 1.3H4: 19AF ASM/6800 1.4       - - - D I R E C T I V E   P R O C E S S I N G - - -
08/16/82 00:00:00; Page 171; Form 35    - - - P R I N T   E R R O R   L I N E S - - -
ASM14A.MAIN.ASM
                 42: 
                 43: **** OUTPUT THE ERROR CHAIN ****
19B1 8D07        44:          BSR      NERRLN
                 45: 
                 46: **** TRY NEXT INCLB ****
  19B3           47: PRTLNS1  ;LDX     SORTAIL           GET @/ CURRENT BLOCK;
19B3 DE50        48:          LDX      SORTAIL
                 49:          ;LDX     INCLB:NEXT,X        GET @/NEXT;
19B5 EE00        50:          LDX      INCLB:NEXT,X
19B7 26D8        51:          BNE      PRTLNS0             B/ DO ANOTHER.
19B9 39          52: PRTLNS% RTS
                 53: 
                 54: **** DUMP ERROR CHAIN ****
  19BA           55: NERRLN   ;JSR     CRLF              SPACE ONCE
19BA BD24CA      56:          JSR      CRLF
  19BD           57: NERR     ;LDX     ERRCHAIN          GET THE NEXT ENTRY TO PRINT
19BD DE88        58:          LDX      ERRCHAIN
19BF 2765        59:          BEQ      ERFIN             IF NULL - WE DONE
19C1 D6A9        60:          LDAB     COLNO             GET COLUMN # FOR SPACING,
19C3 37          61:          PSHB                         AND SAVE FOR LATER.
19C4 A602        62:          LDAA     2,X               LD FPGE OF ERROR
19C6 E603        63:          LDAB     3,X               DITTO
                 64:          ;JSR     PTNLB             SPIT IT OUT
19C8 BD266D      65:          JSR      PTNLB
19CB 862D        66:          LDAA     #'-               PUT OUT A DASH
                 67:          ;JSR     LSTC
19CD BD24AB      68:          JSR      LSTC
                 69:          ;LDX     ERRCHAIN          GET PTR BACK
19D0 DE88        70:          LDX      ERRCHAIN
19D2 A604        71:          LDAA     4,X               LOAD LINE # OF ERROR
19D4 E605        72:          LDAB     5,X
                 73:          ;LDX     0,X               GET LINK TO NEXT ERR ENTRY
19D6 EE00        74:          LDX      0,X
19D8 DF88        75:          STX      ERRCHAIN
                 76:          ;JSR     PTNL              PRT LINE #
19DA BD2668      77:          JSR      PTNL
19DD D6A9        78:          LDAB     COLNO             GET COLUMN #,
19DF 32          79:          PULA                         GET STARTING COLUMN NUMBER,
19E0 10          80:          SBA                          AND SEE HOW MANY SPACES TO PRINT.
19E1 8B0A        81:          ADDA     #10               ALLOWING 10 CHARACTERS PER COLUMN,




ASM/6800 1.3H4: 19E3 ASM/6800 1.4       - - - D I R E C T I V E   P R O C E S S I N G - - -
08/16/82 00:00:00; Page 172; Form 35    - - - P R I N T   E R R O R   L I N E S - - -
ASM14A.MAIN.ASM
19E3 16          82:          TAB                          B NOW CONTAINS NUMBER OF SPACES TO PRINT BEFORE
                 83:          ;CMPB    #10               MAKE IDIOT CHECK,
19E4 C10A        84:          CMPB     #10
19E6 2208        85:          BHI      NERR1               B/ DUMBER THAN I THOUGHT.
                 86: 
19E8 8620        87: NERR0    LDAA     #BLANK            HOSE OUT A BLANK
                 88:          ;JSR     LSTCP               BUT DONT CHANGE B!
19EA BD24A6      89:          JSR      LSTCP
19ED 5A          90:          DECB                         BECAUSE I WANT IT
19EE 2EF8        91:          BGT      NERR0             SO I KNOW WHEN TO STOP.
                 92: 
  19F0           93: NERR1    EQU      *
19F0 96A9        94:          LDAA     COLNO             CAN WE FIT ANOTHER?
19F2 8B0A        95:          ADDA     #10
                 96:          ;CMPA    WIDTH             WELL?
19F4 91B2        97:          CMPA     WIDTH
19F6 23C5        98:          BLS      NERR              IF SO, DO IT
19F8 20C0        99:          BRA      NERRLN            GET NEW LINE OTHERWISE
                100: *
                101: *
19FA 4572726F   102: ERRHDR   FCC      /Error Lines:/
1A06 0D00       103:          FCB      $D,0
                104: *
                105:          FIN




ASM/6800 1.3H4: 1A06 ASM/6800 1.4       - - - D I R E C T I V E   P R O C E S S I N G - - -
08/16/82 00:00:00; Page 173; Form 36    - - - Z A P C H N - - -
ASM14A.MAIN.ASM
                  2: *
                  3: * ZAPCHN
                  4: *        CALLED AT END OF PASS 1 TO TURN ALL SYMBOLS INTO FORWARD
                  5: *        REFERENCES.  DOESN'T REALLY DO TOO MUCH.
                  6: *
  1A08            7: ZAPCHN   EQU      *
1A08 C680         8:          LDAB     #HASH:M+1         GET NUMBER OF BUCKETS,
                  9:          ;LDX     #HSHTBL-S:NEXT    GET BASE POINTER,
1A0A CE308D      10:          LDX      #HSHTBL-S:NEXT
1A0D DF34        11: ZAPCHN0  STX      TPTR                AND SAVE FOR LATER.
  1A0F           12: ZAPCHN1  ;LDX     S:NEXT,X          GET POINTER TO NEXT BLOCK,
1A0F EE00        13:          LDX      S:NEXT,X
1A11 270C        14:          BEQ      ZAPCHN2             B/ HIT END OF THIS HASH CHAIN.
1A13 A604        15:          LDAA     S:TYPE,X          SET TYPE TO TYPE!T:FREF.
1A15 8520        16:          BITA     #T:SPEC           Special symbol ?
1A17 26F6        17:          BNE      ZAPCHN1           B/Yes
1A19 8A01        18:          ORAA     #T:FREF
1A1B A704        19:          STAA     S:TYPE,X
1A1D 20F0        20:          BRA      ZAPCHN1           DO THIS FOR ENTIRE CHAIN.
  1A1F           21: ZAPCHN2  ;LDX     TPTR              HIT END OF ONE CHAIN, MOVE
1A1F DE34        22:          LDX      TPTR
                 23:          ;LEAX    2,X                 ON TO THE NEXT.
  0000           24:          IF       2<0
 *S*             25:          RPT      -2
 *S*             26:          DEX
                 27:          ELSE
  0002           28:          RPT      2
1A21 08          29:          INX
                 30:          FIN
1A23 5A          31:          DECB                       REDUCE LOOP COUNTER,
1A24 26E7        32:          BNE      ZAPCHN0             B/ GO ON IF ANY ARE LEFT.
1A26 39          33: ERFIN,EDONE RTS                     ELSE, ALL DONE.




ASM/6800 1.3H4: 1A26 ASM/6800 1.4       - - - D I R E C T I V E   P R O C E S S I N G - - -
08/16/82 00:00:00; Page 174; Form 37    - - - A L L   P A S S   I N I T - - -
ASM14A.MAIN.ASM
                  2: *
                  3: *
                  4: * PINIT
                  5: *        DOES ALL INITIALIZATION REQUIRED AT THE START OF
                  6: *        AN ASSEMBLY PASS.  CLEARS PAGE ZERO BETWEEN PVARZ
                  7: *        AND PVARE, SETS LISTING FLAGS, INITIALIZES PAGE NUMBER AND
                  8: *        PAGE IN FILE.  FORCES RPTF TO -1.  
                  9: *
                 10: *
  1A27           11: PINIT    ;LDX      #PVARZ
1A27 CE0084      12:          LDX      #PVARZ
  1A2A           13: PIN1     ;CLR      0,X
1A2A 6F00        14:          CLR      0,X
1A2C 08          15:          INX
1A2D 8C009F      16:          CPX      #PVARE
1A30 26F8        17:          BNE      PIN1
                 18: *
                 19:          ;LDX      #-1
1A32 CEFFFF      20:          LDX      #-1
1A35 DFA1        21:          STX      RPTF
                 22: *
1A37 8650        23:          LDAA     #LLDFLT           SET DEFAULT LISTING FLAGS.  SETS
                 24:                                     ;  A DEFAULT OF:
                 25:                                     ; PCC 0    (NOT LL:PCC)
                 26:                                     ; PSR 1  (LL:SKIP)
                 27:                                     ; PCA 1      ( LL:PCA)
                 28:                                     ; PGEN 0     (NOT LL:PGEN)
                 29:                                     ; IF YOU WANT DIFFERENT DEFAULTS, 
                 30:                                     ; CHANGE THE CONSTANT BEING LOADED.
1A39 D6BA        31:          LDAB     OPTF
1A3B 53          32:          COMB
1A3C C50A        33:          BITB     #OPT:LO!OPT:LST   ARE BOTH ON?
1A3E 2602        34:          BNE      PIN2
1A40 8A01        35:          ORAA     #LL:LIST
1A42 97A0        36: PIN2     STAA     LIST:P
                 37:          ;LDX      #1                INITIALIZE PAGE
1A44 CE0001      38:          LDX      #1
1A47 DF93        39:          STX      PAGEN
1A49 09          40:          DEX                        <<X := 0>>
1A4A DF8F        41:          STX      FPGE              AND PAGE IN FILE.




ASM/6800 1.3H4: 1A4A ASM/6800 1.4       - - - D I R E C T I V E   P R O C E S S I N G - - -
08/16/82 00:00:00; Page 175; Form 37    - - - A L L   P A S S   I N I T - - -
ASM14A.MAIN.ASM
                 42: *
                 43:          ;LDX     #TABTB:           INITIALIZE TABS TO DEFAULT
1A4C CE253A      44:          LDX      #TABTB:
1A4F DFB4        45:          STX      TABTBL            SAVE AWAY
                 46: *
                 47:          ;LDX     #INFLINK          SET PTR FOR CONS LINES
1A51 CE003E      48:          LDX      #INFLINK
1A54 DF85        49:          STX      INLLINK
1A56 39          50:          RTS




ASM/6800 1.3H4: 1A56 ASM/6800 1.4       - - - D I R E C T I V E   P R O C E S S I N G - - -
08/16/82 00:00:00; Page 176; Form 38    - - - P A S S    1    I N I T I A L I Z A T I O N - - -
ASM14A.MAIN.ASM
                  2: *
                  3: * P1INIT
                  4: *        DOES ALL INITIALIZATION FOR BEGINNING OF ASSEMBLY.  CLEARS ALL
                  5: *        OF PAGE ZERO TO ZERO, CLEARS ALL OF THE DATA AREA (DATBEG TO 
                  6: *        DATEND) TO ZERO. GETS AND OF MEMORY AND STORES IT IN STPTR.
                  7: *        OTHER INITIAL VALUES FOR PAGE
                  8: *        ZERO ARE COPIED IN FROM THE TABLE PZ1I: THROUGH PZ1E:.  THESE VALUES
                  9: *        ARE TRANSFERRED TO THE RANGE PZ1I THROUGH PZ1E.  THE BINARY BUFFER POINTER
                 10: *        IS THEN INITIALIZED SEPARATELY (FOR REASONS THAT ARE PURELY HISTORICAL); 
                 11: *        WE THEN CALL GETOPT TO READ OPTIONS FROM THE USER.
                 12: *
  1A57           13: P1INIT   ;LDX     #PZBASE
1A57 CE0020      14:          LDX      #PZBASE
  1A5A           15: P1I1     ;CLR     0,X               ZERO $0 --> $FF
1A5A 6F00        16:          CLR      0,X
1A5C 08          17:          INX
1A5D 8C00C5      18:          CPX      #PZEND
1A60 26F8        19:          BNE      P1I1
                 20: *
                 21:          ;LDX     #DATBEG           ZERO DATA AREAS
1A62 CE2F21      22:          LDX      #DATBEG
  1A65           23: P1I2     ;CLR     0,X
1A65 6F00        24:          CLR      0,X
1A67 08          25:          INX
1A68 8C329D      26:          CPX      #DATEND
1A6B 26F8        27:          BNE      P1I2
                 28: *
                 29:          ;LDX     IOPKGBASE         LOAD FIRST UNUSABLE LOCATION
1A6D DEFC        30:          LDX      IOPKGBASE
                 31: *
1A6F 09          32:          DEX
1A70 DFAC        33:          STX      STPTR             TBL GROWS DOWN!!!
                 34: *
                 35: *  COPY IN INITIAL VALUES.
                 36: *
                 37:          ;LDX     #PZ1I
1A72 CE00AE      38:          LDX      #PZ1I
1A75 DF34        39:          STX      TPTR
                 40:          ;LDX     #PZ1I:
1A77 CE1ABC      41:          LDX      #PZ1I:




ASM/6800 1.3H4: 1A77 ASM/6800 1.4       - - - D I R E C T I V E   P R O C E S S I N G - - -
08/16/82 00:00:00; Page 177; Form 38    - - - P A S S    1    I N I T I A L I Z A T I O N - - -
ASM14A.MAIN.ASM
                 42: *
1A7A A600        43: P1I5     LDAA     0,X
1A7C 08          44:          INX
1A7D DF36        45:          STX      TPTR1
                 46:          ;LDX     TPTR
1A7F DE34        47:          LDX      TPTR
1A81 A700        48:          STAA     0,X
1A83 08          49:          INX
1A84 DF34        50:          STX      TPTR
                 51:          ;LDX     TPTR1
1A86 DE36        52:          LDX      TPTR1
1A88 8C1ACC      53:          CPX      #PZ1E:
1A8B 26ED        54:          BNE      P1I5
                 55: *
                 56:          ;JSR     MCSYMINT          Setup symbols M6800, M6801, M6809
1A8D BD1ADD      57:          JSR      MCSYMINT
                 58:          ;LDX     #BBST
1A90 CE3035      59:          LDX      #BBST
1A93 DFBE        60:          STX      BBPTR
                 61:          ;JSR     SETDATIM          GO SET THE DAY AND TIME IN THE BUFF
1A95 BD2545      62:          JSR      SETDATIM
                 63:          ;DEC     INCLVL            ORIGINAL SOURCE LEVEL IS -1
1A98 7A009C      64:          DEC      INCLVL
                 65:          ;DEC     INCLNUM
1A9B 7A009D      66:          DEC      INCLNUM
                 67:          ;JSR     GETOPT
1A9E BD2A5F      68:          JSR      GETOPT
1AA1 96BA        69:          LDAA     OPTF              DO WE HAVE
1AA3 8502        70:          BITA     #OPT:LO            A LISTING OUTPUT FILE?
1AA5 270F        71:          BEQ      P1I7              B/NONE
1AA7 C602        72:          LDAB     #LO               LO CHANNEL
                 73:          ;JSR     GETWD$            GET WIDTH AND DEPTH
1AA9 BD0114      74:          JSR      GETWD$
1AAC 4D          75:          TSTA                       GOT A WIDTH?
1AAD 2702        76:          BEQ      P1I6              B/NO
1AAF 97B2        77:          STAA     WIDTH             YES - UPDATE
1AB1 5D          78: P1I6     TSTB                       GOT A DEPTH?
1AB2 2702        79:          BEQ      P1I7              B/NO
1AB4 D7B3        80:          STAB     DEPTH             YES - UPDATE
  1AB6           81: P1I7     EQU      *




ASM/6800 1.3H4: 1AB4 ASM/6800 1.4       - - - D I R E C T I V E   P R O C E S S I N G - - -
08/16/82 00:00:00; Page 178; Form 38    - - - P A S S    1    I N I T I A L I Z A T I O N - - -
ASM14A.MAIN.ASM
                 82: 
                 83: **** INITIALIZE BINARY FILE POINTER ****
1AB6 8605        84:          LDAA     #5                Rest of filepointer is zero after
1AB8 B7308B      85:          STAA     CURREC+R$FILEBASE+3    initialization.
1ABB 39          86:          RTS
                 87: 
                 88: **** Page zero initial values ****
1ABC 319C        89: PZ1I:    FDB      IBUFI             INBUF
1ABE 329B        90:          FDB      INBUFE:           INBUFE
1AC0 84          91:          FCB      DWIDTH            WIDTH (WIDTH OF LISTING PAGE IN COLUMNS)
1AC1 42          92:          FCB      DDEPTH            DEPTH (FORM DEPTH IN LINES)
1AC2 253A        93:          FDB      TABTB:            TABTBL (ADDRESS OF TAB TABLE)
1AC4 318D        94:          FDB      LBBEG:            LBBEG (ADDRESS OF LISTING BUFFER)
1AC6 3199        95:          FDB      EOLBF:            EOLBF (END OF LISTING BUFFER)
1AC8 C8          96:          FCB      OPTDFLT           OPTF (DEFAULT OPTIONS)
1AC9 01          97:          FCB      OPT1DFLT          OPT1F (SECONDARY DEFAULT OPTIONS)
1ACA 329D        98:          FDB      ASMEND            STLOW (LOW ADDRESS OF FREE SPACE)
  1ACC           99: PZ1E:     EQU     *
                100: 
  0000          101:          IF       (PZ1E:-PZ1I:)#(PZ1E-PZ1I)
 *S*            102: PZ1E:    EQU      PZ1E              MAKE ME AN ERROR, BWANA TERRY.
                103:          FIN                        (CODER, CHECK THYSELF)




ASM/6800 1.3H4: 1ACA ASM/6800 1.4       - - - D I R E C T I V E   P R O C E S S I N G - - -
08/16/82 00:00:00; Page 179; Form 39    - - - P A S S   2   I N I T I A L I Z A T I O N - - -
ASM14A.MAIN.ASM
                  2: *
                  3: * P2INIT
                  4: *        INITIALIZATION ROUTINE FOR BEGINNING PASS 2.
                  5: *        CLEARS PC, SETS PASS TO 1 AND EXITS.
                  6: *
  1ACC            7: P2INIT   EQU      *
1ACC 4F           8:          CLRA
1ACD 9796         9:          STAA     PC
1ACF 9797        10:          STAA     PC+1
1AD1 4C          11:          INCA
1AD2 9754        12:          STAA     PASS
1AD4 96BA        13:          LDAA     OPTF              ; RESET ALL THE VARIOUS OPTIONS THAT
1AD6 84CE        14:          ANDA     #\(OPT:LN!OPT:MCM!OPT:LF)      ; DONT WANT TO
1AD8 97BA        15:          STAA     OPTF              ; BE CARRIED ACROSS PASSES.
                 16:          ;JMP     REWSI             REWIND THE SI DEVICE AND GET OUT
1ADA 7E2A05      17:          JMP      REWSI




ASM/6800 1.3H4: 1ADA ASM/6800 1.4       - - - D I R E C T I V E   P R O C E S S I N G - - -
08/16/82 00:00:00; Page 180; Form 40    - - - S P E C I A L   S Y M B O L   S E T U P - - -
ASM14A.MAIN.ASM
                  2: *
                  3: *
  1ADD            4: MCSYMINT
                  5:          ;LDX     #SYM6800
1ADD CE2E80       6:          LDX      #SYM6800
1AE0 8D0B         7:          BSR      SYMZIP            Setup M6800
                  8:          ;LDX     #SYM6809
1AE2 CE2E96       9:          LDX      #SYM6809
1AE5 8D06        10:          BSR      SYMZIP            Setup M6809
                 11:          ;LDX     #SYM6801
1AE7 CE2E8B      12:          LDX      #SYM6801
1AEA 8D01        13:          BSR      SYMZIP            Setup M6801
1AEC 39          14:          RTS
                 15: 
1AED DF38        16: SYMZIP   STX      SYMPT             Save pointer
                 17:          ;JSR     REHASH            Hash symbol into symbol table
1AEF BD2DF0      18:          JSR      REHASH
1AF2 39          19:          RTS
                110:          END      ;UNEXPECTED EOF
                  0:          INCLUDE  ASM14A.EVAL.ASM




ASM/6800 1.3H4: 1AF2 ASM/6800 1.4       - - - E X P R E S S I O N S - - -
08/16/82 00:00:00; Page 181; Form 1     - - - E X P R E S S I O N   E V A L U A T I O N - - -
ASM14A.EVAL.ASM
                  3: *    E X P R E S S I O N   E V A L U A T I O N
                  4: *
                  5: *
                  6: *  EVAL --
                  7: *
                  8: *        EATS EXP POINTED TO BY EXPTR.
                  9: *
                 10: *  EVAF --
                 11: *
                 12: *        EATS EXP POINTED TO BY AFPTR.  IF AFPTR IS ZERO, RETURNS
                 13: *        XTYPE:=0, VAL:=0.
                 14: *
                 15: *  THE FOLLOWING OPERATORS ARE RECOGNIZED:
                 16: *
                 17: *        DYADIC   MONADIC           WIERD
                 18: *        ------   -------           -----
                 19: *         +         +                 (
                 20: *         -         -                 )
                 21: *         *         \ (LOG. COMP)
                 22: *         /         & (TEST INV.)
                 23: *        ## (SHIFT)
                 24: *         !
                 25: *         &
                 26: *         !!
                 27: *         //  (COVERED QUOTIENT)
                 28: *         \   (REMAINDER)
                 29: *         #   (.NE.)
                 30: *         <   (.LT.)
                 31: *         >   (.GT.)
                 32: *         <=  (.LE.)
                 33: *         =<  (.LE.)
                 34: *         >=  (.GE.)
                 35: *         =>  (.GE.)
                 36: *         =   (.EQ.)
                 37: *         <<  (.LO.)
                 38: *         >>  (.HI.)
                 39: *         \<  (.LS.)
                 40: *         >/  (.HS.)
                 41: *




ASM/6800 1.3H4: 1AF2 ASM/6800 1.4       - - - E X P R E S S I O N S - - -
08/16/82 00:00:00; Page 182; Form 2     - - - E X P R E S S I O N   E V A L U A T I O N - - -
ASM14A.EVAL.ASM
                  1: *   PRECEDENCE:
                  2: *   -----------
                  3: *
                  4: *   1.   UNARY  +,-,\,&
                  5: *   2.   ##
                  6: *   3.   *,/,//,\
                  7: *   4.   +,-
                  8: *   5.   RELATIONALS
                  9: *   6.   &,!,!!
                 10: *




ASM/6800 1.3H4: 1AF2 ASM/6800 1.4       - - - E X P R E S S I O N S - - -
08/16/82 00:00:00; Page 183; Form 3     - - - E X P R E S S I O N   E V A L U A T I O N - - -
ASM14A.EVAL.ASM
                  2: *20*
                  3: *
                  4: *  OBJECTS:
                  5: *  --------
                  6: *
                  7: *        1.  SYMBOLS (START W/ A-Z;  CONTAIN A-Z, 0-9, :, %, $, @
                  8: *        2.  $XXXXX  (HEX NUMBER)
                  9: *        3.  @OOOOO  (OCTAL NUMBER)
                 10: *        4.  %BBBBB  (BINARY NUMBER)
                 11: *        5.  DDDDDD  (DECIMAL NUMBER)
                 12: *        6.  "CC"    (STRING)
                 13: *        7.  'C      (ASCII CHARACTER)
                 14: *        8.  DXXXXH  (HEX NUMBER)
                 15: *        9.  00000O  (OCTAL NUMBER)
                 16: *       10.  00000Q  (OCTAL NUMBER)
                 17: *       11.  00000B  (BINARY NUMBER)
                 18: *




ASM/6800 1.3H4: 1AF2 ASM/6800 1.4       - - - E X P R E S S I O N S - - -
08/16/82 00:00:00; Page 184; Form 4     - - - E V A F  /  E V A L - - -
ASM14A.EVAL.ASM
                  2: *47*
                  3: *
                  4: * EVAF
                  5: *        EVALUATE AF IF NO AF - SYNTAX ERROR
                  6: *
                  7: * AFPTR PTS TO THING TO EVAL
                  8: *
  1AF3            9: EVAF     ;LDX      AFPTR             GET POINTER,
1AF3 DE26        10:          LDX      AFPTR
1AF5 DF28        11: EVAFX    STX      EXPTR             AND SHOVE IT.
1AF7 2705        12:          BEQ      EVAF9             B/ NOTHING TO DO...
                 13:          ;CLR      RJOBJ             NO REJECTED OBJECT
1AF9 7F005C      14:          CLR      RJOBJ
1AFC 200A        15:          BRA      EVAF1             B/ POINTER IS GOOD; EVAL EXP.
1AFE 4F          16: EVAF9    CLRA                       ZERO A BUNCH'A CELLS.
1AFF 975F        17:          STAA     VAL               LIKE, VALUE,
1B01 9760        18:          STAA     VAL+1               SECOND BYTE,
1B03 9759        19:          STAA     XTYPE               EXPRESSION TYPE.
                 20:          ;JMP     ILLAF             SYN ERR IF NO AF
1B05 7E086B      21:          JMP      ILLAF
                 22: *
  1B08           23: EVAF1    ;JSR     GNOBJ             PEEK AT FIRST TOKEN.
1B08 BD1E2C      24:          JSR      GNOBJ
                 25:          ;INC     RJOBJ               (I SHOULD'A PUT IN A PEEK-NEXT.)
1B0B 7C005C      26:          INC      RJOBJ
                 27:          ;CMPA    #O:TERM           IS ANYTHING HERE TO EVALUATE?
1B0E 8106        28:          CMPA     #O:TERM
1B10 27EC        29:          BEQ      EVAF9               B/ NO.  ERROR, CLEAR VALUE AND SPLIT.
                 30: 
1B12 8D10        31:          BSR      EVAL              OK.  GO SEE WHAT HAPPENS.
1B14 7D009F      32:          TST      EVAFBIAS          Bias evaluator output?
1B17 2708        33:          BEQ      EVAF3             B/No
                 34:          ;LDX     VAL
1B19 DE5F        35:          LDX      VAL
1B1B 08          36:          INX                        Bias expression value by +1
1B1C DF5F        37:          STX      VAL
                 38:          ;CLR     EVAFBIAS          Reset bias flag
1B1E 7F009F      39:          CLR      EVAFBIAS
  1B21           40: EVAF3    ;LDX      EXPTR             GET EXPRESSION POINTER,
1B21 DE28        41:          LDX      EXPTR




ASM/6800 1.3H4: 1B23 ASM/6800 1.4       - - - E X P R E S S I O N S - - -
08/16/82 00:00:00; Page 185; Form 4     - - - E V A F  /  E V A L - - -
ASM14A.EVAL.ASM
1B23 39          42: EVRTS    RTS                        AND GO HOME.
                 43: *
                 44: *
1B24 8D28        45: EVAL     BSR      EXP               EVALUATE THE EXPRESSION.
                 46:          ;JSR      GNOBJ             GET THE TRAILING OBJECT
1B26 BD1E2C      47:          JSR      GNOBJ
                 48:          ;INC      RJOBJ             AND REJECT IT.
1B29 7C005C      49:          INC      RJOBJ
                 50:          ;CMPA     #O:TERM           IS IT A TERMINATOR?
1B2C 8106        51:          CMPA     #O:TERM
1B2E 27F3        52:          BEQ      EVRTS             B/ YES:  THIS IS OK.
                 53:          ;JMP      SYNTAX            ELSE FLAG ERROR.
1B30 7E0867      54:          JMP      SYNTAX




ASM/6800 1.3H4: 1B30 ASM/6800 1.4       - - - E X P R E S S I O N S - - -
08/16/82 00:00:00; Page 186; Form 5     - - - E V A F C T - - -
ASM14A.EVAL.ASM
                  2: *
                  3: * EVAFCT --
                  4: *        FIND AF, EVALUATE IT, AND CROAK IF AF IS A FWD REF, ETC.
                  5: *
  1B33            6: EVAFCT   ;JSR      FINDAF            FIND THE ARG FIELD.
1B33 BD206C       7:          JSR      FINDAF
1B36 8DBB         8:          BSR      EVAF              EVALUATE,
1B38 2002         9:          BRA      ISCTR
                 10: *
                 11: *
                 12: *  E V A L C T
                 13: *                 EVALUATE AND CHECK TYPE
                 14: *
                 15: *  IF TYPE = FREF OR UNDEF THEN GIVE ILL VAL ERR AND
                 16: * RETURN WITH Z#0
                 17: *
                 18: *
                 19: *
  1B3A           20: EVALCT   EQU      *
1B3A 8DE8        21:          BSR      EVAL
                 22: *
                 23: *
                 24: *  I S C T R
                 25: *
                 26: *
1B3C 9659        27: ISCTR    LDAA     XTYPE             GET THE EXPR. TYPE,
1B3E 8505        28:          BITA     #XT:FREF!XT:UNDF  IS IT A FORWARD REF?
1B40 27E1        29:          BEQ      EVRTS             B/ NO ==> ITS OK.
1B42 4F          30:          CLRA                       BAD EXP:
1B43 975F        31:          STAA     VAL               VAL := 0
1B45 9760        32:          STAA     VAL+1
1B47 9759        33:          STAA     XTYPE             REMEMBER TO ZAP THE TYPE TO NICENESS.
                 34:          ;JSR      ILLVAL            *E* ILLEGAL VALUE.
1B49 BD088B      35:          JSR      ILLVAL
1B4C 4C          36:          INCA                       SET CCZ
1B4D 39          37:          RTS                        AND RETURN.




ASM/6800 1.3H4: 1B4D ASM/6800 1.4       - - - E X P R E S S I O N S - - -
08/16/82 00:00:00; Page 187; Form 6     - - - E X P - - -
ASM14A.EVAL.ASM
                  2: *20*
                  3: *
                  4: *   EXP:
                  5: *
                  6: *        THE EXPRESSION EVALUATOR IS A FINITE STATE MACHINE.
                  7: *
                  8: *        ST0:     PUSH OP:BOX; ==> ST1.
                  9: *
                 10: *        ST1:     READ:  O:VAL ==> ST2; O:OP ==> ST4; '( ==> ST5;
                 11: *                        O:TERM ==> ST8.
                 12: *
                 13: *        ST2:     PUSH VALUE;
                 14: *                 READ:  O:OP ==> ST3; O:VAL ==> ERROR; OTHERWISE ST7.
                 15: *
                 16: *        ST3:     IF PRECEDENCE (OP) > PRECEDENCE(STACKED-OP) THEN
                 17: *                    PUSH OP, ==> ST1
                 18: *                 ELSE EXECUTE STACKED-OP, ==> ST3
                 19: *
                 20: *        ST4:     IF OP = * THEN VAL:=PC, ==> ST2
                 21: *                 IF OP = +,-,&,\ THEN MAKE MONADIC OP, ==> ST3
                 22: *                 ELSE SYNTAX ERROR.
                 23: *
                 24: *        ST5:     RECURSIVELY CALL EXP. ==> ST6
                 25: *
                 26: *        ST6:     READ '), ==> ST2
                 27: *
                 28: *        ST7:     SET OP TO OP:EOX, ==>ST3
                 29: *
                 30: *        ST8:     IS STACKED-OP OP:BOX?  YES, VAL:=0, ==> ST7
                 31: *                 NO ==> SYNTAX ERROR.
                 32: *




ASM/6800 1.3H4: 1B4D ASM/6800 1.4       - - - E X P R E S S I O N S - - -
08/16/82 00:00:00; Page 188; Form 7     - - - E X P - - -
ASM14A.EVAL.ASM
                  2: *20*
                  3: *
                  4: *  EXP IS THE ENTRY WHICH SAVES THE STACK POINTER IN FLAMOUT, SO
                  5: *  WE CAN ABORT IN CASE OF ERROR.  THE LEFT PAREN HANDLER CALLS
                  6: *  EXP THROUGH EXP:R.
                  7: *
                  8: *  EXPSE IS THE ABORT EXIT.  IT LOADS THE STACK POINTER FROM
                  9: *  FLAMOUT AND LEAVES VAL AND XTYPE AS THEY STAND.  IT EXITS THRU
                 10: *  THE SYNTAX ERROR REPORTER.
                 11: *
                 12: *
1B4E 9F2A        13: EXP      STS      FLAMOUT           SAVE THE STACK POINTER.
1B50 4F          14:          CLRA                       ZAP A FEW CELLS...
1B51 9759        15:          STAA     XTYPE             EXPRESSION TYPE,
                 16: *
1B53 8611        17: EXP:R    LDAA     #OP:BOX           PUSH BEGINNING OF EXP MARKER.
1B55 36          18:          PSHA
1B56 8D60        19: EXST1    BSR      GNOB:SJ           SORT-JUMP ON NEXT OBJECT
1B58 02          20:          FCB      +O:NUM            NUMBER?
1B59 1B80        21:          FDB      EXST2             NUMBER ==> STATE 2
                 22: *
  0000           23:          DO       STRINGS=1
 *S*             24:          FCB      +O:STR
 *S*             25:          FDB      EXST2S            STRING ==> ST2 (STRING)
                 26:          FIN
                 27: *
1B5B 01          28:          FCB      +O:SYM
1B5C 1B75        29:          FDB      EXST2SY           SYM ==> ST2(SYM)
1B5E 07          30:          FCB      +O:OP
1B5F 1BBE        31:          FDB      EXST4             UNARY OP ==> ST4
1B61 04          32:          FCB      +O:LP
1B62 1BAD        33:          FDB      EXST5             '( ==> ST5
1B64 06          34:          FCB      +O:TERM
1B65 1BD7        35:          FDB      EXST8             TERMINATOR ==> ST8
1B67 00          36:          FCB      0
                 37: *
                 38: * SYNTAX ERROR
1B68 9E2A        39: EXPSE    LDS      FLAMOUT           RESTORE STACK POINTER,
1B6A 4F          40:          CLRA                       CLEAR THE VALUE IF ERROR
1B6B 975F        41:          STAA     VAL




ASM/6800 1.3H4: 1B6D ASM/6800 1.4       - - - E X P R E S S I O N S - - -
08/16/82 00:00:00; Page 189; Form 7     - - - E X P - - -
ASM14A.EVAL.ASM
1B6D 9760        42:          STAA     VAL+1
                 43:          ;INC     RJOBJ             SAY 'I DIDN'T SEE THE LAST OBJECT'
1B6F 7C005C      44:          INC      RJOBJ
                 45:          ;JMP      SYNTAX            AND EXIT GIVING SYNTAX ERROR
1B72 7E0867      46:          JMP      SYNTAX




ASM/6800 1.3H4: 1B72 ASM/6800 1.4       - - - E X P R E S S I O N S - - -
08/16/82 00:00:00; Page 190; Form 8     - - - E X P - - -
ASM14A.EVAL.ASM
                  1: *
                  2: * SAW A STRING:
  0000            3:          DO       STRINGS=1
 *S*              4: EXST2S   EQU      *
 *S*              5:          CLRB                       CLEAR OVERFLOW BYTE...
 *S*              6:          LDAA     STBUF             GET LENGTH OF STRING:
 *S*              7:          ;CMPA     #2                MAXIMUM FOR SIXTEEN BITS,
 *S*              8:          CMPA     #2
 *S*              9:          BLT      EST2S1            B/ ONE CHARACTER.
 *S*             10:          BEQ      EST2S2            B/ TWO CHARACTERS.
 *S*             11:          ;JSR      OVRFLW            *E* STRING IN EXPRESSION TOO LONG
 *S*             12:          JSR      OVRFLW
 *S*             13: EST2S2   LDAA     STBUF+2           GET L(VAL) = STRING(2)
 *S*             14:          LDAB     STBUF+1           MAKE H(VAL) := STRING(1)
 *S*             15:          BRA      EXST21            GO SAVE VALUE.
 *S*             16: * ONE OR NO CHARACTERS...
 *S*             17: EST2S1   LDAA     STBUF+1           H(VAL)=0, L(VAL)= STRING(1)
 *S*             18:          BRA      EXST21            GO SAVE VALUE
                 19:          FIN



                 21: *
                 22: * SAW A SYMBOL:
  1B75           23: EXST2SY  ;JSR      SYMLK             LOOK IT UP.
1B75 BD2149      24:          JSR      SYMLK
1B78 9661        25:          LDAA     TYPE              MERGE TYPE INTO XTYPE.
1B7A 8405        26:          ANDA     #XT:FREF!XT:UNDF    BUT ONLY THESE BITS SHOULD
1B7C 9A59        27:          ORAA     XTYPE               BE CARRIED, AS OTHERWISE THINGS CAN GET
1B7E 9759        28:          STAA     XTYPE               VERY CONFUSED, IN PARTICULAR EQU'S AND SET'S.



                 30: *
                 31: * SAW A VALUE:
1B80 9660        32: EXST2    LDAA     VAL+1             GET VALUE,
1B82 D65F        33:          LDAB     VAL
1B84 36          34: EXST21   PSHA                       A=L(VAL), B=H(VAL)
1B85 37          35:          PSHB
1B86 8D30        36:          BSR      GNOB:SJ          READ AND FORK




ASM/6800 1.3H4: 1B88 ASM/6800 1.4       - - - E X P R E S S I O N S - - -
08/16/82 00:00:00; Page 191; Form 8     - - - E X P - - -
ASM14A.EVAL.ASM
1B88 07          37:          FCB      +O:OP
1B89 1B97        38:          FDB      EXST31            OP ==> TRY AND EXECUTE IT (JUST TRY)
1B8B 02          39:          FCB      +O:NUM
1B8C 1B68        40:          FDB      EXPSE
1B8E 01          41:          FCB      +O:SYM
1B8F 1B68        42:          FDB      EXPSE
                 43: *
  0000           44:          DO       STRINGS=1
 *S*             45:          FCB      +O:STR
 *S*             46:          FDB      EXPSE
                 47:          FIN
                 48: *
1B91 00          49:          FCB      $0




ASM/6800 1.3H4: 1B91 ASM/6800 1.4       - - - E X P R E S S I O N S - - -
08/16/82 00:00:00; Page 192; Form 9     - - - E X P - - -
ASM14A.EVAL.ASM
                  1: 
                  2: *  END OF EXPRESSION
  1B92            3: EXST7    ;INC      RJOBJ             MARK AS REJECTED.
1B92 7C005C       4:          INC      RJOBJ
1B95 C601         5:          LDAB     #OP:EOX           GET CORRECT OPERATOR (END OF EXP)
1B97 D75D         6: EXST31   STAB     CUROP             SAVE THE OPCODE IN A HANDY PLACE.
                  7: *
                  8: *  OPERATOR SEEN:
1B99 30           9: EXST3    TSX                        GET INDEX INTO STACK:
1B9A D65D        10:          LDAB     CUROP             GET NEW OPERATOR,
1B9C C4F0        11:          ANDB     #$F0              THROW AWAY LSB FOR PRECEDENCE COMPARE
                 12:          ;CMPB     X:OP,X            DO THE COMPARE.
1B9E E102        13:          CMPB     X:OP,X
                 14: *21*
1BA0 2338        15:          BLS      ES3XO             B/ GO EXECUTE THE OPERATOR
                 16: *
                 17: *  THIS OPERATOR HAS HIGHER PRECEDENCE:  STACK IT.
1BA2 96BA        18:          LDAA     OPTF              GET OPTION FLAGS:
1BA4 8501        19:          BITA     #OPT:MCM          MCM/MOTOROLA OPERATOR PRECEDENCE?
1BA6 2632        20:          BNE      ES3XO             B/ YES:  GO DO THAT OPERATOR.
1BA8 D65D        21: ES3SO    LDAB     CUROP             GET THE OPERATOR
1BAA 37          22: ES3SO1   PSHB                       PUT IT ON THE STACK,
1BAB 20A9        23:          BRA      EXST1             AND GO READ AN OPERAND.




ASM/6800 1.3H4: 1BAB ASM/6800 1.4       - - - E X P R E S S I O N S - - -
08/16/82 00:00:00; Page 193; Form 10    - - - E X P - - -
ASM14A.EVAL.ASM
                  1: 
                  2: *
                  3: * STATE 5 --
                  4: *        LEFT PAREN HAS BEEN SEEN.  CALL THE EXPRESSION EVALUATOR
                  5: *        (THAT'S US, GUYS) TO EVALUATE THE ENCLOSED EXPRESSION.  THEN
                  6: *        IF THE CLOSING PAREN IS MISSING, BITCH.
                  7: *
1BAD 8DA4         8: EXST5    BSR      EXP:R             REENTER EXPRESSION
                  9:          ;JSR      GNOBJ
1BAF BD1E2C      10:          JSR      GNOBJ
                 11:          ;CMPA     #O:RP             RIGHT PAREN?
1BB2 8105        12:          CMPA     #O:RP
1BB4 27CA        13:          BEQ      EXST2             GO, BABY, GO.
1BB6 20B0        14:          BRA      EXPSE             B/ ANYTHING ELSE ==> ERROR.
                 15: *
                 16: *
  1BB8           17: GNOB:SJ  ;JSR      GNOBJ
1BB8 BD1E2C      18:          JSR      GNOBJ
                 19:          ;JMP      WHICH
1BBB 7E0832      20:          JMP      WHICH
                 21: **
                 22: *
                 23: *
                 24: *  SAW A MONADIC OP
  1BBE           25: EXST4    ;CMPB     #OP:MUL           IS IT A '*'?
1BBE C151        26:          CMPB     #OP:MUL
1BC0 270F        27:          BEQ      EXPC              RETURN PC
1BC2 17          28:          TBA
                 29:          ;JSR      ISIT              IS IT A VALID MONADIC OP?
1BC3 BD08DE      30:          JSR      ISIT
1BC6 41422453    31:          FCB      OP:ADD,OP:SUB,OP:AND,OP:MOD,0
1BCB 269B        32: EXPSE1   BNE      EXPSE             B/ NO.  DIE.
1BCD CA70        33:          ORAB     #P:UN             GET PROPER PRECEDENCE,
1BCF 20D9        34:          BRA      ES3SO1            AND GO STACK IT.
                 35: *
                 36: * SAW * IN CONTEXT WHICH MEANS 'PC'
                 37: *
  1BD1           38: EXPC
  0001           39:          IFUND    MC6809
  0001           40:          ELSE




ASM/6800 1.3H4: 1BCF ASM/6800 1.4       - - - E X P R E S S I O N S - - -
08/16/82 00:00:00; Page 194; Form 10    - - - E X P - - -
ASM14A.EVAL.ASM
 *S*             41:          ;LDX     EXPTR             Backstep to
 *S*             42:          LDX      EXPTR
 *S*             43:          DEX                         check for
 *S*             44:          ;LDX     0,X                 "*'"
 *S*             45:          LDX      0,X
                 46:          FIN
1BD1 9697        47:          LDAA     PC+1
1BD3 D696        48:          LDAB     PC
  0001           49:          IFUND    MC6809
1BD5 20AD        50:          BRA      EXST21
  0001           51:          ELSE
 *S*             52:          CPX      #'*##8+''         "*'"??
 *S*             53:          BNE      EXST21J           B/No
 *S*             54:          ADDA     OPSIZE            Adjust for
 *S*             55:          ADCB     #0                 opcode
 *S*             56:          ADDA     PCNEXT              and operand
 *S*             57:          ADCB     #0                   length
 *S*             58:          ;LDX     EXPTR             Step
 *S*             59:          LDX      EXPTR
 *S*             60:          INX                         past
 *S*             61:          STX      EXPTR               the "'"
 *S*             62: EXST21J  ;JMP     EXST21
 *S*             63:          JMP      EXST21
                 64:          FIN




ASM/6800 1.3H4: 1BD5 ASM/6800 1.4       - - - E X P R E S S I O N S - - -
08/16/82 00:00:00; Page 195; Form 11    - - - E X P - - -
ASM14A.EVAL.ASM
                  2: *
                  3: * HIT A TERMINATOR WHEN A VALUE WAS EXPECTED.  IN THIS CASE, THE
                  4: * STACK TOP IS AN OPERATOR.  UNLESS STACK-TOP = OP:BOX, DROP DEAD.
                  5: * OTHERWISE WIND DOWN GRACEFULLY.
                  6: *EXST8    TSX                        GET POINTER TO STACK TOP
                  7: *         LDAA     0,X               WHATS THE STACK TOP?
                  8: *         CMPA     #OP:BOX           IS IT COOL?
                  9: *         BNE      EXPSE1            B/ NO.  FLAMES AND SMOKE.
                 10: *         CLRA                       NULL EXP:  CLEAR THE VAL,
                 11: *         PSHA
                 12: *         PSHA
                 13: *         BRA      EXST7             AND WIND DOWN.
                 14: * NO NULL EXPS ALLOWED NOW
                 15: *
  1BD7           16: EXST8    ;JMP     EXPSE             ERROR HIM
1BD7 7E1B68      17:          JMP      EXPSE
                 18: *




ASM/6800 1.3H4: 1BD7 ASM/6800 1.4       - - - E X P R E S S I O N S - - -
08/16/82 00:00:00; Page 196; Form 12    - - - E X P - - -
ASM14A.EVAL.ASM
                  2: *21*
                  3: *
                  4: *  EXECUTE AN OPERATOR:
                  5: *
                  6: *   AT THIS POINT THE STACK LOOKS LIKE THIS:
                  7: *
                  8: *
                  9: *        SP+1  (OBH)  ==>  RIGHT-OP
                 10: *        SP+2  (OBL)
                 11: *        SP+3  (X:OP) ==>  OPERATOR
                 12: *
                 13: *   IF X:OP IS DYADIC THEN THERE ARE TWO MORE BYTES:
                 14: *        SP+4  (OAH)  ==>  LEFT-OP
                 15: *        SP+5  (OAL)
                 16: *
                 17: *  AFTER THE EXECUTION, RIGHT-OP, OPERATOR AND LEFT-OP ARE POPPED
                 18: *  AND THE STACK LOOKS LIKE THIS:
                 19: *
                 20: *        SP+1  ==> RESULT HIGH
                 21: *        SP+2  ==> RESULT LOW
                 22: *
  0000           23: OBH      EQU      0
  0001           24: OBL      EQU      1
  0002           25: X:OP     EQU      2
  0003           26: OAH      EQU      3
  0004           27: OAL      EQU      4
                 28: *
1BDA A602        29: ES3XO    LDAA     X:OP,X            GET OPERATOR OFF STACK...
                 30:          ;JSR      WHICH             AND FIND OUT WHAT IT IS...
1BDC BD0832      31:          JSR      WHICH
                 32: *
                 33: * NB -- THE ORDER OF OPS IN THIS TABLE DETERMINES HOW QUICKLY
                 34: * AN OPERATOR IS RECOGNIZED...
                 35: *
1BDF 11          36:          FCB      +OP:BOX           <LEFT-ANCHOR>
1BE0 1D0A        37:          FDB      XBOX
1BE2 41          38:          FCB      +OP:ADD           A+B
1BE3 1C2E        39:          FDB      XADD
1BE5 42          40:          FCB      +OP:SUB           A-B
1BE6 1C3E        41:          FDB      XSUB




ASM/6800 1.3H4: 1BE8 ASM/6800 1.4       - - - E X P R E S S I O N S - - -
08/16/82 00:00:00; Page 197; Form 12    - - - E X P - - -
ASM14A.EVAL.ASM
1BE8 51          42:          FCB      +OP:MUL           A*B
1BE9 1D18        43:          FDB      XMUL
1BEB 52          44:          FCB      +OP:DIV           A/B
1BEC 1D23        45:          FDB      XDIV
  0001           46:          IF       SHIFT=1
1BEE 61          47:          FCB      +OP:SHF           A##B
1BEF 1C46        48:          FDB      XSHF
                 49:          FIN
1BF1 21          50:          FCB      +OP:IOR           A!B
1BF2 1C6A        51:          FDB      XIOR
1BF4 24          52:          FCB      +OP:AND           A&B
1BF5 1C72        53:          FDB      XAND
1BF7 22          54:          FCB      +OP:EOR           A!!B
1BF8 1C7A        55:          FDB      XEOR




ASM/6800 1.3H4: 1BF8 ASM/6800 1.4       - - - E X P R E S S I O N S - - -
08/16/82 00:00:00; Page 198; Form 13    - - - E X P - - -
ASM14A.EVAL.ASM
                  1: *22*
1BFA 54           2:          FCB      +OP:CQU           A//B
1BFB 1D27         3:          FDB      XCQU
1BFD 53           4:          FCB      +OP:MOD           A\B
1BFE 1D37         5:          FDB      XMOD
  0001            6:          DO       CONDASM=1
1C00 36           7:          FCB      +OP:NE            A#B 
1C01 1C8A         8:          FDB      XNE
1C03 35           9:          FCB      +OP:EQ            A=B
1C04 1C91        10:          FDB      XEQ
1C06 32          11:          FCB      +OP:LT            A<B
1C07 1C9D        12:          FDB      XLT
1C09 33          13:          FCB      +OP:GE            A>=B  A=>B
1C0A 1CA3        14:          FDB      XGE
1C0C 31          15:          FCB      +OP:GT            A>B
1C0D 1C97        16:          FDB      XGT
1C0F 34          17:          FCB      +OP:LE            A<=B  A=<B
1C10 1CA9        18:          FDB      XLE
                 19:          FIN
1C12 71          20:          FCB      +OP:PLS           +A
1C13 1CF0        21:          FDB      XPOS
1C15 72          22:          FCB      +OP:MNS           -A
1C16 1CE2        23:          FDB      XNEG
1C18 73          24:          FCB      +OP:COM           \A
1C19 1CF7        25:          FDB      XCOM
1C1B 74          26:          FCB      +OP:NOT           &A
1C1C 1CFC        27:          FDB      XNOT
  0001           28:          DO       CONDASM=1
1C1E 37          29:          FCB      +OP:HI            A>>B
1C1F 1CB5        30:          FDB      XHI
1C21 38          31:          FCB      +OP:LO            A<<B
1C22 1CAF        32:          FDB      XLO
1C24 3A          33:          FCB      +OP:LS            A\<B
1C25 1CBB        34:          FDB      XLS
1C27 39          35:          FCB      +OP:HS            A>/B
1C28 1CC1        36:          FDB      XHS
                 37:          FIN
1C2A 00          38:          FCB      0
                 39:          ;JMP      EXPSE             B/ URP... SYNTAX ERROR.
1C2B 7E1B68      40:          JMP      EXPSE




ASM/6800 1.3H4: 1C2B ASM/6800 1.4       - - - E X P R E S S I O N S - - -
08/16/82 00:00:00; Page 199; Form 14    - - - O P E R A T O R S - - -
ASM14A.EVAL.ASM
                  2: *
                  3: * A+B
1C2E 8D52         4: XADD     BSR      GTA
1C30 AB01         5:          ADDA     OBL,X             ADD B
1C32 E900         6:          ADCB     OBH,X             HIGH BYTE,
                  7: *
  1C34            8: OPFNSH   EQU      *                 A HAS NEW OA
1C34 A704         9:          STAA     OAL,X             SAVE IT.
1C36 E703        10:          STAB     OAH,X
  1C38           11: OPFN1    EQU      *                 POP OFF OBH, OBL,  OPERATOR
                 12:          ;LEAS    2,S
  0000           13:          IF       2<0
 *S*             14:          RPT      -2
 *S*             15:          DES
                 16:          ELSE
  0002           17:          RPT      2
1C38 31          18:          INS
                 19:          FIN
  1C3A           20: OPFN2    EQU      *
1C3A 31          21:          INS                        POP THE OPERATOR
                 22:          ;JMP      EXST3             AND GO SCAN ANOTHER OPERATOR
1C3B 7E1B99      23:          JMP      EXST3
                 24: *
                 25: * A-B
  1C3E           26: XSUB     EQU      *
1C3E 8D42        27:          BSR      GTA               A := OAL;  B:= OAH
1C40 A001        28:          SUBA     OBL,X
1C42 E200        29:          SBCB     OBH,X
1C44 20EE        30:          BRA      OPFNSH            AND GO POKE.




ASM/6800 1.3H4: 1C44 ASM/6800 1.4       - - - E X P R E S S I O N S - - -
08/16/82 00:00:00; Page 200; Form 15    - - - O P E R A T O R S - - -
ASM14A.EVAL.ASM
  0001            2:          IF       SHIFT=1
                  3: * A##B  SHIFT A (+B PLACES TO LEFT) (-B PLACES TO RIGHT)
1C46 8D3A         4: XSHF     BSR      GTA
1C48 6D00         5: XSHF0    TST      OBH,X             LEFT OR RIGHT SHIFT?
1C4A 2C0C         6:          BGE      XSHF1             B/ B>0 ==> LEFT SHIFT.
                  7: * SHIFT RIGHT...
1C4C 54           8: XSHFR    LSRB
1C4D 46           9:          RORA
                 10:          ;INC      OBL,X
1C4E 6C01        11:          INC      OBL,X
1C50 26FA        12:          BNE      XSHFR             B/ STILL SOME LEFT TO DO...
                 13:          ;INC      OBH,X             INC H(CTR)
1C52 6C00        14:          INC      OBH,X
1C54 2DF6        15:          BLT      XSHFR             B/ STILL SOME LEFT...
1C56 20DC        16:          BRA      OPFNSH            ALL DONE; OA IS SET
                 17: * SHIFT LEFT.
1C58 2E04        18: XSHF1    BGT      XSHF2             B/ SOME TO DO STILL.
1C5A 6D01        19:          TST      OBL,X             IS COUNTER ZERO?
1C5C 27D6        20:          BEQ      OPFNSH            B/ YES ==> ALL DONE.
1C5E 48          21: XSHF2    ASLA
1C5F 59          22:          ROLB
                 23:          ;DEC      OBL,X
1C60 6A01        24:          DEC      OBL,X
1C62 26E4        25:          BNE      XSHF0             B/GO DO ANOTHER (WEIRD, EH)
                 26:          ;DEC      OBH,X
1C64 6A00        27:          DEC      OBH,X
1C66 2AF6        28:          BPL      XSHF2             B/ CAN'T BE THRU WITH THE SHIFT.
1C68 20CA        29:          BRA      OPFNSH            ALL DONE; SAVE THE VALUE.
                 30:          FIN




ASM/6800 1.3H4: 1C68 ASM/6800 1.4       - - - E X P R E S S I O N S - - -
08/16/82 00:00:00; Page 201; Form 16    - - - O P E R A T O R S - - -
ASM14A.EVAL.ASM
                  1: *
                  2: * A!B   LOGICAL INCLUSIVE OR.
  1C6A            3: XIOR     EQU      *
1C6A 8D16         4:          BSR      GTA
1C6C AA01         5:          ORAA     OBL,X
1C6E EA00         6:          ORAB     OBH,X
1C70 20C2         7:          BRA      OPFNSH
                  8: *
                  9: * A&B  LOGICAL AND
  1C72           10: XAND     EQU      *
1C72 8D0E        11:          BSR      GTA
1C74 A401        12:          ANDA     OBL,X
1C76 E400        13:          ANDB     OBH,X
1C78 20BA        14:          BRA      OPFNSH
                 15: *24*
                 16: *
                 17: * A!!B  LOGICAL EXCLUSIVE OR
  1C7A           18: XEOR     EQU      *
1C7A 8D06        19:          BSR      GTA
                 20:          ;EORA     OBL,X
1C7C A801        21:          EORA     OBL,X
                 22:          ;EORB     OBH,X
1C7E E800        23:          EORB     OBH,X
1C80 20B2        24:          BRA      OPFNSH
                 25: ****
                 26: **** GTA
                 27: ****    A := OAL, B := OAH, X := SP
1C82 30          28: GTA      TSX
                 29:          ;LEAX    2,X
  0000           30:          IF       2<0
 *S*             31:          RPT      -2
 *S*             32:          DEX
                 33:          ELSE
  0002           34:          RPT      2
1C83 08          35:          INX
                 36:          FIN
1C85 A604        37:          LDAA     OAL,X
1C87 E603        38:          LDAB     OAH,X
1C89 39          39:          RTS




ASM/6800 1.3H4: 1C89 ASM/6800 1.4       - - - E X P R E S S I O N S - - -
08/16/82 00:00:00; Page 202; Form 17    - - - O P E R A T O R S - - -
ASM14A.EVAL.ASM
  0001            2:          DO       CONDASM=1
                  3: *** RELATIONAL OPERATORS...
                  4: *
                  5: * A#B A\=B
1C8A 8D3B         6: XNE      BSR      CPRAB             CLEARS A,B; X := SP
                  7: *                                   COMPARES OA TO OB
1C8C 27A6         8:          BEQ      OPFNSH            B/ RELATION FALSE; AB IS READY.
                  9: * TRUE RELATION:
1C8E 4C          10: XRT      INCA                       SET OAL TO 1, RETURN.
1C8F 20A3        11:          BRA      OPFNSH
                 12: *         SPACE
                 13: * A=B
1C91 8D34        14: XEQ      BSR      CPRAB
1C93 27F9        15:          BEQ      XRT
1C95 209D        16:          BRA      OPFNSH
                 17: * A>B
1C97 8D2E        18: XGT      BSR      CPRAB
1C99 2EF3        19:          BGT      XRT
1C9B 2097        20:          BRA      OPFNSH
                 21: * A<B
1C9D 8D28        22: XLT      BSR      CPRAB
1C9F 2DED        23:          BLT      XRT
1CA1 2091        24:          BRA      OPFNSH
                 25: * A>=B
1CA3 8D22        26: XGE      BSR      CPRAB
1CA5 2CE7        27:          BGE      XRT
1CA7 208B        28:          BRA      OPFNSH
                 29: *
                 30: * A<=B
1CA9 8D1C        31: XLE      BSR      CPRAB
1CAB 2FE1        32:          BLE      XRT
1CAD 2085        33: OPFNSH1  BRA      OPFNSH
                 34: *
                 35: * A<<B
1CAF 8D16        36: XLO      BSR      CPRAB
1CB1 25DB        37:          BCS      XRT               A MAG. LESS THAN B
1CB3 20F8        38:          BRA      OPFNSH1
                 39: *
                 40: * A>>B
1CB5 8D10        41: XHI      BSR      CPRAB




ASM/6800 1.3H4: 1CB7 ASM/6800 1.4       - - - E X P R E S S I O N S - - -
08/16/82 00:00:00; Page 203; Form 17    - - - O P E R A T O R S - - -
ASM14A.EVAL.ASM
1CB7 22D5        42:          BHI      XRT               A MAG. GTR. THAN B
1CB9 20F2        43:          BRA      OPFNSH1
                 44: *
                 45: * A\<B  (A MAG. LOWER OR SAME. B)
1CBB 8D0A        46: XLS      BSR      CPRAB
1CBD 23CF        47:          BLS      XRT
1CBF 20EC        48:          BRA      OPFNSH1
                 49: * A>/B  (A MAG. HIGHER OR SAME. B)
1CC1 8D04        50: XHS      BSR      CPRAB
1CC3 24C9        51:          BCC      XRT
1CC5 20E6        52:          BRA      OPFNSH1
  0001           53:          ELSE
 *S*             54: OPFNSH1  BRA      OPFNSH            GET US BACK
                 55:          FIN




ASM/6800 1.3H4: 1CC5 ASM/6800 1.4       - - - E X P R E S S I O N S - - -
08/16/82 00:00:00; Page 204; Form 18    - - - O P E R A T O R S - - -
ASM14A.EVAL.ASM
  0001            2:          DO       CONDASM=1
                  3: *
                  4: * CPRAB:  COMPARES OA TO OB, RETURNS A,B CLEARED, AND RETURNS
                  5: *   X AS PROPER INDEX INTO STACK.
  1CC7            6: CPRAB    EQU      *
1CC7 30           7:          TSX                        GET THE STACK POINTER,
1CC8 08           8:          INX
1CC9 08           9:          INX                        (GET RID OF RETURN ADDR.)
1CCA A604        10:          LDAA     OAL,X
1CCC A001        11:          SUBA     OBL,X
1CCE 07          12:          TPA                        GET CC
1CCF 16          13:          TAB                        SAVE CC
1CD0 06          14:          TAP                        RESTORE CC
1CD1 A603        15:          LDAA     OAH,X
1CD3 A200        16:          SBCA     OBH,X
1CD5 07          17:          TPA                        SAVE CC,
1CD6 2605        18:          BNE      CPRAB1            B/ IF HIGH BYTE NOT ZERO, THEN
                 19: *                                   CC ARE OK.
1CD8 84FB        20:          ANDA     #$FB              ELSE SCRUB Z FROM HIGH CC
1CDA C404        21:          ANDB     #$04              RETAIN Z FROM LOW CC
1CDC 1B          22:          ABA                        MERGE FOR NEW CC,
1CDD 5F          23: CPRAB1   CLRB                       GET A ZERO,
1CDE 06          24:          TAP                        SET CC,
1CDF 37          25:          PSHB                       GET A ZERO IN X W/O ....
1CE0 32          26:          PULA                       ...ZAPPING THE CC.
1CE1 39          27:          RTS
                 28:          FIN




ASM/6800 1.3H4: 1CE1 ASM/6800 1.4       - - - E X P R E S S I O N S - - -
08/16/82 00:00:00; Page 205; Form 19    - - - O P E R A T O R S - - -
ASM14A.EVAL.ASM
                  2: *25*
                  3: *         SPACE
                  4: * -B
  1CE2            5: XNEG     EQU      *
1CE2 4F           6:          CLRA
1CE3 5F           7:          CLRB
1CE4 30           8: XNEG1    TSX
1CE5 A001         9:          SUBA     OBL,X
1CE7 E200        10:          SBCB     OBH,X
1CE9 A702        11: OPFN3    STAA     OBL+1,X           SHUFFLE UP ONE BYTE.
1CEB E701        12:          STAB     OBH+1,X           (TROMP ON OPERATOR)
                 13:          ;JMP      OPFN2
1CED 7E1C3A      14:          JMP      OPFN2
                 15: *
                 16: * +B
1CF0 30          17: XPOS     TSX
1CF1 A601        18:          LDAA     OBL,X
1CF3 E600        19:          LDAB     OBH,X
1CF5 20F2        20:          BRA      OPFN3
                 21: *
                 22: * \B  (ONES COMPLEMENT B)
1CF7 86FF        23: XCOM     LDAA     #-1
1CF9 16          24:          TAB
1CFA 20E8        25:          BRA      XNEG1
                 26: *
                 27: * &B  (INVERT TEST RESULT)
1CFC 5F          28: XNOT     CLRB
1CFD 4F          29:          CLRA
1CFE 30          30:          TSX
                 31:          ;LDX     OBH,X             GET VALUE AS IT STANDS,
1CFF EE00        32:          LDX      OBH,X
1D01 30          33:          TSX                          (AT LEAST THIS DOESN'T ZAP CC LIKE CLR -- IDIOT
1D02 2EE5        34:          BGT      OPFN3             B/ WAS TRUE, MAKE FALSE (0)
1D04 4C          35:          INCA                       ELSE WAS FALSE, MAKE TRUE (1).
1D05 20E2        36:          BRA      OPFN3




ASM/6800 1.3H4: 1D05 ASM/6800 1.4       - - - E X P R E S S I O N S - - -
08/16/82 00:00:00; Page 206; Form 19    - - - O P E R A T O R S - - -
ASM14A.EVAL.ASM
                 38: *
                 39: * HIT END OF EXPRESSION:  THE ONLY OPERATOR THAT CAN FORCE
                 40: * EXECUTION OF <LEFT ANCHOR> IS OP:EOX
  1D07           41: XBOX1    ;JMP      ES3SO1            BACK TO STACK THIS OP.
1D07 7E1BAA      42:          JMP      ES3SO1
                 43: *
1D0A D65D        44: XBOX     LDAB     CUROP             WHAT WAS THE OPERATOR...
                 45:          ;CMPB     #OP:EOX           ...THAT GOT ME HERE?
1D0C C101        46:          CMPB     #OP:EOX
1D0E 26F7        47:          BNE      XBOX1             IF NOT <EOX>, THEN STACK IT.
                 48: *
1D10 32          49:          PULA                       SAVE THE VALUE
1D11 975F        50:          STAA     VAL
1D13 33          51:          PULB
1D14 D760        52:          STAB     VAL+1
1D16 31          53:          INS                        POP THIS OPERATOR
1D17 39          54:          RTS                        AND GO AWAY.  ALL DONE FOR EXP.




ASM/6800 1.3H4: 1D17 ASM/6800 1.4       - - - E X P R E S S I O N S - - -
08/16/82 00:00:00; Page 207; Form 20    - - - O P E R A T O R S - - -
ASM14A.EVAL.ASM
                  1: *28*
                  2: *
                  3: * MULTIPLY / DIVIDE OPERATORS........
                  4: *
1D18 8D25         5: XMUL     BSR      GMDARG            COPY ARGS INTO PLACES
1D1A 8D6D         6:          BSR      MULTPLY           GO DO MULTIPLY,
1D1C 9631         7: XMUL1    LDAA     MLC+1             GET L(RESULT)
1D1E D630         8:          LDAB     MLC               GET H(RESULT)
1D20 30           9: XMUL2    TSX                        GET YE OLDE STACK POINTER,
1D21 208A        10:          BRA      OPFNSH1
                 11: *
                 12: * A/B
1D23 8D1E        13: XDIV     BSR      DODIV             COPY ARGS, CALL DIVIDE.
1D25 20F5        14:          BRA      XMUL1             AND GO RETURN RESULT...
                 15: *
                 16: * A//B  COVERED QUOTIENT
1D27 8D1A        17: XCQU     BSR      DODIV
1D29 9631        18:          LDAA     MLC+1
1D2B D630        19:          LDAB     MLC               GET QUOTIENT...
                 20:          ;LDX     MLD               CK/ REMAINDER.  IF #0, THEN QUO. MUST BE BUMPED.
1D2D DE32        21:          LDX      MLD
1D2F 27EF        22:          BEQ      XMUL2               B/ REM. IS 0; RESULT IS GOOD.
1D31 8B01        23:          ADDA     #1                ELSE BUMP QUOTIENT,
1D33 C900        24:          ADCB     #0                  PROPOGATE CARRY,
1D35 20E9        25:          BRA      XMUL2               AND RETURN RESULT.
                 26: *
                 27: * A\B  A MOD B
1D37 8D0A        28: XMOD     BSR      DODIV
1D39 9633        29:          LDAA     MLD+1             RETURN REMAINDER.
1D3B D632        30:          LDAB     MLD
1D3D 20E1        31:          BRA      XMUL2             GO BYE-BYE




ASM/6800 1.3H4: 1D3D ASM/6800 1.4       - - - E X P R E S S I O N S - - -
08/16/82 00:00:00; Page 208; Form 21    - - - D O D I V - - -
ASM14A.EVAL.ASM
                  2: *29*
                  3: *
                  4: * DODIV --
                  5: *        DIVIDES OA BY OB;
                  6: *        QUOTIENT IN MLC
                  7: *        REMAINDER IN MLD
                  8: *
                  9: *        IF ENTERED BY GTMDARG, JUST COPIES ARGS AND RETURNS.
                 10: *
1D3F 8601        11: GMDARG   LDAA     #1                REMEMBER WHAT WE ARE...
1D41 2001        12:          BRA      DODIV1
1D43 4F          13: DODIV    CLRA
1D44 30          14: DODIV1   TSX
                 15:          ;LDX      OAH+2,X           (RETURN @ IS ON STACK)
1D45 EE05        16:          LDX      OAH+2,X
1D47 DF2C        17:          STX      MLA
1D49 30          18:          TSX
                 19:          ;LDX      OBH+2,X
1D4A EE02        20:          LDX      OBH+2,X
1D4C DF2E        21:          STX      MLB
1D4E 4D          22:          TSTA
1D4F 2701        23:          BEQ      DIVIDE            B/ GO DO DIVIDE.
1D51 39          24:          RTS                        ELSE EXIT.




ASM/6800 1.3H4: 1D51 ASM/6800 1.4       - - - E X P R E S S I O N S - - -
08/16/82 00:00:00; Page 209; Form 22    - - -  D I V I D E  - - -
ASM14A.EVAL.ASM
                  2: *
                  3: * DIVIDE --
                  4: *
                  5: *  MLA IS THE DIVIDEND;
                  6: *  MLB IS THE DIVISOR;
                  7: *  MLC IS THE QUOTIENT;
                  8: *  MLD IS THE REMAINDER.
                  9: *
                 10: *  IF DIVISOR IS ZERO, OVERFLOW IS SIGNALED.;  RESULT IS $FFFF
                 11: *
                 12: *
  1D52           13: DIVIDE   EQU      *
                 14:          ;LDX     MLB               CK/ DIVISION BY ZERO?
1D52 DE2E        15:          LDX      MLB
1D54 2607        16:          BNE      DIV1                B/ NOPE.
1D56 DF30        17:          STX      MLC               ...TRYING TO FOOL ME, EH?
1D58 DF32        18:          STX      MLD                 IN THAT CASE, CLEAR REMANDER & QUOTIENT,
                 19:          ;JMP     OVRFLW              FLAG OVERFLOW AND RETURN.
1D5A 7E0883      20:          JMP      OVRFLW
                 21: *
  1D5D           22: DIV1     ;LDX      MLA               INITIALIZE THE REMAINDER;
1D5D DE2C        23:          LDX      MLA
1D5F DF30        24:          STX      MLC
                 25:          ;LDX      #0                ALSO THE QUOTIENT.
1D61 CE0000      26:          LDX      #0
1D64 DF32        27:          STX      MLD               (THIS ALSO MAKES A HANDY CONSTANT)
1D66 C610        28:          LDAB     #16               NUMBER OF DIVIDE STEPS...
                 29: *
1D68 6831        30: DIVL     ASL      MLC+1,X           SHIFT  (REMAINDER,QUOTIENT) LEFT 1
1D6A 6930        31:          ROL      MLC,X
1D6C 6933        32:          ROL      MLD+1,X
1D6E 6932        33:          ROL      MLD,X
1D70 9633        34:          LDAA     MLD+1             COMPARE REMAINDER TO DIVISOR...
1D72 902F        35:          SUBA     MLB+1
1D74 36          36:          PSHA                       (SAVE THE RESULT.)
1D75 9632        37:          LDAA     MLD
1D77 922E        38:          SBCA     MLB
1D79 2509        39:          BCS      DIV2              B/ NO DO SUBTRACT.
1D7B 9732        40:          STAA     MLD               SAVE HIGH QUOTIENT
1D7D 32          41:          PULA                       GET LOW QUOTIENT




ASM/6800 1.3H4: 1D7E ASM/6800 1.4       - - - E X P R E S S I O N S - - -
08/16/82 00:00:00; Page 210; Form 22    - - -  D I V I D E  - - -
ASM14A.EVAL.ASM
1D7E 9733        42:          STAA     MLD+1
                 43:          ;INC      MLC+1,X           NEXT QUOTIENT BIT IS 1
1D80 6C31        44:          INC      MLC+1,X
1D82 2001        45:          BRA      DIV3
                 46: 
1D84 31          47: DIV2     INS
1D85 5A          48: DIV3     DECB                       DECREMENT STEP COUNTER,
1D86 26E0        49:          BNE      DIVL              B/ DO ANOTHER.
1D88 39          50:          RTS                        ELSE ALL DONE.




ASM/6800 1.3H4: 1D88 ASM/6800 1.4       - - - E X P R E S S I O N S - - -
08/16/82 00:00:00; Page 211; Form 23    - - -  M U L T I P L Y  - - -
ASM14A.EVAL.ASM
                  2: *         SPACE
                  3: *
                  4: * MULTPLY --
                  5: *
                  6: * MLA IS MULTIPICAND
                  7: * MLB IS MULTIPLIER
                  8: * MLC IS RESULT
                  9: * MLD IS OVERFLOW WORD
                 10: *
  1D89           11: MULTPLY  EQU      *
1D89 C610        12:          LDAB     #16               GET # OF MULTIPLY STEPS
1D8B D730        13:          STAB     MLC               AND PUT IN A SAFE PLACE.
1D8D 4F          14:          CLRA                       PRESET RESULT TO ZERO
1D8E 5F          15:          CLRB
                 16:          ;LDX      MLB               TRANSFER MULTIPLIER ....
1D8F DE2E        17:          LDX      MLB
1D91 DF32        18:          STX      MLD               ... TO OVERFLOW WORD.
                 19:          ;LDX      #0                GET HANDY CONSTANT.
1D93 CE0000      20:          LDX      #0
                 21: *
1D96 58          22: MULLP    ASLB
1D97 49          23:          ROLA
1D98 6933        24:          ROL      MLD+1,X
1D9A 6932        25:          ROL      MLD,X
1D9C 2404        26:          BCC      MUL1              B/ DON'T DO AN ADD STEP.
1D9E DB2D        27:          ADDB     MLA+1
1DA0 992C        28:          ADCA     MLA
                 29: *
  1DA2           30: MUL1     ;DEC      MLC,X             THIS STEP DONE...
1DA2 6A30        31:          DEC      MLC,X
1DA4 2EF0        32:          BGT      MULLP             B/ SO DO ANOTHER.
1DA6 9730        33:          STAA     MLC               SAVE RESULT
1DA8 D731        34:          STAB     MLC+1
                 35:          ;LDX      MLD               CHECK FOR OVERFLOW.
1DAA DE32        36:          LDX      MLD
1DAC 2701        37:          BEQ      MULV1             B/ NONE.
1DAE 0B          38:          SEV
1DAF 39          39: MULV1    RTS




ASM/6800 1.3H4: 1DAF ASM/6800 1.4       - - - G E T    N E X T    O B J E C T - - -
08/16/82 00:00:00; Page 212; Form 24    - - - G T C H T - - -
ASM14A.EVAL.ASM
                  3: *30*
                  4: *
                  5: *  GET NEXT CH, AND ITS TYPE.
                  6: *        A := CH;  B := TYPE.
                  7: *
  1DB0            8: GTCHT    EQU      *
                  9:          ;JSR      GETXC             GET CHARACTER
1DB0 BD1F95      10:          JSR      GETXC
                 11:          ;JSR      CHRANGE           CHECK FOR IN RANGE.
1DB3 BD0848      12:          JSR      CHRANGE
1DB6 415A        13:          FCB      'A,'Z
1DB8 1DCB        14:          FDB      GTCH1             ALPHABETIC
1DBA 617A        15:          FCB      'a,'z             lower case ==>UPPER CASE
1DBC 1DC9        16:          FDB      GTCH1L
1DBE 3039        17:          FCB      '0,'9
1DC0 1DCE        18:          FDB      GTCH2             DIGIT
1DC2 00          19:          FCB      0
                 20: * WEIRD -- FIND IT IN TABLE.
                 21:          ;LDX      #CHTBL            GET AN INDEX
1DC3 CE1DD1      22:          LDX      #CHTBL
                 23:          ;JMP      FINDAX            AND FIND IN THE TABLE.
1DC6 7E1FF8      24:          JMP      FINDAX
                 25: *
                 26: *
1DC9 8BE0        27: GTCH1L   ADDA     #'A-'a            MAKE IT UPPER CASE.
1DCB C601        28: GTCH1    LDAB     #C:ALPH
1DCD 39          29:          RTS
1DCE C602        30: GTCH2    LDAB     #C:NUM            IT'S A DIGIT
1DD0 39          31:          RTS




ASM/6800 1.3H4: 1DD0 ASM/6800 1.4       - - - G E T    N E X T    O B J E C T - - -
08/16/82 00:00:00; Page 213; Form 25    - - - TABLE OF CHARACTERS AND TYPES - - -
ASM14A.EVAL.ASM
                  2: *
                  3: * CHTBL:
                  4: *        FIRST BYTE OF EACH IS AN ASCII CHARACTER;
                  5: *        SECOND BYTE IS ITS TYPE.  TABLE ENDS W/ A $80 FOR FINDAX;
                  6: *        THUS FORCES ALL OTHER CHARS TO TYPE OF C:UNK.
                  7: *
  1DD1            8: CHTBL    EQU      *
1DD1 3A01         9:          FCB      ':,C:ALPH
1DD3 2401        10:          FCB      '$,C:ALPH
1DD5 4001        11:          FCB      '@,C:ALPH
1DD7 2501        12:          FCB      '%,C:ALPH
                 13: *
  0000           14:          DO       STRINGS=1
 *S*             15:          FCB      '",C:QQ
                 16:          FIN
                 17: *
1DD9 2705        18:          FCB      '',C:Q
1DDB 2806        19:          FCB      '(,C:LP
1DDD 2907        20:          FCB      '),C:RP
1DDF 2009        21:          FCB      BLANK,C:BL
1DE1 0909        22:          FCB      TAB,C:BL
1DE3 0D03        23:          FCB      $D,C:CR
1DE5 3B03        24:          FCB      ';,C:CR
1DE7 2C08        25:          FCB      ',,C:TERM
1DE9 5D08        26:          FCB      '],C:TERM
1DEB 2E01        27:          FCB      '.,C:ALPH
1DED 800A        28:          FCB      $80,C:UNK




ASM/6800 1.3H4: 1DED ASM/6800 1.4       - - - G E T    N E X T    O B J E C T - - -
08/16/82 00:00:00; Page 214; Form 26    - - - T B J M P - - -
ASM14A.EVAL.ASM
                  2: *32*
                  3: *
                  4: * TBJMP --
                  5: *        DOES A TABLE BRANCH.  (B) = WORD INDEX
                  6: *        A-Reg Preserved
                  7: *
  1DEF            8: TBJMP    ;PULX                      Pull return address
1DEF 30           9:          TSX
1DF0 EE00        10:          LDX      0,X
1DF2 31          11:          INS
1DF3 31          12:          INS
1DF4 58          13:          ASLB                       MAKE A WORD INDEX,
  0000           14:          DO       M6809=1
 *S*             15:          ;LDX     ,X                Table address
 *S*             16:          LDX      0,X
 *S*             17:          ;JMP     [B,X]
 *S*             18:          LDX      B,X
 *S*             19:          JMP      0,X
                 20:          ELSE
1DF5 EB01        21:          ADDB     1,X               GET VALUE OF LOW
1DF7 37          22:          PSHB
1DF8 E600        23:          LDAB     0,X
1DFA C900        24:          ADCB     #0
1DFC 37          25:          PSHB
                 26:          ;PULX
1DFD 30          27:          TSX
1DFE EE00        28:          LDX      0,X
1E00 31          29:          INS
1E01 31          30:          INS
                 31:          ;LDX      0,X               GET ACTUAL ADDRESS,
1E02 EE00        32:          LDX      0,X
                 33:          ;JMP      0,X               AND GO TO IT.
1E04 6E00        34:          JMP      0,X
                 35:          FIN




ASM/6800 1.3H4: 1E04 ASM/6800 1.4       - - - G E T    N E X T    O B J E C T - - -
08/16/82 00:00:00; Page 215; Form 27    - - - C K E O F - - -
ASM14A.EVAL.ASM
                  2: *
                  3: * CKEOF - CHECK THAT THE NEXT THING TO BE SCANNED IS
                  4: *        THE END OF A FIELD. (I.E. A TERMINATOR
                  5: *        BUT NOT A COMMA).
                  6: *
                  7: *        IF EOF SEEN -- Z=1
                  8: *        IF NOT      -- Z=0
                  9: *
1E06 8D24        10: CKEOF    BSR      GNOBJ             GET THE OBJ TO LOOK AT
                 11:          ;INC     RJOBJ             REJECT IT
1E08 7C005C      12:          INC      RJOBJ
                 13:          ;CMPA    #O:TERM           A TERM?
1E0B 8106        14:          CMPA     #O:TERM
1E0D 2605        15:          BNE      RTEOF             IF NOT, Z=0 RETURN
                 16:          ;CMPB    #ASCII:COMMA      A COMMA?
1E0F C12C        17:          CMPB     #ASCII:COMMA
1E11 07          18:          TPA                        INVERT THE Z BIT
1E12 8504        19:          BITA     #4
1E14 39          20: RTEOF    RTS
                 21: *
                 22: * ECKEOF - CK IF EOF IS NEXT. IF NOT, GIVE ILLEGAL AF ERR 
                 23: *        AND RETURN. ELSE JUST RETURN.
                 24: *
1E15 8DEF        25: ECKEOF   BSR      CKEOF             CHECK IT
1E17 27FB        26:          BEQ      RTEOF             IF FOUND EOF - JUST RETURN
                 27:          ;JMP     ILLAF             ELSE, GO TELL HIM ABOUT ILLEGAL AF
1E19 7E086B      28:          JMP      ILLAF
                 29: *




ASM/6800 1.3H4: 1E19 ASM/6800 1.4       - - - G E T    N E X T    O B J E C T - - -
08/16/82 00:00:00; Page 216; Form 28    - - - G T C M A - - -
ASM14A.EVAL.ASM
                  2: *
                  3: *   G T C M A
                  4: *
                  5: *        Calls GNOBJ until a terminator is seen; then returns
                  6: *        V=1 if terminator was a comma.  Otherwise, V=0.
                  7: *
  1E1C            8: GTCMA    EQU      *
1E1C 8D0E         9:          BSR      GNOBJ             GET OBJECT
                 10:          ;CMPA     #O:TERM
1E1E 8106        11:          CMPA     #O:TERM
1E20 26FA        12:          BNE      GTCMA
                 13:          ;CMPB     #ASCII:COMMA
1E22 C12C        14:          CMPB     #ASCII:COMMA
1E24 0B          15:          SEV
1E25 2704        16:          BEQ      GTCRET
                 17:          ;INC     RJOBJ             REJECT THIS OBJECT IF A TERM IS SEEN
1E27 7C005C      18:          INC      RJOBJ
1E2A 0A          19:          CLV
1E2B 39          20: GTCRET   RTS




ASM/6800 1.3H4: 1E2B ASM/6800 1.4       - - - G E T    N E X T    O B J E C T - - -
08/16/82 00:00:00; Page 217; Form 29    - - - G N O B J - - -
ASM14A.EVAL.ASM
                  2: *33*
                  3: *
                  4: *
                  5: *   G N O B J   /    G N O B X
                  6: *
                  7: *        GETS NEXT OBJECT FROM STRING POINTED TO BY
                  8: *        EXPTR.  OBJECT IS ONE OF THE FOLLOWING --
                  9: *
                 10: *        OBJ      VALUE RETURNED:
                 11: *        ---      ---------------
                 12: *
                 13: *        SYMBOL   O:SYM;  SYM:=TEXT OF SYMBOL
                 14: *        NUMBER   O:NUM;  VAL:=VALUE
                 15: *        STRING   O:STR;  STBUF:=STRING
                 16: *        (        O:LP;
                 17: *        )        O:RP;
                 18: *        DELIM.   (BLANK, TAB, ';, ',, $D) O:TERM; B:=CH
                 19: *        OPERATOR O:OP; B:=OPERATOR
                 20: *        OTHERS   O:UNK; B:=CH.
                 21: *
                 22: * NB:
                 23: *   ---->NO MATTER HOW HARD YOU TRY, ONCE YOU HAVE GOTTEN TO A $D
                 24: *        YOU CAN'T GO PAST IT.  THE SAME HOLDS TRUE FOR '; NOT IN A STRI
                 25: *   ---->IF RJOBJ IS NON-ZERO, THEN THE LAST OBJECT RETURNED IS
                 26: *        RETURNED AGAIN.
                 27: *   ---->A:=OBJECT; B:= SOME KIND OF TYPE DEPENDENT INFO.
                 28: *
                 29: *        IF ENTERED VIA GNOBX, EXPTR IS SET TO (X); REJECTED OBJECT
                 30: *        IS IGNORED.
                 31: *
                 32: *




ASM/6800 1.3H4: 1E2B ASM/6800 1.4       - - - G E T    N E X T    O B J E C T - - -
08/16/82 00:00:00; Page 218; Form 30    - - - G N O B J - - -
ASM14A.EVAL.ASM
                  2: *33*
1E2C 965C         3: GNOBJ    LDAA     RJOBJ             WAS LAST OBJECT REJECTED?
1E2E 270C         4:          BEQ      GNOB1             B/ NO.  GET A NEW ONE.
                  5: * OBJECT WAS REJECTED; RETURN IT AGAIN
1E30 965A         6:          LDAA     RJA
1E32 D65B         7:          LDAB     RJB
  1E34            8: GNOBC    ;CLR      RJOBJ
1E34 7F005C       9:          CLR      RJOBJ
1E37 39          10:          RTS
                 11: *
                 12: * OH, WELL....  GO GET AN OBJECT.
                 13: *
1E38 DF28        14: GNOBX    STX      EXPTR
1E3A 8DF8        15:          BSR      GNOBC             SAVE A BYTE WHERE YOU CAN...
  1E3C           16: GNOB1    ;JSR      GTCHT
1E3C BD1DB0      17:          JSR      GTCHT
                 18:          ;JSR      TBJMP             AND DO A TABLE JUMP.
1E3F BD1DEF      19:          JSR      TBJMP
1E42 1E42        20:          FDB      GNTBL-2
                 21: *34*
                 22: *
1E44 1F42        23: GNTBL    FDB      GSYM              C:ALPH ==> SYMBOL
1E46 1EC3        24:          FDB      GNUM              C:NUM ==> NUMBER
1E48 1FBF        25:          FDB      GEOL              C:CR ; OR $D
                 26: *
  0000           27:          DO       STRINGS=1
 *S*             28:          FDB      GSTR              C:QQ " ==> STRING
                 29:          ELSE
1E4A 1FC6        30:          FDB      GUNK              *** SHOULD NEVER HAPPEN...
                 31:          FIN
                 32: *
1E4C 1F74        33:          FDB      GCH               C:Q ' ==> CHARACTER
1E4E 1FA4        34:          FDB      GETLP             C:LP ( ==> LEFT PAREN
1E50 1FA8        35:          FDB      GETRP             C:RP ) ==> RIGHT PAREN
1E52 1FBA        36:          FDB      GTRM              C:TERM ==> DELIMITER.
1E54 1FAC        37:          FDB      GBLK              C:BL ==> BLANK.
1E56 1FC6        38:          FDB      GUNK              C:UNK ==> MAYBE OPERATOR.




ASM/6800 1.3H4: 1E56 ASM/6800 1.4       - - - G E T    N E X T    O B J E C T - - -
08/16/82 00:00:00; Page 219; Form 31    - - - G H E X - - -
ASM14A.EVAL.ASM
                  2: *
                  3: *
                  4: *   G H E X
                  5: *
                  6: *        COLLECTS A HEXADECIMAL #.
                  7: *        IF ENTERED THRU GHEX, THEN ACCB SHOULD CONTAIN
                  8: *        THE RADIX OF THE NUMBER-1 ($F, $7 OR $1).  IT IS
                  9: *        ASSUMED THAT A PREQUALIFIER WAS SEEN.
                 10: *
                 11: *        IF ENTERED THRU GHXE, THEN A POST-QUALIFIER WAS
                 12: *        SEEN & GOT US HERE.  THE QUALIFIER DIGIT IS IN (A),
                 13: *        THE RADIX IS IN B.
                 14: *
                 15: *        IN ANY EVENT, EITHER THE POST-QUALIFIER OR A NULL IS
                 16: *        STORED IN RJA FOR WHEN WE FIND THE END OF THE #.
                 17: *
                 18: *
  1E58           19: GHEX     EQU      *                 B CONTAINS RADIX.
1E58 4F          20:          CLRA
1E59 975A        21: GHXE     STAA     RJA               NO QUALIFIER EXPECTED.
1E5B 4F          22:          CLRA
1E5C 975F        23:          STAA     VAL               ACCA BETTER BE ZERO...
1E5E 9760        24:          STAA     VAL+1
1E60 8D40        25:          BSR      GTXD              GET A HEX DIGIT...
1E62 2705        26:          BEQ      GHX0              B/ OK...
                 27:          ;JSR      SYNTAX            *E* QUALIFIER $%@ W/O NUMBER
1E64 BD0867      28:          JSR      SYNTAX
1E67 201B        29:          BRA      GOTNUM
                 30: * GOT 1ST DIGIT.
  1E69           31: GHX0     EQU      *
1E69 11          32:          CBA                        IS DIGIT LEGAL?
1E6A 2E21        33:          BGT      GHXI              B/ NO, TOO BIG.
1E6C 37          34:          PSHB                       SAVE THE DIGIT.
1E6D 780060      35: GHXL     ASL      VAL+1             MULTIPLY BY 2^B
1E70 79005F      36:          ROL      VAL
1E73 2403        37:          BCC      GHX1              B/ NO OVERFLOW...
                 38:          ;JSR      OVRFLW            *E* NUMBER TOO BIG.
1E75 BD0883      39:          JSR      OVRFLW
1E78 54          40: GHX1     LSRB                       ANY SHIFTS LEFT?
1E79 26F2        41:          BNE      GHXL              B/ YUP: GO DO ANOTHER.




ASM/6800 1.3H4: 1E79 ASM/6800 1.4       - - - G E T    N E X T    O B J E C T - - -
08/16/82 00:00:00; Page 220; Form 31    - - - G H E X - - -
ASM14A.EVAL.ASM
                 42: *
1E7B 33          43:          PULB                       GET RADIX BACK.
1E7C 9B60        44:          ADDA     VAL+1             GET NEW DIGIT,
1E7E 9760        45:          STAA     VAL+1             (NO CARRY POSSIBLE)
1E80 8D20        46: GHX2     BSR      GTXD              GET NTH HEX DIGIT
1E82 27E5        47:          BEQ      GHX0              B/ GOT ANOTHER: ACCUMULATE
                 48: *
                 49: * VAL CONTAINS VALUE; RETURN TYPE = NUMBER
1E84 8602        50: GOTNUM   LDAA     #O:NUM            IT'S A NUM
                 51: *         SPACE
1E86 975A        52: GOTOBJ   STAA     RJA
1E88 D75B        53:          STAB     RJB
                 54:          ;LDX      EXPTR
1E8A DE28        55:          LDX      EXPTR
1E8C 39          56:          RTS




ASM/6800 1.3H4: 1E8C ASM/6800 1.4       - - - G E T    N E X T    O B J E C T - - -
08/16/82 00:00:00; Page 221; Form 32    - - - G H E X - - -
ASM14A.EVAL.ASM
                  1: *  WIERD DIGIT FOUND:
  1E8D            2: GHXI     EQU      *
1E8D 36           3:          PSHA                       SAVE THIS DIGIT...
1E8E 8D12         4:          BSR      GTXD              GET A HEX DIGIT...
1E90 2707         5:          BEQ      GHXI1             B/ NOT LAST:  ILLEGAL.
                  6: * THE DIGIT MAY HAVE BEEN QUALIFIER.
1E92 32           7:          PULA                       GET THE DIGIT BACK...
                  8:          ;CMPA     RJA               WAS IT THE QUALIFIER WE WANTED?
1E93 915A         9:          CMPA     RJA
1E95 27ED        10:          BEQ      GOTNUM            B/ YES... # IS OK.
1E97 2004        11:          BRA      GHXI2             ELSE ERROR...
                 12: * ILLEGAL DIGIT...
1E99 31          13: GHXI1    INS                        POP STACK
                 14:          ;JSR      RJXCH             REJECT CHAR.
1E9A BD1F9E      15:          JSR      RJXCH
  1E9D           16: GHXI2    ;JSR      BADDIG            *E* BAD DIGIT
1E9D BD088F      17:          JSR      BADDIG
1EA0 20DE        18:          BRA      GHX2              AND GO ON.




ASM/6800 1.3H4: 1EA0 ASM/6800 1.4       - - - G E T    N E X T    O B J E C T - - -
08/16/82 00:00:00; Page 222; Form 33    - - - G T X D - - -
ASM14A.EVAL.ASM
                  2: *
                  3: *  GTXD--
                  4: *        GET A HEX DIGIT INTO A.  DOES NOT CLOBBER B.
                  5: *        RETURNS A AS HEXADECIMAL VALUE OR AS TERMINATOR.
                  6: *        IF Z IS SET ON RETURN, THEN A IS A VALID HEX DIGIT.
                  7: *
  1EA2            8: GTXD     EQU      *
1EA2 37           9:          PSHB                       SAVE ACCB
                 10:          ;JSR      GTCHT             GET EXPRESSION CH.
1EA3 BD1DB0      11:          JSR      GTCHT
                 12:          ;JSR      CHRANGE           WHAT IS IT?
1EA6 BD0848      13:          JSR      CHRANGE
1EA9 3039        14:          FCB      '0,'9             DIGIT.
1EAB 1EBE        15:          FDB      GTXD1
1EAD 415A        16:          FCB      'A,'Z             DIGIT.
1EAF 1EBC        17:          FDB      GTXD2
1EB1 00          18:          FCB      0
1EB2 865A        19:          LDAA     #'Z               GET A BAD DIGIT,
                 20:          ;CMPB     #C:ALPH           WAS IT ALPHABETIC?
1EB4 C101        21:          CMPB     #C:ALPH
1EB6 2704        22:          BEQ      GTXD2             B/ YES.  GO ON.
                 23: *
1EB8 33          24:          PULB                       NOT A VALID DIGIT:
                 25:          ;JMP      RJXCH             DOES A DEX; CC WILL HAVE Z CLEAR.
1EB9 7E1F9E      26:          JMP      RJXCH
                 27: *
1EBC 8007        28: GTXD2    SUBA     #'A-'0-$A
1EBE 8030        29: GTXD1    SUBA     #'0
                 30: *
1EC0 5F          31:          CLRB                       SET CCZ
1EC1 33          32:          PULB                       AND RESTORE ACCB
1EC2 39          33:          RTS                        AND EXIT.




ASM/6800 1.3H4: 1EC2 ASM/6800 1.4       - - - G E T    N E X T    O B J E C T - - -
08/16/82 00:00:00; Page 223; Form 34    - - - G T X D - - -
ASM14A.EVAL.ASM
                  2: *
                  3: * GET A DECIMAL NUMBER --
                  4: *        CODE TO GET NNNNB, NNNNH, NNNNO WILL ALSO GO HERE.
                  5: *
  1EC3            6: GNUM     ;LDX      EXPTR             SAVE POINTER...
1EC3 DE28         7:          LDX      EXPTR
1EC5 DF34         8:          STX      TPTR              IN CASE IT AINT DECIMAL
1EC7 8030         9:          SUBA     #'0               MAKE A REAL DIGIT,
1EC9 9760        10:          STAA     VAL+1             POKE IT AWAY,
                 11:          ;CLR      VAL               AND CLEAR HIGH BYTE.
1ECB 7F005F      12:          CLR      VAL
  1ECE           13: GNUML    ;JSR      GTCHT             GET NEXT CH W/ TYPE,
1ECE BD1DB0      14:          JSR      GTCHT
                 15:          ;CMPB     #C:NUM            IS IT A DIGIT?
1ED1 C102        16:          CMPB     #C:NUM
1ED3 2621        17:          BNE      GNUMYCH           B/ NO:  MAYBE ALL DONE.
1ED5 8030        18:          SUBA     #'0               MAKE A REAL DIGIT,
1ED7 36          19:          PSHA                       AND SAVE IT.
1ED8 965F        20:          LDAA     VAL               GET H(VAL)
1EDA D660        21:          LDAB     VAL+1             GET L(VAL)
1EDC 58          22:          ASLB                       M
1EDD 49          23:          ROLA                         U
1EDE 37          24:          PSHB                           L
1EDF 36          25:          PSHA                             T
1EE0 58          26:          ASLB                               I
1EE1 49          27:          ROLA                           B     P
1EE2 58          28:          ASLB                       T     Y     L
1EE3 49          29:          ROLA                         E           Y
1EE4 30          30:          TSX                            N
                 31: *
                 32: * STACK NOW LOOKS LIKE THIS:
                 33: *
                 34: *        SP+1 ==> VAL*2
                 35: *        SP+2
                 36: *        SP+3 ==> NEW DIGIT
                 37: *
                 38: *        ACCA ==> VAL*8
                 39: *        ACCB
                 40: *
1EE5 EB01        41:          ADDB     1,X               ADD IN LOW BYTE




ASM/6800 1.3H4: 1EE7 ASM/6800 1.4       - - - G E T    N E X T    O B J E C T - - -
08/16/82 00:00:00; Page 224; Form 34    - - - G T X D - - -
ASM14A.EVAL.ASM
1EE7 8900        42:          ADCA     #0                PROPOGATE CARRY
1EE9 EB02        43:          ADDB     2,X
1EEB A900        44:          ADCA     0,X               AND NEW DIGIT, W/ CARRY
1EED 975F        45:          STAA     VAL
1EEF D760        46:          STAB     VAL+1
                 47:          ;LEAS    3,S               Prune stack
  0000           48:          IF       3<0
 *S*             49:          RPT      -3
 *S*             50:          DES
                 51:          ELSE
  0003           52:          RPT      3
1EF1 31          53:          INS
                 54:          FIN
1EF4 20D8        55:          BRA      GNUML             AND GO GET ANOTHER




ASM/6800 1.3H4: 1EF4 ASM/6800 1.4       - - - G E T    N E X T    O B J E C T - - -
08/16/82 00:00:00; Page 225; Form 35    - - - G T X D - - -
ASM14A.EVAL.ASM
                  2: *
                  3: * NOT A DIGIT:  MAY BE THE END OF THE NUMBER...
                  4: *
  1EF6            5: GNUMYCH  ;JSR      RJXCH             REJECT THIS CHARACTER,
1EF6 BD1F9E       6:          JSR      RJXCH
                  7:          ;CMPB     #C:ALPH           IS IT AN ALPHABETIC CH?
1EF9 C101         8:          CMPB     #C:ALPH
1EFB 2687         9:          BNE      GOTNUM            B/ NO: MUST BE TERMINATOR
                 10: *
                 11: * THIS IS WEIRD:  FIND A NON-ALPHABETIC.
                 12: *        USES RJA AS TEMP FOR LAST CH SEEN;
                 13: *        USES RJB AS TEMP FOR TYPE OF LAST CH SEEN.
                 14: *
1EFD 975A        15: GNUMY1   STAA     RJA               SAFE PLACE
1EFF D75B        16:          STAB     RJB
                 17:          ;JSR      GTCHT             WHAT'S NEXT?
1F01 BD1DB0      18:          JSR      GTCHT
                 19:          ;CMPB     #C:NUM            A DIGIT?
1F04 C102        20:          CMPB     #C:NUM
1F06 27F5        21:          BEQ      GNUMY1            B/ YES: KEEP SLURPING
                 22:          ;CMPB     #C:ALPH           A LETTER?
1F08 C101        23:          CMPB     #C:ALPH
1F0A 27F1        24:          BEQ      GNUMY1            B/ YES: KEEP SLURPING
1F0C 965A        25:          LDAA     RJA               ELSE GET LAST DIGIT OF #
1F0E D65B        26:          LDAB     RJB               WITH TYPE,
                 27:          ;CMPB     #C:ALPH           DID IT END W/ QUALIFIER?
1F10 C101        28:          CMPB     #C:ALPH
1F12 2709        29:          BEQ      GNUMY2            B/ MAYBE.
                 30: *
                 31: * ILLEGAL DIGIT DETECTED...
  1F14           32: GNUMY11  ;JSR      REJCH             REJECT THE TERMINATOR
1F14 BD1F9E      33:          JSR      REJCH
                 34:          ;JSR      BADDIG            *E* ILLEGAL DIGIT
1F17 BD088F      35:          JSR      BADDIG
                 36:          ;JMP      GOTNUM            AND RETURN THE NUMBER.
1F1A 7E1E84      37:          JMP      GOTNUM
                 38: *
                 39: * MAYBE NNNNH, NNNNO, OR NNNNB
                 40: *
  1F1D           41: GNUMY2   EQU      *                 WHAT WAS TERMINATOR?




ASM/6800 1.3H4: 1F1A ASM/6800 1.4       - - - G E T    N E X T    O B J E C T - - -
08/16/82 00:00:00; Page 226; Form 35    - - - G T X D - - -
ASM14A.EVAL.ASM
                 42:          ;LDX      #GNUMQ            @ OF QUALIFIER TABLE.
1F1D CE1F2F      43:          LDX      #GNUMQ
                 44:          ;JSR      FINDAX            GO FIND ACCA.
1F20 BD1FF8      45:          JSR      FINDAX
1F23 29EF        46:          BVS      GNUMY11           B/ NOT A LEGAL TERMINATOR.
                 47: * QUALIFIER WAS FOUND:
                 48: *        B NOW CONTAINS RADIX DIGIT.
                 49: *
                 50:          ;LDX      TPTR              GET @ OF START OF #,
1F25 DE34        51:          LDX      TPTR
1F27 09          52:          DEX                        POINT TO START,
1F28 DF28        53:          STX      EXPTR             AND SAVE.
1F2A 8037        54:          SUBA     #'A-$A            MAKE INTO QUALIFIER DIGIT,
                 55:          ;JMP      GHXE              AND GO EAT IT UP.
1F2C 7E1E59      56:          JMP      GHXE




ASM/6800 1.3H4: 1F2C ASM/6800 1.4       - - - G E T    N E X T    O B J E C T - - -
08/16/82 00:00:00; Page 227; Form 36    - - - G T X D - - -
ASM14A.EVAL.ASM
                  2: *
                  3: * QUALIFIER TABLES:
                  4: *        (1) POST-FIX QUALIFIER
                  5: *
  1F2F            6: GNUMQ    EQU      *
1F2F 480F         7:          FCB      +'H,$F
1F31 4F07         8:          FCB      +'O,$7
1F33 5107         9:          FCB      +'Q,$7
1F35 4201        10:          FCB      +'B,$1
1F37 80          11:          FCB      $80
                 12: *
                 13: *        (2) PRE-FIX QUALIFIERS
                 14: *
  1F38           15: GSYMT    EQU      *
1F38 240F        16:          FCB      '$,$F
1F3A 4007        17:          FCB      '@,$7
1F3C 2501        18:          FCB      '%,$1
1F3E 80          19:          FCB      $80




ASM/6800 1.3H4: 1F3E ASM/6800 1.4       - - - G E T    N E X T    O B J E C T - - -
08/16/82 00:00:00; Page 228; Form 37    - - - G T X D - - -
ASM14A.EVAL.ASM
                  2: *37*
                  3: *
                  4: * GSYM --
                  5: *
                  6: *        GETS A SYMBOL...
                  7: *        DOESN'T LOOK IT UP.
                  8: *
                  9: *        ANYTHING STARTING W/ $, % OR @ IS SHUNTED TO APPROPRIATE ROUTIN
                 10: *
  1F3F           11: GSYM0    ;JMP      GHEX              GET US THERE.
1F3F 7E1E58      12:          JMP      GHEX
  1F42           13: GSYM     EQU      *
                 14:          ;LDX      #GSYMT            CHECK FOR $,%,@
1F42 CE1F38      15:          LDX      #GSYMT
                 16:          ;JSR      FINDAX
1F45 BD1FF8      17:          JSR      FINDAX
1F48 28F5        18:          BVC      GSYM0             AHA!  EAT NUMBER.
                 19: * A GOOD SYMBOL...
1F4A C601        20:          LDAB     #1                GET SIZE
                 21:          ;LDX      #SYM
1F4C CE0062      22:          LDX      #SYM
1F4F 08          23: GSYML    INX
1F50 A700        24:          STAA     0,X               SAVE CH
1F52 D762        25:          STAB     SYM               AND NEW COUNT.
1F54 DF34        26:          STX      TPTR              SAVE IN SAFE PLACE.
  1F56           27: GSYML1   ;JSR      GTCHT             GET A CHARACTER,
1F56 BD1DB0      28:          JSR      GTCHT
                 29:          ;CMPB     #C:ALPH           IS IT ALPHABETIC?
1F59 C101        30:          CMPB     #C:ALPH
1F5B 2704        31:          BEQ      GSYM1             B/ YES: SAVE IT.
                 32:          ;CMPB     #C:NUM            IS IT NUMERIC?
1F5D C102        33:          CMPB     #C:NUM
1F5F 260B        34:          BNE      GSYMD             B/ NO: ALL DONE.
1F61 D662        35: GSYM1    LDAB     SYM               GET SIZE.
                 36:          ;CMPB     #SYMMAX           TOO BIG?
1F63 C121        37:          CMPB     #SYMMAX
1F65 27EF        38:          BEQ      GSYML1            B/ YES, DONT SAVE IT
1F67 5C          39:          INCB
                 40:          ;LDX      TPTR              ELSE GET POINTER,
1F68 DE34        41:          LDX      TPTR




ASM/6800 1.3H4: 1F6A ASM/6800 1.4       - - - G E T    N E X T    O B J E C T - - -
08/16/82 00:00:00; Page 229; Form 37    - - - G T X D - - -
ASM14A.EVAL.ASM
1F6A 20E3        42:          BRA      GSYML             AND SAVE.
                 43: *
1F6C 8601        44: GSYMD    LDAA     #O:SYM            IT'S A SYMBOL
                 45:          ;JSR      RJXCH             REJECT THE LAST CH,
1F6E BD1F9E      46:          JSR      RJXCH
  1F71           47: GOTOBJ1  ;JMP      GOTOBJ            B/ GOT THE OBJECT.
1F71 7E1E86      48:          JMP      GOTOBJ




ASM/6800 1.3H4: 1F71 ASM/6800 1.4       - - - G E T    N E X T    O B J E C T - - -
08/16/82 00:00:00; Page 230; Form 38    - - - G T X D - - -
ASM14A.EVAL.ASM
                  2: *39*
                  3: *
                  4: * GCH --
                  5: *        RETURNS CHARACTER FOLLOWING SQUOTE; MAY BE
                  6: *        ANYTHING EXCEPT $D
                  7: *
  1F74            8: GCH      ;LDX      EXPTR             GET POINTER TO NEXT,
1F74 DE28         9:          LDX      EXPTR
1F76 A600        10:          LDAA     0,X               GET NEXT
                 11:          ;CMPA     #$D               IS IT A CR?
1F78 810D        12:          CMPA     #$D
1F7A 2711        13:          BEQ      GCHD              B/ YES:  BLECH.
1F7C 8A80        14:          ORAA     #$80              MARK AS "IN STRING",
1F7E A700        15:          STAA     0,X               SAVE IT,
1F80 08          16:          INX                        POINT TO NEXT CH.
1F81 DF28        17:          STX      EXPTR             AND SAVE.
1F83 847F        18:          ANDA     #$7F              SCRUB $80 BIT.
1F85 9760        19: GCH1     STAA     VAL+1             AND SAVE VAL.
                 20:          ;CLR      VAL
1F87 7F005F      21:          CLR      VAL
                 22:          ;JMP      GOTNUM            B/ GOT A NUMERIC VALUE.
1F8A 7E1E84      23:          JMP      GOTNUM
  1F8D           24: GCHD     ;JSR      ILLSTR            *E* ' FOLLOWED BY <EOL>
1F8D BD0897      25:          JSR      ILLSTR
1F90 4F          26:          CLRA                       RETURN A NULL
1F91 20F2        27:          BRA      GCH1




ASM/6800 1.3H4: 1F91 ASM/6800 1.4       - - - G E T    N E X T    O B J E C T - - -
08/16/82 00:00:00; Page 231; Form 39    - - - G T X D - - -
ASM14A.EVAL.ASM
                  2: *39*
                  3: *
                  4: * GET A STRING.
                  5: *        STBUF := STRING; BYTE 0= COUNT; "" ==> "
                  6: *
  0000            7:          DO       STRINGS=1
 *S*              8: GSTR     EQU      *
 *S*              9:          CLRB                       CLEAR COUNT,
 *S*             10:          ;LDX      #STBUF            GET POINTER TO BUFFER
 *S*             11:          LDX      #STBUF
 *S*             12:          STAB     1,X               AND PUT A NULL THERE.
 *S*             13: GSTRL    STX      TPTR              SAVE POINTER,
 *S*             14: GSTRL1   BSR      GETXC             AND GET A CHARACTER.
 *S*             15:          ;CMPA     #$D               END OF LINE?
 *S*             16:          CMPA     #$D
 *S*             17:          BEQ      GSTRE             B/ YECCH.
 *S*             18:          ;CMPA     #'"               DQUOTE?
 *S*             19:          CMPA     #'"
 *S*             20:          BEQ      GSTRD             B/ MAYBE "";
 *S*             21: GSTR1    ;LDX      TPTR              GET POINTER
 *S*             22:          LDX      TPTR
 *S*             23:          INCB                       BUMP COUNT
 *S*             24:          BNE      GSTR2             B/ STILL ROOM
 *S*             25:          ;JSR      OVRFLW
 *S*             26:          JSR      OVRFLW
 *S*             27:          DECB                       BACK TO 255
 *S*             28:          BRA      GSTRL1            AND EAT UNTIL DONE.
 *S*             29: GSTR2    INX
 *S*             30:          STAA     0,X               SAVE CHARACTER
 *S*             31:          BRA      GSTRL             AND GET ANOTHER
 *S*             32: *
 *S*             33: GSTRD    BSR      GETXC             GET ANOTHER CHARACTER,
 *S*             34:          ;CMPA     #'"               ANOTHER DQUOTE?
 *S*             35:          CMPA     #'"
 *S*             36:          BEQ      GSTR1             B/ YES: GO SAVE IT.
 *S*             37:          STX      EXPTR             ELSE DELETE CH,
 *S*             38: GSTR3    STAB     STBUF             SAVE COUNT
 *S*             39:          LDAA     #O:STR            GET STRING TYPE
 *S*             40: GOTOBJ2  BRA      GOTOBJ1
 *S*             41: * ERROR IN STRING




ASM/6800 1.3H4: 1F91 ASM/6800 1.4       - - - G E T    N E X T    O B J E C T - - -
08/16/82 00:00:00; Page 232; Form 39    - - - G T X D - - -
ASM14A.EVAL.ASM
 *S*             42: GSTRE    STX      EXPTR             POINT TO OFFENSIVE CHARACTER,
 *S*             43:          CLRB                       NULL STRING,
 *S*             44:          ;JSR      ILLSTR            *E* '" W/O MATCHING '"
 *S*             45:          JSR      ILLSTR
 *S*             46:          BRA      GSTR3             AND LEAVE.
                 47:          ELSE
1F93 20DC        48: GOTOBJ2  BRA      GOTOBJ1
                 49:          FIN




ASM/6800 1.3H4: 1F93 ASM/6800 1.4       - - - G E T    N E X T    O B J E C T - - -
08/16/82 00:00:00; Page 233; Form 40    - - - G T X D - - -
ASM14A.EVAL.ASM
                  2: *39*
                  3: *INC EXPTR AND LOAD UP NEXT CHAR
                  4: *
  1F95            5: GETXC    EQU      *
                  6:          ;LDX      EXPTR             GET POINTER,
1F95 DE28         7:          LDX      EXPTR
1F97 A600         8:          LDAA     0,X               GET NEXT CH,
1F99 08           9:          INX
1F9A DF28        10:          STX      EXPTR             SAVE POINTER,
1F9C 09          11:          DEX
1F9D 39          12:          RTS                        AND LEAVE.
                 13: *
  1F9E           14: REJCH    EQU      *
  1F9E           15: REJXC    EQU      *
  1F9E           16: RJXCH    EQU      *
                 17:          ;LDX      EXPTR
1F9E DE28        18:          LDX      EXPTR
1FA0 09          19:          DEX
1FA1 DF28        20:          STX      EXPTR
1FA3 39          21:          RTS




ASM/6800 1.3H4: 1FA3 ASM/6800 1.4       - - - G E T    N E X T    O B J E C T - - -
08/16/82 00:00:00; Page 234; Form 41    - - - G T X D - - -
ASM14A.EVAL.ASM
                  2: *41*
                  3: *
                  4: * SAW LEFT OR RIGHT PAREN
                  5: *
1FA4 8604         6: GETLP    LDAA     #O:LP             OBJECT IS LEFT PAREN
1FA6 20EB         7:          BRA      GOTOBJ2
1FA8 8605         8: GETRP    LDAA     #O:RP             OBJECT IS RIGHT PAREN.
1FAA 20E7         9:          BRA      GOTOBJ2           AND LEAVE.
                 10: *
                 11: *
                 12: * SAW A BLANK OR A TAB
                 13: *
1FAC 8DE7        14: GBLK     BSR      GETXC             WHATS THE NEXT CHARACTER?
                 15:          ;CMPA     #TAB              IS IT A TAB?
1FAE 8109        16:          CMPA     #TAB
1FB0 27FA        17:          BEQ      GBLK              B/ YES, EAT IT UP.
                 18:          ;CMPA     #BLANK            SAME FOR BLANK.
1FB2 8120        19:          CMPA     #BLANK
1FB4 27F6        20:          BEQ      GBLK
1FB6 DF28        21:          STX      EXPTR             ELSE REJECT CHARACTER.
1FB8 8620        22:          LDAA     #BLANK            AND RETURN STANDARD SEPARATOR.
1FBA 16          23: GTRM     TAB                        COPY TO CORRECT PLACE,
1FBB 8606        24:          LDAA     #O:TERM           GET TYPE,
1FBD 20D4        25:          BRA      GOTOBJ2




ASM/6800 1.3H4: 1FBF ASM/6800 1.4       - - - G E T    N E X T    O B J E C T - - -
08/16/82 00:00:00; Page 235; Form 42    - - - G T X D - - -
ASM14A.EVAL.ASM
1FBF 860D         2: GEOL     LDAA     #$D               RETURN END OF LINE CH,
                  3:          ;JSR      REJCH             REJECT THIS CHARACTER,
1FC1 BD1F9E       4:          JSR      REJCH
1FC4 20F4         5:          BRA      GTRM              AND RETURN A TERMINATOR.
                  6: *41*
                  7: *
                  8: * GUNK --
                  9: *        GCHECKS WHETHER NEXT CH. IS AN OPERATOR;
                 10: *        IF SO RETURNS OP, TYPE; OTHERWISE RETURNS O:UNKN,
                 11: *        CH IN ACCB.
                 12: *
  1FC6           13: GUNK     ;CMPA     #$20              IS IT A CONTROL CH?
1FC6 8120        14:          CMPA     #$20
1FC8 2D0B        15:          BLT      GILGL             B/ YES: ILLEGAL.
                 16:          ;CMPA     #$5F              IS IT TOO BIG FOR TTY?
1FCA 815F        17:          CMPA     #$5F
1FCC 2E07        18:          BGT      GILGL             B/ YES: ILLEGAL.
                 19:          ;LDX      #GOPTB-2          MAYBE AN OPERATOR:
1FCE CE201A      20:          LDX      #GOPTB-2
1FD1 8D25        21:          BSR      FINDAX            GO CHECK.
1FD3 2805        22:          BVC      GOPTR             B/ GO EAT AN OPERATOR
1FD5 16          23: GILGL    TAB
1FD6 8608        24:          LDAA     #O:UNKN
1FD8 20B9        25:          BRA      GOTOBJ2




ASM/6800 1.3H4: 1FD8 ASM/6800 1.4       - - - G E T    N E X T    O B J E C T - - -
08/16/82 00:00:00; Page 236; Form 43    - - - G T X D - - -
ASM14A.EVAL.ASM
                  2: *41*
                  3: *
                  4: * GOPTR--
                  5: *        CHARACTER IN A IS THE START OF AN OPERATOR.
                  6: *        EXTENSION VALUE IS IN B
                  7: *        X CONTAINS THE @ OF THE BYTE PAIR: MATCH, VALUE.
                  8: *        NOW WE NEED TO CHECK WHETHER THE OPERATOR IS A
                  9: *        TWO-CHARACTER OP.
                 10: *
1FDA 5D          11: GOPTR    TSTB                       TEST EXTENSION:
1FDB 2C05        12:          BGE      GOPTR2            B/ NEED TO GET ANOTHER CHARACTER.
1FDD 50          13:          NEGB                       MAKE REAL VALUE,
1FDE 8607        14: GOPTR1   LDAA     #O:OP             GET TYPE
1FE0 20B1        15:          BRA      GOTOBJ2           AND LEAVE.
                 16: *
1FE2 8DB1        17: GOPTR2   BSR      GETXC             GET NEXT CH,
1FE4 8D1B        18:          BSR      LDAXB             GET NEW POINTER IN X
1FE6 2033        19:          FDB      G2OTB             (SECOND TABLE)
1FE8 8D0E        20:          BSR      FINDAX            FIND IN TABLE
1FEA 6D00        21:          TST      0,X
1FEC 2CF0        22:          BGE      GOPTR1            SECOND CH WAS OP.
                 23:          ;JSR     REJXC             ELSE REJECT SECOND CH.
1FEE BD1F9E      24:          JSR      REJXC
1FF1 5D          25:          TSTB                       WAS FIRST CH IN FACT AN OP ?
1FF2 26EA        26:          BNE      GOPTR1            B/ YES:  HANDLE AS ONE.
1FF4 20DF        27:          BRA      GILGL             B/ NO:  IT'S AN UNKNOWN.




ASM/6800 1.3H4: 1FF4 ASM/6800 1.4       - - - G E T    N E X T    O B J E C T - - -
08/16/82 00:00:00; Page 237; Form 44    - - - F I N D A X - - -
ASM14A.EVAL.ASM
                  2: *41*
                  3: *
                  4: * FINDAX
                  5: *        LOOPS THROUGH A TABLE, ASSUMED TO CONSIST OF 2-BYTE
                  6: *        ENTRIES, COMPARING ACCA TO FIRST BYTE.  IF MATCH, THEN,
                  7: *        LEAVES X POINTING TO GOOD ENTRY.  ELSE RETURNS WITH
                  8: *        CCV SET.  IN EITHER CASE, B IS LOADED WITH SECOND
                  9: *        BYTE OF ENTRY WHICH SENT US HOME, BE IT THE $80 OR
                 10: *        A MATCHED BYTE.
                 11: *
                 12: *        NOTE THAT THE TABLE MAY CONSIST ONLY OF A $80 ENTRY.
                 13: *        ALSO, TOP BIT OF (A) MUST BE ZERO, OR ALL BETS ARE OFF!
                 14: *
  1FF6           15: FINDAXL  ;LEAX    2,X
  0000           16:          IF       2<0
 *S*             17:          RPT      -2
 *S*             18:          DEX
                 19:          ELSE
  0002           20:          RPT      2
1FF6 08          21:          INX
                 22:          FIN
  1FF8           23: FINDAX   EQU      *
1FF8 E601        24:          LDAB     1,X               GET SECOND BYTE.
                 25:          ;CMPA     0,X               IS THIS ONE WE WANT?
1FFA A100        26:          CMPA     0,X
1FFC 2902        27:          BVS      FINDAXX           B/ NO: END HIT.
1FFE 26F6        28:          BNE      FINDAXL           B/ NO: MORE TO COME.
2000 39          29: FINDAXX  RTS                        ELSE RETURN.




ASM/6800 1.3H4: 2000 ASM/6800 1.4       - - - G E T    N E X T    O B J E C T - - -
08/16/82 00:00:00; Page 238; Form 45    - - - L D A X B - - -
ASM14A.EVAL.ASM
                  2: *43*
                  3: *
                  4: * LDAXB --
                  5: *        LOADS X WITH SUM OF B REGISTER AND POINTER
                  6: *        FOLLOWING CALL.
                  7: *        ACCB IS CLOBBERED.
                  8: *
2001 30           9: LDAXB    TSX                        GET RETURN ADDRESS
                 10:          ;LDX      0,X               ......
2002 EE00        11:          LDX      0,X
2004 EB01        12:          ADDB     1,X               ADD LOW BYTE OF PTR TO B,
2006 37          13:          PSHB                       TXFER TO STACK.
2007 C600        14:          LDAB     #0                EXTEND ZEROS FOR B.
2009 E900        15:          ADCB     0,X               ADD HIGH BYTE OF PTR,
200B 37          16:          PSHB                       AND SAVE ON STACK.
200C 30          17:          TSX                        NOW, RECOMPUTE RETURN @
200D E603        18:          LDAB     3,X               GET RETURN(L)
200F CB02        19:          ADDB     #2
2011 E703        20:          STAB     3,X
2013 2402        21:          BCC      LDAXB$1
                 22:          ;INC     2,X
2015 6C02        23:          INC      2,X
  2017           24: LDAXB$1  ;LDX      0,X
2017 EE00        25:          LDX      0,X
                 26:          ;LEAS    2,S               Prune stack
  0000           27:          IF       2<0
 *S*             28:          RPT      -2
 *S*             29:          DES
                 30:          ELSE
  0002           31:          RPT      2
2019 31          32:          INS
                 33:          FIN
201B 39          34:          RTS




ASM/6800 1.3H4: 201B ASM/6800 1.4       - - - G E T    N E X T    O B J E C T - - -
08/16/82 00:00:00; Page 239; Form 46    - - - O P E R A T O R   T A B L E S - - -
ASM14A.EVAL.ASM
                  2: *42,43*
                  3: *
                  4: *  OPERATOR TABLES.
                  5: *
201C 2BBF         6: GOPTB    FCB      '+,-OP:ADD&$FF
201E 2DBE         7:          FCB      '-,-OP:SUB&$FF
2020 26DC         8:          FCB      '&,-OP:AND&$FF
2022 2AAF         9:          FCB      '*,-OP:MUL
  0001           10:          IF       (SHIFT=1)
2024 2300        11:          FCB      '#,G2NE
  0001           12:          ELSEIF   CONDASM=1
 *S*             13:          FCB      '#,-OP:NE
                 14:          FIN
2026 2F04        15:          FCB      '/,G2DIV
2028 2108        16:          FCB      '!,G2OR
202A 5C0C        17:          FCB      '\,G2MOD
  0001           18:          IF       CONDASM=1
202C 3C10        19:          FCB      '<,G2LT
202E 3E16        20:          FCB      '>,G2GT
2030 3D1E        21:          FCB      '=,G2EQ
                 22:          FIN
2032 80          23:          FCB      $80               CAUSES OVERFLOW.




ASM/6800 1.3H4: 2032 ASM/6800 1.4       - - - G E T    N E X T    O B J E C T - - -
08/16/82 00:00:00; Page 240; Form 47    - - - O P E R A T O R   T A B L E S - - -
ASM14A.EVAL.ASM
                  2: *
                  3: * EXTENSION TABLES FOR 2-CH OPS.
  2033            4: G2OTB    EQU      *
  0001            5:          IF       SHIFT=1
  0000            6: G2NE     EQU      *-G2OTB           DISPLACEMENT.
2033 2361         7:          FCB      '#,OP:SHF         SHIFT ##
2035 80           8:          FCB      $80
  0001            9:            IF     CONDASM=1
2036 36          10:            FCB    OP:NE
  0002           11:            ELSE   
 *S*             12:            FCB    0
                 13:            FIN
                 14:          FIN
                 15: *
  0004           16: G2DIV    EQU      *-G2OTB
2037 2F54        17:          FCB      '/,OP:CQU         //
2039 8052        18:          FCB      $80,OP:DIV
                 19: *
  0008           20: G2OR     EQU      *-G2OTB
203B 2122        21:          FCB      '!,OP:EOR         !!
203D 8021        22:          FCB      $80,OP:IOR
                 23: *
  000C           24: G2MOD    EQU      *-G2OTB
  0001           25:          IF       CONDASM=1
203F 3C3A        26:          FCB      '<,OP:LS
                 27:          FIN
2041 8053        28:          FCB      $80,OP:MOD
                 29: *
  0001           30:          DO       CONDASM=1
  0010           31: G2LT     EQU      *-G2OTB
2043 3C38        32:          FCB      '<,OP:LO          <<
2045 3D34        33:          FCB      '=,OP:LE          <=
2047 8032        34:          FCB      $80,OP:LT         <
                 35: *
  0016           36: G2GT     EQU      *-G2OTB
2049 3E37        37:          FCB      '>,OP:HI          >>
204B 2F39        38:          FCB      '/,OP:HS          >/
204D 3D33        39:          FCB      '=,OP:GE          >=
204F 8031        40:          FCB      $80,OP:GT         >
                 41: *




ASM/6800 1.3H4: 204F ASM/6800 1.4       - - - G E T    N E X T    O B J E C T - - -
08/16/82 00:00:00; Page 241; Form 47    - - - O P E R A T O R   T A B L E S - - -
ASM14A.EVAL.ASM
  001E           42: G2EQ     EQU      *-G2OTB
2051 3C34        43:          FCB      '<,OP:LE          =<
2053 3E33        44:          FCB      '>,OP:GE          =>
2055 8035        45:          FCB      $80,OP:EQ         =
                 46:          FIN




ASM/6800 1.3H4: 2055 ASM/6800 1.4       - - - S Y M B O L    M A N I P U L A T I O N S - - -
08/16/82 00:00:00; Page 242; Form 48    - - - C H C F S Y M - - -
ASM14A.EVAL.ASM
                  3: *38*
                  4: *
                  5: * CHCFSYM --
                  6: *        CHECKS WHETHER CF(1) IS A SYMBOL;
                  7: *
                  8: * INPUT:
                  9: *        CFPTR    POINTS TO CF
                 10: *
                 11: * OUTPUT:
                 12: *        SYM      CONTAINS SYMBOL IF ONE WAS FOUND.
                 13: *
                 14: * SCRATCH:
                 15: *        EXPTR, RJA, RJB, ETC. FOR GNOBJ
                 16: *
                 17: * INTERFACE:
                 18: *        GNOBJ:   CALLED TO GET OBJECTS.
                 19: *
  2057           20: CHCFSYM  ;LDX      CFPTR             GET POINTER,
2057 DE24        21:          LDX      CFPTR
                 22:          ;JSR      GNOBX             GET FIRST OBJECT.
2059 BD1E38      23:          JSR      GNOBX
                 24:          ;CMPA     #O:SYM            IS IT A SYMBOL?
205C 8101        25:          CMPA     #O:SYM
205E 2605        26:          BNE      CHCFRTS           B/ NO.  RETURN.
                 27:          ;JSR      GNOBJ             GET TERMINATOR
2060 BD1E2C      28:          JSR      GNOBJ
                 29:          ;CMPA     #O:TERM           IS IT A REAL TERMINATOR?
2063 8106        30:          CMPA     #O:TERM
2065 39          31: CHCFRTS  RTS                        AND RETURN.




ASM/6800 1.3H4: 2065 ASM/6800 1.4       - - - S Y M B O L    M A N I P U L A T I O N S - - -
08/16/82 00:00:00; Page 243; Form 49    - - - C H S Y M D - - -
ASM14A.EVAL.ASM
                  2: *
                  3: *
                  4: *  C H S Y M D
                  5: *
                  6: *        Checks whether SYM is a directive.  If so, sets
                  7: *        SYMPT pointing to the directive table entry, sets CCz=1
                  8: *        and returns.
                  9: *
                 10: *        If symbol is not a directive, CCZ=0.
                 11: *
                 12: *        To find the directive:  first the user's directive
                 13: *        chain is searched; if the directive is in the user's
                 14: *        chain, & it is undefined, (i.e. T:FREF is set in the
                 15: *        type byte) then we say, "There is no such directive"
                 16: *        (at least, none defined by the user) and search the
                 17: *        assembler's chain.  If T:FREF is clear, then he has
                 18: *        redefined the directive, so we go to him.
                 19: *        Otherwise we search the assembler's chain; if found
                 20: *        o.k., if not, that's o.k. too.
                 21: *
                 22: *
  2066           23: CHSYMD   EQU      *
  2066           24: CHSYMD1  ;LDX      #D0               ELSE GET HEAD OF SYSTEM CHAIN
2066 CE0EAA      25:          LDX      #D0
                 26:          ;JMP      FSYM1
2069 7E20C9      27:          JMP      FSYM1
                 28: *




ASM/6800 1.3H4: 2069 ASM/6800 1.4       - - - S Y M B O L    M A N I P U L A T I O N S - - -
08/16/82 00:00:00; Page 244; Form 50    - - - C H S Y M D - - -
ASM14A.EVAL.ASM
                  2: *44*
                  3: *
                  4: * FINDAF --
                  5: *        SCANS FROM AFPTR TO END OF FIELD, THEN FINDS FIRST
                  6: *        THING AFTER TERMINATOR; SETS AFPTR TO POINT TO IT.
                  7: *
                  8: * ONLY ALLOWS ONE SYMBOL FOLLOWED BY A TERMINATOR. SYNTAX ERR IF NOT.
                  9: *
                 10: *
  206C           11: FINDAF   ;LDX      AFPTR
206C DE26        12:          LDX      AFPTR
                 13:          ;JSR      GNOBX             GET FIRST OBJECT,
206E BD1E38      14:          JSR      GNOBX
2071 2006        15:          BRA      FINDAF1           AND GO TEST IT
                 16: *
  2073           17: FINDAFE  ;JSR     SYNTAX            ERROR BUT KEEP SCANNING
2073 BD0867      18:          JSR      SYNTAX
  2076           19: FINDAFL  ;JSR      GNOBJ             WHAT'S NEXT.
2076 BD1E2C      20:          JSR      GNOBJ
  2079           21: FINDAF1  ;CMPA    #O:SYM            A SYM?
2079 8101        22:          CMPA     #O:SYM
207B 27F9        23:          BEQ      FINDAFL           IF FOUND SYM - NOW LOOK FOR TERM
                 24:          ;CMPA    #O:TERM           A TERM?
207D 8106        25:          CMPA     #O:TERM
207F 26F2        26:          BNE      FINDAFE           IF NOT, ERROR BUT KEEP SCANNING TO A TERM
                 27:          ;CMPB     #ASCII:COMMA     JUST END OF THIS SUBFIELD?
2081 C12C        28:          CMPB     #ASCII:COMMA
2083 27EE        29:          BEQ      FINDAFE           B/ YES:  KEEP GOING.
2085 DF26        30:          STX      AFPTR             ELSE: SAVE POINTER,
2087 39          31:          RTS                        AND SPLIT.




ASM/6800 1.3H4: 2087 ASM/6800 1.4       - - - S Y M B O L    M A N I P U L A T I O N S - - -
08/16/82 00:00:00; Page 245; Form 51    - - - C H S Y M D - - -
ASM14A.EVAL.ASM
                  2: *49*
                  3: *
                  4: *  HASH--
                  5: *        Computes hash pointer for a symbol in SYM.  The hashing
                  6: *        algorithm used is Out-of-table Chaining; the hash code
                  7: *        is generated by accumulating a weird sum.
                  8: *        HASH:M is a mask which determines the size of the hash
                  9: *        table; note that the first pointer returned is a pointer
                 10: *        to the appropriate hash bucket.
                 11: *        (The above means that S:NEXT must be the first entry in
                 12: *         a symbol).
                 13: *
                 14: ******
                 15: *
                 16: * HASH:PTR WORKS LIKE HASH EXCEPT THAT THE SYMBOL IS NOT IN SYM
                 17: * BUT RATHER IT IS POINTED TO BY THE X REG.
                 18: *      X=START OF SYM BLOCK
                 19: *
  2088           20: HASH     EQU      *
                 21:          ;LDX     #SYM:BLK          LOAD POINTER TO DUMMY SYM BLOCK.
2088 CE005D      22:          LDX      #SYM:BLK
                 23: 
  208B           24: HASH:PTR EQU      *
208B E605        25:          LDAB     S:LEN,X           LOAD LENGTH FOR HASH
208D 4F          26:          CLRA                       CLEAR ACCUMULATED SUM
208E 49          27: HASHL    ROLA                       LEFT-SHIFT SUM,
208F A906        28:          ADCA     S:TEXT,X          ADD THE CARRY IN W/ THE NEXT CH.
2091 08          29:          INX                        POINT TO NEXT
2092 5A          30:          DECB                       ANY LEFT TO SUM?
2093 26F9        31:          BNE      HASHL             B/ YES:  GO.
2095 847F        32:          ANDA     #HASH:M           GET RID OF TRASH BITS;
2097 48          33:          ASLA                       MAKE IT A WORD INDEX
2098 8B8D        34:          ADDA     #HSHTBL&$FF       MAKE LOW BYTE OF ADDRESS,
209A 36          35:          PSHA                       SAVE,
209B 8630        36:          LDAA     #HSHTBL/256       MAKE HIGH BYTE OF ADDRESS,
209D 8900        37:          ADCA     #0
209F 36          38:          PSHA
                 39:          ;PULX                      Get pointer to hash bucket
20A0 30          40:          TSX
20A1 EE00        41:          LDX      0,X




ASM/6800 1.3H4: 20A3 ASM/6800 1.4       - - - S Y M B O L    M A N I P U L A T I O N S - - -
08/16/82 00:00:00; Page 246; Form 51    - - - C H S Y M D - - -
ASM14A.EVAL.ASM
20A3 31          42:          INS
20A4 31          43:          INS
20A5 39          44:          RTS                         and leave




ASM/6800 1.3H4: 20A5 ASM/6800 1.4       - - - S Y M B O L    M A N I P U L A T I O N S - - -
08/16/82 00:00:00; Page 247; Form 52    - - - C H S Y M D - - -
ASM14A.EVAL.ASM
                  2: *50*
                  3: *
                  4: * GTBLK:
                  5: *
                  6: *        GET A BLOCK FROM THE SYMBOL TABLE.
                  7: *        ACCB HOLDS # OF BYTES WANTED;
                  8: *        ON EXIT, A BNE WILL SUCCEED IFF. THE BLOCK WAS OBTAINED.
                  9: *        OTHERWISE, ERROR SYMOV (SYMBOL TABLE OVERFLOW) HAS NOT
                 10: *        BEEN REPORTED AND X IS CLEARED.
                 11: *           IF THE BLOCK WAS OBTAINED, (X) IS THE ADDRESS; THE
                 12: *        ADDRESS IS ALSO SAVED IN STPTR.
                 13: *
  20A6           14: GTBLK    EQU      *
20A6 96AD        15:          LDAA     STPTR+1           CALCULATE NEW POINTER.
20A8 10          16:          SBA                        NEED (B) BYTES.
20A9 D6AC        17:          LDAB     STPTR             GET HIGH BYTE OF POINTER,
20AB C200        18:          SBCB     #0                WITH CARRY
20AD 36          19:          PSHA                       SAVE LOW BYTE,
20AE 37          20:          PSHB                       AND HIGH BYTE.
20AF 90BD        21:          SUBA     STLOW+1           COMPARE TO POINTER TO LAST AVAILABLE
20B1 D2BC        22:          SBCB     STLOW             ...BYTE:
20B3 2206        23:          BHI      GTBLK1            B/ THERE IS ROOM.
                 24:          ;LEAS    2,S               POP POINTER,
  0000           25:          IF       2<0
 *S*             26:          RPT      -2
 *S*             27:          DES
                 28:          ELSE
  0002           29:          RPT      2
20B5 31          30:          INS
                 31:          FIN
                 32:          ;LDX      #0                SIGNAL: NO BLOCK
20B7 CE0000      33:          LDX      #0
20BA 39          34:          RTS                        AND SPLIT.
                 35: *
  20BB           36: GTBLK1   ;PULX                      Get pointer to block
20BB 30          37:          TSX
20BC EE00        38:          LDX      0,X
20BE 31          39:          INS
20BF 31          40:          INS
20C0 DFAC        41:          STX      STPTR             SAVE POINTER,




ASM/6800 1.3H4: 20C2 ASM/6800 1.4       - - - S Y M B O L    M A N I P U L A T I O N S - - -
08/16/82 00:00:00; Page 248; Form 52    - - - C H S Y M D - - -
ASM14A.EVAL.ASM
20C2 39          42:          RTS                        AND SPLIT.




ASM/6800 1.3H4: 20C2 ASM/6800 1.4       - - - S Y M B O L    M A N I P U L A T I O N S - - -
08/16/82 00:00:00; Page 249; Form 53    - - - C H S Y M D - - -
ASM14A.EVAL.ASM
                  2: *48*
                  3: *
                  4: * FSYM
                  5: *        FINDS SYMBOL WHICH IS IN SYM IN THE SYMBOL TABLE AS
                  6: *        A USER SYMBOL.  A HASHING ALGORITHM IS USED;  SEE
                  7: *        HASH (BELOW).  If entered through FINDSYM1, then X
                  8: *        is assumed to contain first link of the chain.  If the
                  9: *        symbol is found, then CCZ = 0, and SYMPT points to first
                 10: *        byte of entry.  Otherwise CCZ = 1, and SYMPT points to
                 11: *        the last entry in the chain.  Entries in the table are
                 12: *        assumed to be of the following form:
                 13: *
                 14: *        S:NEXT   ==> Pointer to next entry in chain, or zero if last.
                 15: *        S:NEXT+1
                 16: *        S:VAL    ==> Value of symbol.
                 17: *        S:VAL+1
                 18: *        S:TYPE   ==>  Type of symbol.
                 19: *        S:LEN    ==>  # of characters in text.
                 20: *        S:TEXT   ==>  Zero or more text characters.
                 21: *
  20C3           22: FSYM     EQU      *
20C3 8DC3        23:          BSR      HASH              GET HASH CODE FOR SYM
20C5 2002        24:          BRA      FSYM1
                 25: 
  20C7           26: FSYME    ;LDX      SYMPT             NEW ITERATION:  GET POINTER,
20C7 DE38        27:          LDX      SYMPT
                 28: *
  20C9           29: FSYM1    EQU      *                 COME HERE W/ YOUR OWN POINTER.
  0001           30:          DO       M6809=0
20C9 9662        31:          LDAA     SYM               Length of target symbol
  0001           32:          ELSE
 *S*             33:          ;LDD     SYM               GET LENGTH OF TARGET SYMBOL
 *S*             34:          LDAB     SYM+1
 *S*             35:          LDAA     SYM
                 36:          FIN
20CB DF38        37: FSYM2    STX      SYMPT             SAVE POINTER
                 38:          ;LDX      S:NEXT,X          GET POINTER TO NEXT.
20CD EE00        39:          LDX      S:NEXT,X
20CF 2724        40:          BEQ      FSYMX             B/ HIT END OF CHAIN.
                 41: *




ASM/6800 1.3H4: 20CF ASM/6800 1.4       - - - S Y M B O L    M A N I P U L A T I O N S - - -
08/16/82 00:00:00; Page 250; Form 53    - - - C H S Y M D - - -
ASM14A.EVAL.ASM
  0001           42:          DO       M6809=0
                 43:          ;CMPA     S:LEN,X           CHECK LENGTH OF THIS SYM...
20D1 A105        44:          CMPA     S:LEN,X
  0001           45:          ELSE
 *S*             46:          ;CMPD    S:LEN,X           Check length and first byte
 *S*             47:          CMPA     S:LEN,X
 *S*             48:          BNE      MACRO:0001
 *S*             49:          CMPB     (S:LEN)+1,X
 *S*             50: MACRO:0001
                 51:          FIN
20D3 26F6        52:          BNE      FSYM2             B/ CAN'T MATCH:  TRY NEXT.
                 53: *
                 54: * FOUND POSSIBLE MATCH:  DO COMPARISON.
                 55: *
20D5 DF38        56:          STX      SYMPT             SAVE POINTER TO ME...
20D7 DF34        57:          STX      TPTR              SAVE TEMP POINTER FOR COMPARISON.
  0001           58:          DO       M6809=0
                 59:          ;LDX      #SYM+1            GET POINTER TO SYM FOR COMPARE.
20D9 CE0063      60:          LDX      #SYM+1
20DC 2002        61:          BRA      FSYM4             AND ENTER LOOP.
  0001           62:          ELSE
 *S*             63:          LEAY     S:TEXT,X          A(1st char of symbol)
 *S*             64:          ;LDX     #SYM+1
 *S*             65:          LDX      #SYM+1
                 66:          FIN
                 67: 
  0001           68:          DO       M6809=0
  20DE           69: FSYM3    ;LDX      TPTR1             GET POINTER TO NEXT CH IN SYM.
20DE DE36        70:          LDX      TPTR1
20E0 E600        71: FSYM4    LDAB     0,X               GET NEXT CH FROM TARGET SYM.
20E2 08          72:          INX                        POINT TO NEXT
20E3 DF36        73:          STX      TPTR1             AND SAVE.
                 74:          ;LDX      TPTR              GET POINTER TO NEXT IN TABLE,
20E5 DE34        75:          LDX      TPTR
                 76:          ;CMPB     S:TEXT,X          IS THIS ONE EQUAL, TOO?
20E7 E106        77:          CMPB     S:TEXT,X
20E9 26DC        78:          BNE      FSYME             B/ NO:  DO NEXT.
20EB 08          79:          INX
20EC DF34        80:          STX      TPTR              POINT TO NEXT,
20EE 4A          81:          DECA                       ALL DONE?




ASM/6800 1.3H4: 20EF ASM/6800 1.4       - - - S Y M B O L    M A N I P U L A T I O N S - - -
08/16/82 00:00:00; Page 251; Form 53    - - - C H S Y M D - - -
ASM14A.EVAL.ASM
20EF 26ED        82:          BNE      FSYM3             B/ NO.
  0001           83:          ELSE
 *S*             84: FSYM3    LDAB     ,X+               Char from SYM
 *S*             85:          ;CMPB    ,Y+                compare with char in table
 *S*             86:          CMPB     
 *S*             87:          BNE      FSYME             B/ No match
 *S*             88:          DECA                       ALL DONE?
 *S*             89:          BNE      FSYM3             B/ NO.
                 90:          FIN
                 91: * FOUND SYM:  SYMPT IS CORRECT.
                 92:          ;LDX      SYMPT             RETURN A POINTER
20F1 DE38        93:          LDX      SYMPT
20F3 4F          94:          CLRA                       SET CCZ
20F4 39          95:          RTS                        SO LEAVE;  Z IS SET.
                 96: *
                 97: * HIT END OF CHAIN:  SYMPT POINTS TO PREVIOUS BLOCK.
                 98: *
  20F5           99: FSYMX    ;LDX      SYMPT             GET POINTER, SETTING CCZ
20F5 DE38       100:          LDX      SYMPT
20F7 39         101:          RTS                        AND EXIT.




ASM/6800 1.3H4: 20F7 ASM/6800 1.4       - - - S Y M B O L    M A N I P U L A T I O N S - - -
08/16/82 00:00:00; Page 252; Form 54    - - - E N T S Y M - - -
ASM14A.EVAL.ASM
                  2: *50.1*
                  3: *
                  4: *  ENTSYM:
                  5: *        ENTER A SYMBOL (FROM SYM) INTO TABLE.
                  6: *
                  7: * CALL:
                  8: *        JSR      ENTSYM
                  9: *
                 10: * INPUT:
                 11: *        SYM      CONTAINS SYMBOL
                 12: *        TYPE     CONTAINS TYPE FOR SYMBOL
                 13: *        VAL      CONTAINS VALUE FOR SYMBOL
                 14: *
                 15: *        STPTR    CONTAINS @ OF LOW END OF TABLE.
                 16: *
                 17: * OUTPUT:
                 18: *        SYMPT    CONTAINS ADDRESS OF SYMBOL BLOCK IN TABLE
                 19: *
                 20: * NOTE THAT VAL, TYPE AND SYM MUST BE ARRANGED TO LOOK LIKE A
                 21: * SYMBOL ENTRY.
                 22: *
  20F8           23: ENTSYM   EQU      *
20F8 D662        24:          LDAB     SYM               GET # OF BYTES IN SYMBOL,
20FA CB06        25:          ADDB     #SENT:L           ADD ON OVERHEAD,
20FC 37          26:          PSHB                       AND SAVE FOR LATER.
                 27:          ;JSR      GTBLK             GO GET A BLOCK
20FD BD20A6      28:          JSR      GTBLK
2100 261D        29:          BNE      ENTSYM1           B/ NOT OUT OF ROOM.
                 30:          ;JSR     SYMOV                  OUT OF ROOM: REPORT TO ERROR HANDLER
2102 BD0893      31:          JSR      SYMOV
                 32:          ;LDX     NULLSYM+1         INITIALIZE THE DUMMY SYMBOL
2105 FE211B      33:          LDX      NULLSYM+1
2108 FF2F36      34:          STX      NULLTMP+1
                 35:          ;LDX     NULLSYM+2+1
210B FE211D      36:          LDX      NULLSYM+2+1
210E FF2F38      37:          STX      NULLTMP+2+1
                 38:          ;LDX     #NULLTMP-2        LOAD PTR TO DUMMY ENTRY
2111 CE2F33      39:          LDX      #NULLTMP-2
                 40:          ;CLR     NULLTMP
2114 7F2F35      41:          CLR      NULLTMP




ASM/6800 1.3H4: 2117 ASM/6800 1.4       - - - S Y M B O L    M A N I P U L A T I O N S - - -
08/16/82 00:00:00; Page 253; Form 54    - - - E N T S Y M - - -
ASM14A.EVAL.ASM
2117 31          42:          INS                        POP SIZE,
2118 202C        43:          BRA      ENTSYM2           AND LEAVE.
                 44: *
  211A           45: NULLSYM  EQU      *
211A 0000        46:          FDB      0                 VALUE
211C 04          47:          FCB      T:UNDF            TYPE=UNDEF
211D 013F        48:          FCB      1,'?              SYMBOL NAME
                 49: *
                 50: * FOUND ROOM TO PUT THE SYMBOL IN:
                 51: *
  211F           52: ENTSYM1  EQU      *                 (REMEMBER: X HOLDS POINTER TO BLOCK)
211F DF34        53:          STX      TPTR              SAVE FOR LATER;
2121 33          54:          PULB                       GET LENGTH BACK,
                 55:          ;LDX      #SYM:BLK          GET POINTER TO FIRST BYTE TO COPY,
2122 CE005D      56:          LDX      #SYM:BLK
  2125           57: ENTSYML  EQU      *
2125 DF36        58:          STX      TPTR1             AND SAVE IT.
2127 A600        59:          LDAA     0,X               GET NEXT BYTE OF ENTRY,
                 60:          ;LDX      TPTR              GET POINTER INTO TABLE,
2129 DE34        61:          LDX      TPTR
212B A700        62:          STAA     0,X
212D 08          63:          INX
212E DF34        64:          STX      TPTR              AND SAVE (TPTR)+
                 65:          ;LDX      TPTR1             GET NEW POINTER,
2130 DE36        66:          LDX      TPTR1
2132 08          67:          INX                        POINT TO NEXT,
2133 5A          68:          DECB
2134 26EF        69:          BNE      ENTSYML           B/ GO COPY ANOTHER.
                 70:          ;LDX      SYMPT             LINK THIS SYMBOL INTO CHAIN:
2136 DE38        71:          LDX      SYMPT
2138 96AC        72:          LDAA     STPTR             GET NEW ADDRESS,
213A A700        73:          STAA     S:NEXT,X          POKE IT IN.
213C 96AD        74:          LDAA     STPTR+1
213E A701        75:          STAA     S:NEXT+1,X        DITTO FOR LOW BYTE.
                 76:          ;LDX      STPTR             NOW, POINT TO NEW SYM,
2140 DEAC        77:          LDX      STPTR
                 78:          ;CLR      S:NEXT,X          AND MAKE IT THE LAST.
2142 6F00        79:          CLR      S:NEXT,X
                 80:          ;CLR      S:NEXT+1,X
2144 6F01        81:          CLR      S:NEXT+1,X




ASM/6800 1.3H4: 2144 ASM/6800 1.4       - - - S Y M B O L    M A N I P U L A T I O N S - - -
08/16/82 00:00:00; Page 254; Form 54    - - - E N T S Y M - - -
ASM14A.EVAL.ASM
                 82: *
2146 DF38        83: ENTSYM2  STX      SYMPT             SAVE POINTER TO THIS SYM,
2148 39          84:          RTS                        AND EXIT.




ASM/6800 1.3H4: 2148 ASM/6800 1.4       - - - S Y M B O L    M A N I P U L A T I O N S - - -
08/16/82 00:00:00; Page 255; Form 55    - - - S Y M L K - - -
ASM14A.EVAL.ASM
                  2: *51*
                  3: *
                  4: * NAME:  SYMLK
                  5: *        LOOK UP SYM IN SYMBOL TABLE, ENTER IT IF IT ISN'T THERE.
                  6: *
                  7: * INPUT:
                  8: *        SYM,     CONTAINS SYMBOL TO LOOK FOR.
                  9: *
                 10: * OUTPUT:
                 11: *        TYPE,    CONTAINS TYPE OF SYMBOL.
                 12: *        VAL,     CONTAINS VALUE OF SYMBOL.
                 13: *        SYMPT,   POINTS TO SYMBOL IN TABLE.
                 14: *        XTYPE,   MODIFIED TO ACCOUNT FOR SYMBOL'S TYPE.
                 15: *
                 16: * ERRORS:
                 17: *        IF SYMBOL IS UNDEFINED, THEN *UNDEF* IS FLAGGED.
                 18: *        IF SYMBOL IS A DOUBLE-DEF, THEN *DDEF-USE* IS FLAGGED.
                 19: *
  2149           20: SYMLK    ;JSR      FSYM              LOOK FOR THE SYMBOL IN THE TABLE.
2149 BD20C3      21:          JSR      FSYM
214C 270B        22:          BEQ      SYMLK1            B/ FOUND IT:  CHECK TYPES.
                 23: *
                 24: * NEED TO ENTER SYM IN TABLE:
                 25: *
214E 8604        26:          LDAA     #T:UNDF           IT'S UNDEFINED,
2150 9761        27:          STAA     TYPE
                 28:          ;LDX      #0                W/ NO VALUE.
2152 CE0000      29:          LDX      #0
2155 DF5F        30:          STX      VAL
2157 8D9F        31:          BSR      ENTSYM            ENTER IT.  SYMPT WILL BE GOOD.
                 32: *
                 33: * (X) NOW POINTS TO SYMBOL ENTRY.
                 34: *
  2159           35: SYMLK1   EQU      *
2159 A604        36:          LDAA     S:TYPE,X
215B 9761        37:          STAA     TYPE              COPY THE TYPE TO APPROPRIATE PLACE.
215D 8A08        38:          ORAA     #T:USED           IT HAS BEEN USED;
215F A704        39:          STAA     S:TYPE,X          REMEMBER THAT.
                 40:          ;LDX      S:VAL,X           ALONG W/ THE VALUE.
2161 EE02        41:          LDX      S:VAL,X




ASM/6800 1.3H4: 2163 ASM/6800 1.4       - - - S Y M B O L    M A N I P U L A T I O N S - - -
08/16/82 00:00:00; Page 256; Form 55    - - - S Y M L K - - -
ASM14A.EVAL.ASM
2163 DF5F        42:          STX      VAL
2165 8504        43:          BITA     #T:UNDF           IS IT UNDEFINED?
2167 2703        44:          BEQ      SYMLK2A           B/ NO.
                 45:          ;JSR      UNDEF             ELSE FLAG UNDEFINED SYMBOL.
2169 BD086F      46:          JSR      UNDEF
216C 8510        47: SYMLK2A  BITA     #T:DDEF           IS IT A DBL-DEF?
216E 2703        48:          BEQ      SYMLK3            B/ NO.
                 49:          ;JSR      UDDEF             *E* USE OF DBL-DEF.
2170 BD0877      50:          JSR      UDDEF
  2173           51: SYMLK3   EQU      *
2173 39          52:          RTS                        >>>ALL DONE, GO HOME.<<<




ASM/6800 1.3H4: 2173 ASM/6800 1.4       - - - S Y M B O L    M A N I P U L A T I O N S - - -
08/16/82 00:00:00; Page 257; Form 56    - - - S Y M D E F - - -
ASM14A.EVAL.ASM
                  2: *51*
                  3: *
                  4: * NAME:  SYMDEF
                  5: *        DEFINES A SYMBOL; CHECKS FOR DOUBLE DEFS, ETC.
                  6: *
                  7: * ENTRY:  SYMEQU
                  8: *        EQUATES SYM TO VAL, TYPE
                  9: *
                 10: * ENTRY:  SYMSET
                 11: *        SETS SYM TO VAL, TYPE:  CAN BE RESET.
                 12: *
                 13: * INPUT:
                 14: *        (A)      TYPE BIT: EITHER T:SET OR ZERO.
                 15: *        SYM      SYMBOL TO BE DEFINED.
                 16: *        VAL      VALUE TO BE GIVEN TO SYMBOL.
                 17: *        TYPE     TYPE TO BE GIVEN TO SYMBOL.
                 18: *
                 19: * ERRORS:
                 20: *        IF SYMBOL WAS PREVIOUSLY EQU'ED, OR IF SYMBOL WAS
                 21: *        SET AND NOW IS BEING EQU'ED, THEN
                 22: *        *DDEF* IS FLAGGED.
                 23: *
                 24: *
  2174           25: ENTIT    ;JMP     ENTSYM            HOP,HOP,HOP,HOP
2174 7E20F8      26:          JMP      ENTSYM
                 27: *
2177 8602        28: SYMSET   LDAA     #T:SET            GET TYPE BITS
2179 2001        29:          BRA      SYMEQU1
                 30: 
217B 4F          31: SYMEQU   CLRA                       IT'S AN EQUATE.
217C 9A61        32: SYMEQU1  ORAA     TYPE              SAVE TYPE BITS.
217E 9761        33:          STAA     TYPE
                 34: *
  2180           35: SYMDEF   EQU      *
                 36:          ;JSR      FSYM              IS SYMBOL DEFINED?
2180 BD20C3      37:          JSR      FSYM
2183 2709        38:          BEQ      OLDSYM            IF SO, GO ON
2185 9654        39:          LDAA     PASS              CK/ SYMBOL DEF ATTEMPTED DURING PASS 2?
2187 27EB        40:          BEQ      ENTIT               B/ NO, THIS IS PASS 1.  ENTER IT.
                 41:          ;JSR     PHASERR           YES: REPORT **PHASE ERROR**,




ASM/6800 1.3H4: 2189 ASM/6800 1.4       - - - S Y M B O L    M A N I P U L A T I O N S - - -
08/16/82 00:00:00; Page 258; Form 56    - - - S Y M D E F - - -
ASM14A.EVAL.ASM
2189 BD089B      42:          JSR      PHASERR
218C 20E6        43:          BRA      ENTIT               BUT ENTER IT ANYWAY.
                 44: *
  218E           45: OLDSYM   EQU      *
                 46: *
                 47: * CHECK WHETHER IT IS LEGAL TO REDEFINE THE SYMBOL.
                 48: *
218E A604        49:          LDAA     S:TYPE,X          GET THE TYPE BITS.
2190 8507        50:          BITA     #T:UNDF!T:FREF!T:SET  IS IT LEGAL TO REDEFINE?
2192 273C        51:          BEQ      SYMDEF2           B/ NO:  ERROR.
2194 8510        52:          BITA     #T:DDEF           CK/ WAS DDEF DETECTED IN PASS 2?
2196 2706        53:          BEQ      SYMDEF0             B/ NO.  NO ERROR.
2198 8D3E        54:          BSR      SYMDDEF           **DOUBLE DEF** BUT SET VALUE HERE ANYWAY.
                 55: *
                 56: * MAYBE IT'S LEGAL TO REDEFINE THIS.
                 57: *
                 58:          ;LDX     SYMPT             IT IS A GOOD IDEA TO HAVE A REASONABLE PTR HERE;
219A DE38        59:          LDX      SYMPT
219C A604        60:          LDAA     S:TYPE,X          A GOOD TYPE IS HELPFUL TOO.
219E 8502        61: SYMDEF0  BITA     #T:SET            CK/ WAS SYMBOL PREVIOUSLY SET?
21A0 2628        62:          BNE      SYMDEF3             B/ YES: MAKE SURE THIS IS A SET OPERATION.
                 63: *
                 64: * FORWARD REF RESOLUTION:
                 65: *   (I DON'T LIKE THIS CODE VERY MUCH, BUT AH, WELL...)
                 66: *
21A2 8504        67:          BITA     #T:UNDF           CK/ IS SYMBOL TRULY UNDEFINED?
21A4 2611        68:          BNE      SYMDEF1             B/ YES.  ALWAYS GIVE NEW VALUE.
21A6 D661        69:          LDAB     TYPE              GET TYPE OF OPERATION (INPUT AS ARGUMENT).
21A8 C502        70:          BITB     #T:SET              CK/ ARE WE DOING A SET?
21AA 2624        71:          BNE      SYMDEF2             B/ YUP.  NOT KOSHER TO SET A PREV. EQU'D SYM.  
                 72: *
                 73: * IT'S AN FREF
                 74: *
                 75:          ;LDX     SYMPT             ELSE CHECK FOR PHASE ERROR
21AC DE38        76:          LDX      SYMPT
                 77:          ;LDX     S:VAL,X             IS VALUE SUPPLIED SAME AS OLD
21AE EE02        78:          LDX      S:VAL,X
21B0 9C5F        79:          CPX      VAL                 VALUE OF SYMBOL?
21B2 2703        80:          BEQ      SYMDEF1           B/ YES:  NO PHASE ERROR HAS OCCURED.
                 81:          ;JSR     PHASERR           ELSE REPORT PHASE ERROR AND SET VAL ANYWAY.




ASM/6800 1.3H4: 21B4 ASM/6800 1.4       - - - S Y M B O L    M A N I P U L A T I O N S - - -
08/16/82 00:00:00; Page 259; Form 56    - - - S Y M D E F - - -
ASM14A.EVAL.ASM
21B4 BD089B      82:          JSR      PHASERR
  21B7           83: SYMDEF1  ;LDX      SYMPT             MAKE SURE WE HAVE THE RIGHT POINTER
21B7 DE38        84:          LDX      SYMPT
21B9 A604        85:          LDAA     S:TYPE,X          GET SYMBOL TYPE,
21BB 8418        86:          ANDA     #T:USED!T:DDEF     THESE ATTRIBUTES ARE PRESERVED
21BD 9A61        87:          ORAA     TYPE              ACROSS REDEFINITION.
21BF A704        88:          STAA     S:TYPE,X
21C1 965F        89:          LDAA     VAL
21C3 A702        90:          STAA     S:VAL,X
21C5 9660        91:          LDAA     VAL+1
21C7 A703        92:          STAA     S:VAL+1,X
21C9 39          93:          RTS
                 94: *
                 95: * THIS SYMBOL WAS OPERATED ON BY A SET BEFORE:  IS THIS A
                 96: * SET OPERATION?
                 97: *
21CA 9661        98: SYMDEF3  LDAA     TYPE
21CC 8502        99:          BITA     #T:SET
21CE 26E7       100:          BNE      SYMDEF1           B/ YES:  GO DO IT.
                101: *
                102: * ATTEMPT ILLEGALLY TO REDEFINE A SYMBOL.
                103: *
21D0 A604       104: SYMDEF2  LDAA     S:TYPE,X
21D2 84FE       105:          ANDA     #\T:FREF          FORWARD NO MORE! (OR SLAPSTICK?)
21D4 8A10       106:          ORAA     #T:DDEF           REMEMBER DOUBLE DEFINITION.
21D6 A704       107:          STAA     S:TYPE,X          AND SAVE.
  21D8          108: SYMDDEF  ;JMP     DDEF              *E* DOUBLE DEF!
21D8 7E0873     109:          JMP      DDEF




ASM/6800 1.3H4: 21D8 ASM/6800 1.4       - - - S Y M B O L    M A N I P U L A T I O N S - - -
08/16/82 00:00:00; Page 260; Form 57    - - L F E Q U - - -
ASM14A.EVAL.ASM
                  2: *52*
                  3: *
                  4: * NAME:  LFEQU
                  5: *        EQUATES ALL OF LF TO VALUE, XTYPE
                  6: *
                  7: * ENTRY:  LFSET
                  8: *        SETS ALL OF LF TO VAL
                  9: *
                 10: * ENTRY:  LFPC
                 11: *        EQUATES ALL OF LF TO PC
                 12: *
  21DB           13: LFPC     EQU      *
                 14:          ;LDX      PC
21DB DE96        15:          LDX      PC
21DD DF5F        16:          STX      VAL               QUICK KLUDGE...
21DF 4F          17:          CLRA                       MAKE SURE TYPE IS SET CORRECTLY.
21E0 9759        18:          STAA     XTYPE               I.E., NON-FREF, ABS, EQU.
  21E2           19: LFEQU    EQU      *
21E2 4F          20:          CLRA                       THIS IS AN EQU..
21E3 2002        21:          BRA      LFSET1
                 22: 
  21E5           23: LFSET    EQU      *
21E5 8602        24:          LDAA     #T:SET            THIS IS A SET...
21E7 9A59        25: LFSET1   ORAA     XTYPE             MERGE INTO EXP. TYPE.
21E9 9761        26: LFEQ0    STAA     TYPE              SAVE THE TYPE,
                 27:          ;LDX      LFPTR             GET POINTER TO LF,
21EB DE22        28:          LDX      LFPTR
                 29:          ;JSR      GNOBX             GET FIRST OBJECT.
21ED BD1E38      30:          JSR      GNOBX
                 31:          ;INC      RJOBJ             REJECT IT.
21F0 7C005C      32:          INC      RJOBJ
  21F3           33: LFEQL    ;JSR      GNOB:SJ           GET OBJ AND FORK.
21F3 BD1BB8      34:          JSR      GNOB:SJ
21F6 06          35:          FCB      +O:TERM           A TERMINATOR?
21F7 2200        36:          FDB      LFEQ1             B/ YES:  MAYBE DONE.
21F9 01          37:          FCB      +O:SYM            A SYMBOL?
21FA 2205        38:          FDB      LFEQ2             B/ YES:  DEFINE IT.
21FC 00          39:          FCB      +0                END OF LIST.         
  21FD           40: LFEQE    ;JMP      ILLF              *E* ILLEGAL LABEL FIELD.
21FD 7E0863      41:          JMP      ILLF




ASM/6800 1.3H4: 21FD ASM/6800 1.4       - - - S Y M B O L    M A N I P U L A T I O N S - - -
08/16/82 00:00:00; Page 261; Form 57    - - L F E Q U - - -
ASM14A.EVAL.ASM
                 42: *
  2200           43: LFEQ1    ;CMPB     #ASCII:COMMA     A COMMA?
2200 C12C        44:          CMPB     #ASCII:COMMA
2202 27EF        45:          BEQ      LFEQL             B/ YES: GO ON EATING LF.
2204 39          46:          RTS                        OTHERWISE: ALL DONE.
                 47: *
  2205           48: LFEQ2    ;JSR      SYMDEF            GO DEFINE THE SYMBOL,
2205 BD2180      49:          JSR      SYMDEF
2208 20E9        50:          BRA      LFEQL             AND GO ON.
                111:          END      ;UNEXPECTED EOF
                  0:          INCLUDE  ASM14A.IOFM.ASM




ASM/6800 1.3H4: 2208 ASM/6800 1.4       - - - I / O    S E C T I O N - - -
08/16/82 00:00:00; Page 262; Form 1     - - - I / O   F U N C T I O N S - - -
ASM14A.IOFM.ASM
                  3: *
                  4: *
                  5: *   I / O   S E C T I O N   O F   A S M - 1 2 5
                  6: *   -------------------------------------------
                  7: *
                  8: *
                  9: *        All sorts of crud is located hereabouts...
                 10: *
                 11: *        (This is meant to be a general description of how
                 12: *         I/O is structured in ASM-125. . . . I'll tell you
                 13: *         more when I figure out what I'm doing.)
                 14: *
                 15: *
                 16: *        MODIFIED FOR SD I/O PACKAGE -- 7/22/1977 - STEFAN DEMETRESCU
                 17: *
                 18: *
                 19: *    H E R E   T H E R E   B E   M O N S T E R S
                 20: *
                 21: *
                 22: *




ASM/6800 1.3H4: 2208 ASM/6800 1.4       - - - I / O    S E C T I O N - - -
08/16/82 00:00:00; Page 263; Form 2     - - - L I S T - - -
ASM14A.IOFM.ASM
                  2: *
                  3: *
                  4: *  L I S T
                  5: *
                  6: *
220A 3A0900       7: LST:     FCB      ':,TAB,0
                  8: *
  220D            9: LIST     EQU      *
220D 9654        10:          LDAA     PASS              DO NOTHING, PASS 1
220F 2756        11:          BEQ      LISTR
2211 96C1        12:          LDAA     LIST:T
2213 D6A0        13:          LDAB     LIST:P
2215 8401        14:          ANDA     #LF:ERR           ERROR ON THIS LINE?
2217 9784        15:          STAA     DOCOPY            IF ERROR THEN COPY LO TO CONS
2219 2617        16:          BNE      LIST1             B/ YES: ALWAYS LIST.
                 17: * NO ERROR:
221B C501        18:          BITB     #LL:LIST          LISTING ON?
221D 2748        19:          BEQ      LISTR             B/ NO: RETURN.
                 20: * NO ERROR, LISTING ON:  CHECK FOR SUPPRESSION OF THIS TYPE
                 21: * OF LINE.
                 22: *
221F 96C1        23: LIST05   LDAA     LIST:T            RELOAD THE FLAGS
                 24:          ;LDX      #LSTSUP           GET @ OF LIST
2221 CE226D      25:          LDX      #LSTSUP
2224 A500        26: LIST10   BITA     0,X
2226 2704        27:          BEQ      LIST11            IF T-BIT IS ON...
2228 E501        28:          BITB     1,X               ...AND P-BIT IS OFF...
222A 273B        29:          BEQ      LISTR             ...THEN DONT LIST ME.
                 30: *
  222C           31: LIST11   ;LEAX    2,X
  0000           32:          IF       2<0
 *S*             33:          RPT      -2
 *S*             34:          DEX
                 35:          ELSE
  0002           36:          RPT      2
222C 08          37:          INX
                 38:          FIN
222E 6D00        39:          TST      0,X
2230 26F2        40:          BNE      LIST10            KEEP TRYING.
                 41: *




ASM/6800 1.3H4: 2230 ASM/6800 1.4       - - - I / O    S E C T I O N - - -
08/16/82 00:00:00; Page 264; Form 2     - - - L I S T - - -
ASM14A.IOFM.ASM
                 42: * MUST PRINT:
                 43: *     STILL, IF LF:PTD IS ON, DON'T LIST THE LINE.
                 44: * I.E. DON'T LIST THE SI LINE BUT LIST OTHER SH--
                 45: *
                 46: *
  2232           47: LIST1    ;LDX      LBBEG
2232 DEB6        48:          LDX      LBBEG
                 49:          ;JSR      PTTL             PUMP OUT # ON LEFT
2234 BD2650      50:          JSR      PTTL
                 51: *        JSR      PUTB3               AND RESET ALL THE CRAP ON THE LEFT.  MAINLY FOR
2237 96C1        52:          LDAA     LIST:T            CK/ FLAGS FOR SOURCE LINE:
2239 8502        53:          BITA     #LF:PTD             IS IT ALREADY PRINTED?
223B 2619        54:          BNE      LIST2               B/ YES:  DON'T PRINT LINE AGAIN.
                 55: 
                 56: 
                 57: **** PRINT TEXT OF LINE ****
                 58: 
223D 8609        59:          LDAA     #TAB              MOVE OVER TO THE <LINE#> FIELD.
                 60:          ;JSR     LSTC                (WHICH IS CONVENIENTLY PLACED AT THE FIRST TAB 
223F BD24AB      61:          JSR      LSTC
2242 D692        62:          LDAB     LINEN+1           PRINT LINE #
2244 9691        63:          LDAA     LINEN
                 64:          ;JSR      PTNLB             PRINT W/ LEADING BLANKS
2246 BD266D      65:          JSR      PTNLB
                 66:          ;LDX      #LST:
2249 CE220A      67:          LDX      #LST:
                 68:          ;JSR      PTTL              PRINT LINE, NEXT TAB STOP
224C BD2650      69:          JSR      PTTL
                 70:          ;LDX      INBUF
224F DEAE        71:          LDX      INBUF
                 72:          ;JSR      PTTL              PRINT INPUT LINE.
2251 BD2650      73:          JSR      PTTL
2254 2007        74:          BRA      LIST21
                 75: *
  2256           76: LIST2    EQU      *                 SI LINE ALREADY PRINTED
2256 96A9        77:          LDAA     COLNO
2258 2703        78:          BEQ      LIST21            OPTIMIZE CRLF.
                 79:          ;JSR      CRLF             NO XTRA CR/LF IF LINE IS NULL
225A BD24CA      80:          JSR      CRLF
                 81: *




ASM/6800 1.3H4: 225D ASM/6800 1.4       - - - I / O    S E C T I O N - - -
08/16/82 00:00:00; Page 265; Form 2     - - - L I S T - - -
ASM14A.IOFM.ASM
225D 96C1        82: LIST21   LDAA     LIST:T
225F 8A02        83:          ORAA     #LF:PTD           MARK AS PRINTED
2261 97C1        84:          STAA     LIST:T
2263 8501        85:          BITA     #LF:ERR
2265 260F        86:          BNE      LISTE             IF ERR - GO PRT IT
                 87: *
  2267           88: LISTR    ;CLR     DOCOPY            CLEAR IN CASE IT WAS SET
2267 7F0084      89:          CLR      DOCOPY
                 90:          ;JMP     PUTB3               AND RESET THE LISTING BUFFER.
226A 7E26CF      91:          JMP      PUTB3
                 92: *
  226D           93: LSTSUP   EQU      *
226D 0202        94:          FCB      LF:PTD,LL:GEN
  0001           95:          IF       CONDASM=1!REPEAT=1
226F 4040        96:          FCB      LF:CA,LL:PCA
2271 0810        97:          FCB      LF:SKP,LL:SKP
                 98:          FIN
2273 0404        99:          FCB      LF:CC,LL:PCC
2275 00         100:          FCB      0




ASM/6800 1.3H4: 2275 ASM/6800 1.4       - - - I / O    S E C T I O N - - -
08/16/82 00:00:00; Page 266; Form 3     - - - L I S T   E R R O R S - - -
ASM14A.IOFM.ASM
                  2: *
                  3: *
                  4: * ONLY PRINTS AN ERROR ONCE SINCE ERR:F IS DESTROYED IN THIS ROUTINE
                  5: *
  2276            6: LISTE    EQU      *
  0000            7:          DO       BIGMSG=0
 *S*              8:          ;LDX      #STARS
 *S*              9:          LDX      #STARS
 *S*             10:          ;JSR      PTTL
 *S*             11:          JSR      PTTL
                 12:          FIN
                 13:          ;LDX      #EMSG
2276 CE22F6      14:          LDX      #EMSG
  2279           15: LIST30   EQU      *                 COME HERE TO LIST ANOTHER ERROR...
2279 74008C      16:          LSR      ERR:F+F$ERRMAX-1
  0002           17: LIST30$  RPT      F$ERRMAX-1
227C 76008B      18:          ROR      ERR:F+F$ERRMAX-2-(*-LIST30$)/(LIST30$-LIST30)
2282 2417        19:          BCC      LIST31
                 20: * PRINT MESSAGE
  0001           21:          DO       BIGMSG=1
2284 DF42        22:          STX      LTPTR2
                 23:          ;LDX      #STARS
2286 CE24A0      24:          LDX      #STARS
                 25:          ;JSR      PTTL
2289 BD2650      26:          JSR      PTTL
                 27:          ;LDX      LTPTR2
228C DE42        28:          LDX      LTPTR2
                 29:          FIN
                 30:          ;JSR      PTTL
228E BD2650      31:          JSR      PTTL
2291 08          32:          INX
  0001           33:          DO       BIGMSG=1
2292 DF42        34:          STX      LTPTR2
                 35:          ;JSR      CRLF
2294 BD24CA      36:          JSR      CRLF
                 37:          ;LDX      LTPTR2
2297 DE42        38:          LDX      LTPTR2
                 39:          FIN
2299 20DE        40:          BRA      LIST30
                 41: *




ASM/6800 1.3H4: 2299 ASM/6800 1.4       - - - I / O    S E C T I O N - - -
08/16/82 00:00:00; Page 267; Form 3     - - - L I S T   E R R O R S - - -
ASM14A.IOFM.ASM
  229B           42: LIST31   EQU      *                 SKIP TO NEXT MESSAGE.
229B A600        43:          LDAA     0,X
229D 08          44:          INX
229E 4D          45:          TSTA
229F 2EFA        46:          BGT      LIST31
22A1 27D6        47:          BEQ      LIST30
  0001           48:          IF       ERRLINES=1
22A3 8D02        49:          BSR      SVERL
                 50:          FIN
  0000           51:          IF       BIGMSG=0
 *S*             52:          ;JSR     CRLF
 *S*             53:          JSR      CRLF
                 54:          FIN
22A5 20C0        55:          BRA      LISTR             GO CLEAR DOCOPY FLAG




ASM/6800 1.3H4: 22A5 ASM/6800 1.4       - - - I / O    S E C T I O N - - -
08/16/82 00:00:00; Page 268; Form 4     - - - S V E R L - - -
ASM14A.IOFM.ASM
  0001            2:          IF       ERRLINES=1
                  3: *
                  4: *        SVERL:
                  5: *        SAVE ERROR LINE(S)
                  6: *        CONSTRUCTS ERROR-LINE LIST FOR PASS 2
                  7: *        ERROR LIST BLOCKS HAVE THE FOLLOWING FORM:
                  8: *        (X)  -->  0,1    NEXT; 0--> LAST
                  9: *          2,3    FPGE OF ERROR
                 10: *          4,5    LINE OF ERROR
                 11: *
  22A7           12: SVERL    EQU      *
22A7 9654        13:          LDAA     PASS              IS THIS PASS ONE ?
22A9 2722        14:          BEQ      SVERLR            B/ PASS ONE, DON'T KEEP ERRORS!
22AB 96BA        15:          LDAA     OPTF              IS THIS STUFF GOING TO GO ANYWHERE?
22AD 8580        16:          BITA     #OPT:EL           WELL?
22AF 271C        17:          BEQ      SVERLR            IF NOT, RETURN
                 18:          ;LDX     .CURINCLB         GET ADDRESS OF ERROR CHAIN
22B1 DEA7        19:          LDX      .CURINCLB
  0002           20:          rpt      INCLB:ERRCHN      Add appropriate value;
22B3 08          21:          INX
22B5 DF34        22:          STX      TPTR              SAVE CHAIN SCAN POINTER
  22B7           23: SVERL0   ;LDX     TPTR
22B7 DE34        24:          LDX      TPTR
                 25:          ;LDX     ERB:NEXT,X        FOLLOW LINK TO NEXT ERROR BLK
22B9 EE00        26:          LDX      ERB:NEXT,X
22BB 2711        27:          BEQ      SVERL1            B/ FOUND END
22BD DF34        28:          STX      TPTR              SAVE NEW ERROR BLOCK ADDRESS
                 29:          ;LDX     ERB:FPGE,X        IS THIS RIGHT PLACE FOR ERROR ?
22BF EE02        30:          LDX      ERB:FPGE,X
22C1 9C8F        31:          CPX      FPGE              ( = PROPER FPGE ?)
22C3 26F2        32:          BNE      SVERL0            NO, KEEP LOOKING
                 33:          ;LDX     TPTR              YES, GET BLOCK ADDRESS AGAIN
22C5 DE34        34:          LDX      TPTR
                 35:          ;LDX     ERB:LINEN,X       RIGHT LINE NUMBER ?
22C7 EE04        36:          LDX      ERB:LINEN,X
22C9 9C91        37:          CPX      LINEN
22CB 26EA        38:          BNE      SVERL0            B/ NO, KEEP LOOKING
22CD 39          39: SVERLR   RTS                        RETURN IF ALREADY AN ENTRY
                 40: *
22CE C606        41: SVERL1   LDAB     #ERB:SIZE:        GET 6 BYTES




ASM/6800 1.3H4: 22CE ASM/6800 1.4       - - - I / O    S E C T I O N - - -
08/16/82 00:00:00; Page 269; Form 4     - - - S V E R L - - -
ASM14A.IOFM.ASM
                 42:          ;JSR     GTBLK
22D0 BD20A6      43:          JSR      GTBLK
22D3 27F8        44:          BEQ      SVERLR            B/ NONE, QUIT SAVING ERROR BLOCKS
22D5 DF36        45:          STX      TPTR1             ELSE SAVE POINTER TO NEW BLOCK
                 46: *
                 47: *        CONSTRUCT NEW ERROR BLOCK
                 48: *
                 49:          ;CLR     ERB:NEXT,X        MARK AS LAST BLOCK...
22D7 6F00        50:          CLR      ERB:NEXT,X
                 51:          ;CLR     ERB:NEXT+1,X
22D9 6F01        52:          CLR      ERB:NEXT+1,X
22DB 968F        53:          LDAA     FPGE              COPY IN FILE PAGE NUMBER
22DD D690        54:          LDAB     FPGE+1
22DF A702        55:          STAA     ERB:FPGE,X
22E1 E703        56:          STAB     ERB:FPGE+1,X
22E3 9691        57:          LDAA     LINEN             COPY IN LINE NUMBER
22E5 D692        58:          LDAB     LINEN+1
22E7 A704        59:          STAA     ERB:LINEN,X
22E9 E705        60:          STAB     ERB:LINEN+1,X
                 61: *
                 62: *        CHAIN INTO LAST OF LIST
                 63: *
                 64:          ;LDX     TPTR              GET POINTER TO LAST BLOCK
22EB DE34        65:          LDX      TPTR
22ED 9636        66:          LDAA     TPTR1             GET ITS NEW NEXT POINTER
22EF D637        67:          LDAB     TPTR1+1
22F1 A700        68:          STAA     ERB:NEXT,X        MAKE NEXT(LAST):=A(NEW BLOCK)
22F3 E701        69:          STAB     ERB:NEXT+1,X
22F5 39          70:          RTS
                 71:          FIN




ASM/6800 1.3H4: 22F5 ASM/6800 1.4       - - - I / O    S E C T I O N - - -
08/16/82 00:00:00; Page 270; Form 5     - - - E R R O R   M E S S A G E S - - -
ASM14A.IOFM.ASM
                  2: *
  22F6            3: EMSG     EQU      *
  0001            4:          DO       BIGMSG=1
22F6 496C6C65     5:          FCC      'Illegal Label.'
2304 00           6:          FCB      0
2305 53796E74     7:          FCC      'Syntax Error.'
2312 00           8:          FCB      0
2313 496C6C65     9:          FCC      'Illegal Argument.'
2324 00          10:          FCB      0
2325 556E6465    11:          FCC      'Undefined Symbol.'
2336 00          12:          FCB      0
2337 446F7562    13:          FCC      'Double Definition.'
2349 00          14:          FCB      0
234A 55736520    15:          FCC      'Use of Doubly-defined Symbol.'
2367 00          16:          FCB      0
2368 4E657374    17:          FCC      'Nesting Error.'
2376 00          18:          FCB      0
2377 456E6420    19:          FCC      'End of Source File Encountered.'
2396 00          20:          FCB      0
2397 4F766572    21:          FCC      'Overflow.'
23A0 00          22:          FCB      0
23A1 4252412F    23:          FCC      'BRA/BSR Out of Range.'
23B6 00          24:          FCB      0
23B7 496C6C65    25:          FCC      'Illegal Value.'
23C5 00          26:          FCB      0
23C6 496C6C65    27:          FCC      'Illegal Digit.'
23D4 00          28:          FCB      0
23D5 4F757420    29:          FCC      'Out of Memory.'
23E3 00          30:          FCB      0
23E4 496C6C65    31:          FCC      'Illegal String.'
23F3 00          32:          FCB      0
23F4 50686173    33:          FCC      'Phase Error.'
2400 00          34:          FCB      0
2401 52656769    35:          FCC      'Register Field Missing.'
2418 00          36:          FCB      0
2419 496E7075    37:          FCC      'Input line too long.'
242D 00          38:          FCB      0
242E 494E434C    39:          FCC      'INCLUDE file not found.'
2445 00          40:          fcb      0
2446 496D706F    41:          fcc      'Impossible forced reference (<< or <).'




ASM/6800 1.3H4: 246C ASM/6800 1.4       - - - I / O    S E C T I O N - - -
08/16/82 00:00:00; Page 271; Form 5     - - - E R R O R   M E S S A G E S - - -
ASM14A.IOFM.ASM
246C 00          42:          fcb      0
246D 53746172    43:          fcc      'Start address = 0 or does not match other end(s).'
249E 00          44:          fcb      0
  0001           45:          ELSE
 *S*             46: *
 *S*             47: *  SHORT ERROR MESSAGES
 *S*             48: *
 *S*             49:          FCB      'L,0              ILLEGAL LABEL
 *S*             50:          FCB      '?,0              SYNTAX ERROR
 *S*             51:          FCB      'A,0              ILLEGAL AF
 *S*             52:          FCB      'U,0              UNDEFINED SYMBOL
 *S*             53:          FCB      'D,0              DOUBLE DEF
 *S*             54:          FCB      '2,0              USE OF DOUBLE-DEF
 *S*             55:          FCB      'N,0              NESTING ERROR
 *S*             56:          FCB      'E,0              END OF SOURCE HIT.
 *S*             57:          FCB      'O,0              OVERFLOW
 *S*             58:          FCB      'B,0              OUT-OF-RANGE BRANCH/BSR
 *S*             59:          FCB      'V,0              ILLEGAL VALUE
 *S*             60:          FCB      'I,0              ILLEGAL DIGIT
 *S*             61:          FCB      'M,0              OUT OF MEMORY
 *S*             62:          FCB      'S,0              ILLEGAL STRING
 *S*             63:          FCB      'P,0              PHASE ERROR.
 *S*             64:          FCB      'R,0              Register Field Missing.
 *S*             65:          FCB      'T,0              Input line too long.
 *S*             66:          FCB      'Q,0              Impossible forced reference
 *S*             67:          FCB      'F,0              File not found (INCLUDE)
 *S*             68:          FCB      '^,0              Start address = 0 or does not match other end(s)
                 69:          FIN
249F FF          70:          FCB      -1&$FF
                 71: *
24A0 202A2A2A    72: STARS    FCC      ' *** '
24A5 00          73:          FCB      0




ASM/6800 1.3H4: 24A5 ASM/6800 1.4       - - - I / O    S E C T I O N - - -
08/16/82 00:00:00; Page 272; Form 6     - - - L S T C - - -
ASM14A.IOFM.ASM
                  2: *
                  3: *  L S T C
                  4: *
                  5: *        OUTPUT A CHARACTER TO LO, FORMATTED.
                  6: *
                  7: * EXPAND TABS - CALL TOLO TO PUT CHARS OUT
                  8: *
                  9: *
24A6 37          10: LSTCP    PSHB
24A7 8D02        11:          BSR      LSTC
24A9 33          12:          PULB
24AA 39          13:          RTS
                 14: 
  24AB           15: LSTC     EQU      *
24AB 4D          16:          TSTA
24AC 2B1E        17:          BMI      TOLO             ANY CH W/ SIGN ON IS UNFORMATTED.
                 18:          ;CMPA     #TAB              ALL TABS GET EXPANDED.
24AE 8109        19:          CMPA     #TAB
24B0 2766        20:          BEQ      LSTC2
                 21: *
  0001           22:          IF       1                 ;VT driver should do this
24B2 847F        23: LSTC3    ANDA     #$7F
                 24:          ;CMPA     #$D
24B4 810D        25:          CMPA     #$D
24B6 2710        26:          BEQ      LSTC5
                 27:          ;CMPA    #$C
24B8 810C        28:          CMPA     #$C
24BA 270C        29:          BEQ      LSTC5
                 30:          ;CMPA     #$1F
24BC 811F        31:          CMPA     #$1F
24BE 2E08        32:          BGT      LSTC5
24C0 8B40        33:          ADDA     #$40              CHANGE CTRL CH TO ^, CHAR.
24C2 36          34:          PSHA
24C3 865E        35:          LDAA     #'^
24C5 8D05        36:          BSR      TOLO
24C7 32          37:          PULA
                 38:          FIN
24C8 2002        39: LSTC5    BRA      TOLO




ASM/6800 1.3H4: 24C8 ASM/6800 1.4       - - - I / O    S E C T I O N - - -
08/16/82 00:00:00; Page 273; Form 7     - - - L S T C - - -
ASM14A.IOFM.ASM
                  1: *
                  2: *
                  3: *
                  4: *  T O L O
                  5: *
                  6: * PUT CHARACTER IN A TO LO - IF LLTP=0 (I.E. NO LINES LEFT
                  7: * ON PAGE) THEN SET LLTP=DEPTH - CALL PUTHDR.
                  8: *
                  9: * IF <CR> ADD <LF>
                 10: *
                 11: *
24CA 860D        12: CRLF     LDAA     #$D
  24CC           13: TOLO     EQU      *
24CC D654        14:          LDAB     PASS
24CE 273A        15:          BEQ      TOLR
24D0 847F        16:          ANDA     #$7F
                 17:          ;CMPA     #$D
24D2 810D        18:          CMPA     #$D
24D4 2735        19:          BEQ      TOL1
24D6 D6B2        20:          LDAB     WIDTH
                 21:          ;CMPB     COLNO
24D8 D1A9        22:          CMPB     COLNO
24DA 232E        23:          BLS      TOLR              TRUNCATE BUFFER
                 24: *
24DC D655        25: TOL3     LDAB     LLTP
24DE 2609        26:          BNE      TOL31             DO TITLE?
24E0 36          27:          PSHA
24E1 D6B3        28:          LDAB     DEPTH
24E3 D755        29:          STAB     LLTP
                 30:          ;JSR      PUTHDR
24E5 BD25A6      31:          JSR      PUTHDR
24E8 32          32:          PULA
                 33: *
  24E9           34: TOL31    ;CMPA     #$20              CH LESS THAN $1F DONT SPACE.
24E9 8120        35:          CMPA     #$20
24EB 2D03        36:          BLT      TOL4
                 37:          ;INC      COLNO
24ED 7C00A9      38:          INC      COLNO
  24F0           39: TOL4,PUTLO EQU    *
24F0 D6BA        40:          LDAB     OPTF              PRINTING TO LO?




ASM/6800 1.3H4: 24F2 ASM/6800 1.4       - - - I / O    S E C T I O N - - -
08/16/82 00:00:00; Page 274; Form 7     - - - L S T C - - -
ASM14A.IOFM.ASM
24F2 C502        41:          BITB     #OPT:LO
24F4 270D        42:          BEQ      NOPUT               B/ NOT PUTTING, CHECK FOR DIAGNOSTIC OUTPUT.
24F6 36          43:          PSHA                       SAVE FOR DO
24F7 C602        44:          LDAB     #LO               TO LO
                 45:          ;JSR     WASCII$           PRT IT
24F9 BD0120      46:          JSR      WASCII$
24FC 32          47:          PULA
24FD D6BB        48:          LDAB     OPT1F
24FF C501        49:          BITB     #OPT1:DO          Diagnostic Output?
2501 2707        50:          BEQ      TOLR                B/No output.
2503 D684        51: NOPUT    LDAB     DOCOPY            C/ IS THIS AN ERROR LINE?
2505 2703        52:          BEQ      TOLR                B/ NO..... CAN'T COPY.
                 53:          ;JMP     PUTC              ELSE, PUT TO CONS&RETURN
2507 7E2A26      54:          JMP      PUTC
                 55: *
250A 39          56: TOLR     RTS
                 57: *
  250B           58: TOL1     EQU      *
                 59:          ;CLR      COLNO             <CR> SEEN
250B 7F00A9      60:          CLR      COLNO
250E 8DCC        61:          BSR      TOL3              OUTPUT THE CR,
2510 96B3        62:          LDAA     DEPTH             Page size = 0??
2512 2703        63:          BEQ      TOL2              B/YES
                 64:          ;DEC      LLTP
2514 7A0055      65:          DEC      LLTP
2517 39          66: TOL2     RTS
                 67: *
                 68: *
2518 D6B2        69: LSTC2    LDAB     WIDTH
                 70:          ;CMPB    COLNO             EXPANDING TABS,
251A D1A9        71:          CMPB     COLNO
251C 23EC        72:          BLS      TOLR              B/ PAST END OF PAGE
251E 8620        73:          LDAA     #BLANK
2520 8DAA        74:          BSR      TOLO
2522 96A9        75:          LDAA     COLNO             WHATS THE COLUMN?
2524 27E4        76:          BEQ      TOLR              B/ STILL ZERO ==> QUIT.
                 77:          ;LDX      TABTBL            SCAN FOR TABS
2526 DEB4        78:          LDX      TABTBL
2528 5F          79:          CLRB
                 80: *




ASM/6800 1.3H4: 2528 ASM/6800 1.4       - - - I / O    S E C T I O N - - -
08/16/82 00:00:00; Page 275; Form 7     - - - L S T C - - -
ASM14A.IOFM.ASM
  2529           81: LSTC2L   ;CMPA     0,X               IS THIS IT?
2529 A100        82:          CMPA     0,X
252B 27DD        83:          BEQ      TOLR              B/ YES: ALL DONE.
252D 2201        84:          BHI      LSTC21            B/ TOO SMALL.
252F 5C          85:          INCB                       REMEMBER THAT THERE'S ONE BIGGER
  2530           86: LSTC21   EQU      *
2530 08          87:          INX
2531 6D00        88:          TST      0,X
2533 26F4        89:          BNE      LSTC2L            MORE TO SCAN.
2535 5D          90:          TSTB                       ANY USE TRYING AGAIN?
2536 27D2        91:          BEQ      TOLR              B/ NO:  ONE BLANK DID IT.
2538 20DE        92:          BRA      LSTC2
                 93: *
  000F           94: NUMSTRT  EQU      15                START COLUMN FOR NNNN:
  0015           95: LSTSTRT  EQU      NUMSTRT+6
  253A           96: TABTB:   EQU      *
253A 0F15        97:          FCB      NUMSTRT,LSTSTRT
                 98: 
  0008          100:          RPT      8
253C 1D         101:          FCB      LSTSTRT+8*(*-TABTB:-1)
                103: 
2544 00         104:          FCB      0




ASM/6800 1.3H4: 2544 ASM/6800 1.4       - - - I / O    S E C T I O N - - -
08/16/82 00:00:00; Page 276; Form 8     - - - S E T D A T I M - - -
ASM14A.IOFM.ASM
                  2: *
                  3: * SET THE DAY AND TIME IN THE DATIME BUFFER SO THAT IT COMES OUT
                  4: *        ALL PRETTY ON THE LISTING (WEE)!
                  5: *
  2545            6: SETDATIM ;LDX     #DATIME           LOAD BUFFER ADDRESS
2545 CE2F21       7:          LDX      #DATIME
2548 DF34         8:          STX      TPTR              SAVE IN TEMP PTR
                  9:          ;JSR     DATE$             GET THE DATE
254A BD0135      10:          JSR      DATE$
254D 8D0E        11:          BSR      MOVEIN            MOVE THE STRING IN
254F 8620        12:          LDAA     #BLANK            LOAD THE SPECE
2551 A700        13:          STAA     0,X               SA           PUT BETWEEN DATE $ TIME
2553 08          14:          INX
2554 DF34        15:          STX      TPTR              SAVE
                 16:          ;JSR     TIME$             GET THE TIME
2556 BD0138      17:          JSR      TIME$
2559 2002        18:          BRA      MOVEIN
                 19: 
  255B           20: MOVEL    ;LDX     TPTR1
255B DE36        21:          LDX      TPTR1
255D E600        22: MOVEIN   LDAB     0,X               LOAD THE NEXT CHAR TO SAVE
255F 08          23:          INX                        INC PTR
2560 DF36        24:          STX      TPTR1             SAVE
                 25:          ;LDX     TPTR              LOAD OTHER PTR
2562 DE34        26:          LDX      TPTR
2564 E700        27:          STAB     0,X               SAVE CHAR
2566 08          28:          INX                        PT TO NEXT 
2567 DF34        29:          STX      TPTR
2569 4A          30:          DECA                       ANY MORE CHARS?
256A 26EF        31:          BNE      MOVEL             IF SO, GO DO NEXT
                 32:          ;CLR     1,X               CLEAR IN CASE THIS IS THE END OF THE BUFFER
256C 6F01        33:          CLR      1,X
256E 39          34:          RTS
                 35: *




ASM/6800 1.3H4: 256E ASM/6800 1.4       - - - I / O    S E C T I O N - - -
08/16/82 00:00:00; Page 277; Form 9     - - - P H L - - -
ASM14A.IOFM.ASM
                  2: *
                  3: * PRINT HIGH AND LOW NIBBLES OF A IN HEX TO LO DEVICE
                  4: *
  256F            5: PHL      ;JSR     ATX2              TURN INTO A PUMPKIN
256F BD26DE       6:          JSR      ATX2
2572 37           7:          PSHB                       (APPLY PRESSURE TO DEHYDRATE)
2573 8D05         8:          BSR      PHL.LSTC          SEND TO THE MARKET
2575 32           9:          PULA                       REHYDRATE
2576 2002        10:          BRA      PHL.LSTC
                 11: 
2578 8609        12: PUTTAB   LDAA     #TAB                (SALESMAN ENTERS AND PICKS UP TAB)
  257A           13: PHL.LSTC ;JMP     LSTC              EXPAND LINE OF PRODUCTS TO LADIES' WARE.
257A 7E24AB      14:          JMP      LSTC
                 15: *




ASM/6800 1.3H4: 257D ASM/6800 1.4       - - - I / O    S E C T I O N - - -
08/16/82 00:00:00; Page 278; Form 10    - - - P U T H D R - - -
ASM14A.IOFM.ASM
257D 0C           2: ASMBF    FCB      $C                Top-of-form
257E 0D0D0D0D     3: ASMBF1   FCB      $D,$D,$D,$D       margin at top of page
  0001            4:          IFUND    MC6809
2582 41534D2F     5:          FCC      'ASM/6800 '
  0001            6:          ELSE
 *S*              7:          FCC      'ASM/6809 '
                  8:          FIN
258B 31           9:          FCB      (RELEASE/$10&$F)+'0
258C 2E          10:          FCB      '.
258D 34          11:          FCB      (RELEASE&$F)+'0
258E 41          12: ASMPATCH FCB      ASSEMBLY
258F 30          13:          FCB      '0                PATCH NUMBER
                 14:                   ; ASM IS WHICH.....
2590 3A20        15:          FCC      /: /
2592 00          16:          FCB      0
                 17: *
2593 3B205061    18: PNUM     FCC      /; Page /
259A 00          19:          FCB      0
259B 3B20466F    20: FSMI     FCC      /; Form /
25A2 00          21:          FCB      0
                 22: *
  0015           23: HDRNAME  EQU      $15               FIRST COLUMN OF NAME FIELD,
  0028           24: HDRTTL   EQU      40                FIRST COLUMN OF TITLE FIELD.
                 25: 
25A3 152800      26: HDRTABS  FCB      HDRNAME,HDRTTL,0  TAB TABLE FOR HEADER.
                 27:                   ; NECESSARY SINCE DUMP SUPPLIES ITS OWN.




ASM/6800 1.3H4: 25A3 ASM/6800 1.4       - - - I / O    S E C T I O N - - -
08/16/82 00:00:00; Page 279; Form 11    - - - P U T H D R - - -
ASM14A.IOFM.ASM
                  1: *
                  2: *
                  3: *
  25A6            4: PUTHDR   EQU      *
                  5: 
                  6: 
                  7: *** MAKE SURE WE DON'T BLOW UP DUE TO SHORT PAGE LENGTH...
25A6 9655         8:          LDAA     LLTP              THIS COUNTER HAS BEEN SET TO FORM DEPTH.
                  9:          ;CMPA    #MINDEP           IS IT REASONABLE?
25A8 810F        10:          CMPA     #MINDEP
25AA 2207        11:          BHI      PUTHDR1           B/ YUP.  OUTPUT HEADER.
25AC 86FF        12:          LDAA     #$FF              OTHERWISE SET LINES LEFT TO 255,
25AE 9755        13:          STAA     LLTP
                 14:          ;CLR     DEPTH             AND SET PAGE SIZE TO ZERO
25B0 7F00B3      15:          CLR      DEPTH
                 16: 
                 17: *** GET READY TO OUPUT HEADER.
  25B3           18: PUTHDR1  EQU      *
25B3 9684        19:          LDAA     DOCOPY            NEVER COPY HEADER
25B5 36          20:          PSHA     SO SAVE FLAG
                 21:          ;CLR     DOCOPY
25B6 7F0084      22:          CLR      DOCOPY
                 23: *
25B9 96B4        24:          LDAA     TABTBL            SAVE OLD TAB POINTER,
25BB 36          25:          PSHA
25BC 96B5        26:          LDAA     TABTBL+1
25BE 36          27:          PSHA
                 28:          ;LDX     #HDRTABS          SO'S WE CAN USE OUR OWN.
25BF CE25A3      29:          LDX      #HDRTABS
25C2 DFB4        30:          STX      TABTBL            (DON'T TALK TO ME ABOUT LAZY)
                 31: 
                 32: 
                 33: *** AT LAST... START DOING WORK FOR HEADER ***
                 34: 
                 35:          ;LDX     PAGEN             WHICH PAGE IS THIS?
25C4 DE93        36:          LDX      PAGEN
25C6 8C0001      37:          CPX      #1                PAGE # 1?
25C9 2605        38:          BNE      PUTHDR2           B/ NO, USE ORDINARY PUT.
                 39:          ;LDX     #ASMBF1           PAGE # 1:  DON'T SKIP TO BOTTOM OF PAGE.
25CB CE257E      40:          LDX      #ASMBF1




ASM/6800 1.3H4: 25CE ASM/6800 1.4       - - - I / O    S E C T I O N - - -
08/16/82 00:00:00; Page 280; Form 11    - - - P U T H D R - - -
ASM14A.IOFM.ASM
25CE 2003        41:          BRA      PUTHDR5
                 42: 
  25D0           43: PUTHDR2  ;LDX     #ASMBF
25D0 CE257D      44:          LDX      #ASMBF
25D3 9655        45: PUTHDR5  LDAA     LLTP              (BUT ACCOUNT FOR THOSE FOUR LINES...)
25D5 8004        46:          SUBA     #4                (AS IF BY MAGIC)
25D7 9755        47:          STAA     LLTP
25D9 2000        48:          BRA      PUTHDR3
                 49: 
25DB 8D73        50: PUTHDR3  BSR      PTTL
25DD 9698        51:          LDAA     LINEPC
25DF 8D8E        52:          BSR      PHL
25E1 9699        53:          LDAA     LINEPC+1
25E3 8D8A        54:          BSR      PHL
25E5 8D91        55:          BSR      PUTTAB            OUTPUT A TAB BETWEEN PC AND NAME.
                 56:          ;LDX     #NAMEBF
25E7 CE2F45      57:          LDX      #NAMEBF
25EA 8D64        58:          BSR      PTTL
  0001           59:          DO       TITLES=1
25EC 8D8A        60:          BSR      PUTTAB            OUTPUT A TAB TO GET TO TITLE FIELD.
                 61:          ;LDX     #TTLBUF
25EE CE2F63      62:          LDX      #TTLBUF
25F1 8D5D        63:          BSR      PTTL
                 64:          FIN
                 65:          ;JSR     CRLF
25F3 BD24CA      66:          JSR      CRLF
                 67:          ;LDX     #DATIME
25F6 CE2F21      68:          LDX      #DATIME
25F9 8D55        69:          BSR      PTTL
                 70:          ;LDX     #PNUM
25FB CE2593      71:          LDX      #PNUM
25FE 8D50        72:          BSR      PTTL              PRT ALL THE FUNNY LETTERS
2600 D694        73:          LDAB     PAGEN+1
2602 9693        74:          LDAA     PAGEN
2604 8D62        75:          BSR      PTNL
                 76:          ;LDX     #PAGEN
2606 CE0093      77:          LDX      #PAGEN
                 78:          ;JSR     INCBCD                 BUMP PAGE #
2609 BD0823      79:          JSR      INCBCD
                 80:          ;LDX     #FSMI




ASM/6800 1.3H4: 260C ASM/6800 1.4       - - - I / O    S E C T I O N - - -
08/16/82 00:00:00; Page 281; Form 11    - - - P U T H D R - - -
ASM14A.IOFM.ASM
260C CE259B      81:          LDX      #FSMI
260F 8D3F        82:          BSR      PTTL
2611 D690        83:          LDAB     FPGE+1
2613 968F        84:          LDAA     FPGE
2615 8D51        85:          BSR      PTNL
  0001           86:          DO       TITLES=1
                 87:          ;JSR     PUTTAB            OUTPUT A TAB TO GET TO SUBTITLE FIELD.
2617 BD2578      88:          JSR      PUTTAB
                 89:          ;LDX     #SBTTBF
261A CE2FCC      90:          LDX      #SBTTBF
261D 8D31        91:          BSR      PTTL
                 92:          FIN
                 93:          ;JSR     CRLF
261F BD24CA      94:          JSR      CRLF
                 95:          ;LDX     .CURINCLB         OUTPUT SOURCE FILE NAME
2622 DEA7        96:          LDX      .CURINCLB
2624 A60F        97:          LDAA     INCLB:LEN,X       LENGTH OF NAME
2626 36          98:          PSHA
                 99:          ;JSR     INCLB@NAME        GET ADDRESS OF NAME
2627 BD15DD     100:          JSR      INCLB@NAME
262A 32         101:          PULA
262B 36         102: PUTHDR4  PSHA     SAVE COUNTER
262C A600       103:          LDAA     0,X
262E 08         104:          INX
262F DF40       105:          STX      LTPTR             COPY
2631 D641       106:          LDAB     LTPTR+1           NAME
2633 37         107:          PSHB
2634 D640       108:          LDAB     LTPTR             ONE
2636 37         109:          PSHB
                110:          ;JSR     LSTC              CHARACTER
2637 BD24AB     111:          JSR      LSTC
                112:          ;PULX                      AT A TIME
263A 30         113:          TSX
263B EE00       114:          LDX      0,X
263D 31         115:          INS
263E 31         116:          INS
263F 32         117:          PULA
2640 4A         118:          DECA
2641 26E8       119:          BNE      PUTHDR4
                120:          ;JSR     CRLF




ASM/6800 1.3H4: 2643 ASM/6800 1.4       - - - I / O    S E C T I O N - - -
08/16/82 00:00:00; Page 282; Form 11    - - - P U T H D R - - -
ASM14A.IOFM.ASM
2643 BD24CA     121:          JSR      CRLF
2646 32         122:          PULA     GET OLD TABTBL+1,
2647 97B5       123:          STAA     TABTBL+1          SHOVE IT BACK.
2649 32         124:          PULA     GET OLD TABTBL,
264A 97B4       125:          STAA     TABTBL            SHOVE IT BACK.
264C 32         126:          PULA     GET THE OLD DOCOPY FLAG
264D 9784       127:          STAA     DOCOPY            AND PUT IT BACK
264F 39         128:          RTS
                129: *




ASM/6800 1.3H4: 264F ASM/6800 1.4       - - - I / O    S E C T I O N - - -
08/16/82 00:00:00; Page 283; Form 12    - - - P T T L - - -
ASM14A.IOFM.ASM
                  2: *
                  3: *
                  4: *  P T T L
                  5: *
                  6: *        Put string (X) to listing.
                  7: *
                  8: *        NOTE THE IMMENSE HASSLE DUE TO THE POSSIBILITY THAT WE
                  9: *        MIGHT GET REENTERED (BY CAUSING A PAGE THROW).
                 10: *
                 11: *                 ENDED BY NUL.
                 12: *
  2650           13: PTTL     EQU      *
2650 A600        14: PTTL0    LDAA     0,X
2652 2601        15:          BNE      PTTL1             B/ NOT END.
2654 39          16:          RTS
                 17: *
2655 08          18: PTTL1    INX                        POINT TO NEXT
2656 DF40        19:          STX      LTPTR             SAVE POINTER.
2658 D641        20:          LDAB     LTPTR+1           PUSH IT.  WE MIGHT GET
265A 37          21:          PSHB
265B D640        22:          LDAB     LTPTR
265D 37          23:          PSHB                       ...REENTERED.
                 24:          ;JSR      LSTC              OUTPUT (A)
265E BD24AB      25:          JSR      LSTC
                 26:          ;PULX
2661 30          27:          TSX
2662 EE00        28:          LDX      0,X
2664 31          29:          INS
2665 31          30:          INS
2666 20E8        31:          BRA      PTTL




ASM/6800 1.3H4: 2666 ASM/6800 1.4       - - - I / O    S E C T I O N - - -
08/16/82 00:00:00; Page 284; Form 13    - - - P T N L - - -
ASM14A.IOFM.ASM
                  2: *
                  3: *
                  4: *   P T N L
                  5: *
                  6: *        Output number in A,B to LO suppressing leading zeros.
                  7: *        A,B must not be zero.
                  8: *
                  9: *
  2668           10: PTNL     EQU      *
2668 37          11:          PSHB
2669 36          12:          PSHA
266A 5F          13:          CLRB
266B 2004        14:          BRA      PTNLE
                 15: *
  266D           16: PTNLB    EQU      *
266D 37          17:          PSHB
266E 36          18:          PSHA
266F C620        19:          LDAB     #BLANK            BLANK FILL
                 20: *
2671 30          21: PTNLE    TSX
2672 A601        22:          LDAA     1,X
2674 E701        23:          STAB     1,X
                 24: *
  2676           25: PTNL1    ;JSR      ATX2
2676 BD26DE      26:          JSR      ATX2
2679 30          27:          TSX
267A 36          28:          PSHA
267B A600        29:          LDAA     0,X
267D E700        30:          STAB     0,X
                 31:          ;JSR      ATX2
267F BD26DE      32:          JSR      ATX2
2682 37          33:          PSHB




ASM/6800 1.3H4: 2682 ASM/6800 1.4       - - - I / O    S E C T I O N - - -
08/16/82 00:00:00; Page 285; Form 13    - - - P T N L - - -
ASM14A.IOFM.ASM
                 35: *
                 36: *  STACK NOW LOOKS LIKE THIS:
                 37: *
                 38: *   SP   ==> NIBBLE 2 OF NUMBER IN ASCII
                 39: *            NIBBLE 3 OF NUMBER IN ASCII
                 40: *            NIBBLE 4 OF NUMBER IN ASCII
                 41: *   X+1  ==> FILL CH.
                 42: *
2683 C604        43:          LDAB     #4                OUTPUT 4 CH,
2685 DF40        44:          STX      LTPTR
                 45: *
  2687           46: PTNL2    EQU      *
                 47:          ;CMPA     #'0               IS IT A LEADING ZERO?
2687 8130        48:          CMPA     #'0
2689 2612        49:          BNE      PTNL3               B/ NO.  START SIGNIFICANCE
                 50:          ;CMPB    #1                IS THIS THE LAST DIGIT?
268B C101        51:          CMPB     #1
268D 270E        52:          BEQ      PTNL3               B/ YES.  UNCONDITIONALLY START SIGNIF.
268F A601        53:          LDAA     1,X               GET FILL,
2691 2705        54:          BEQ      PTNL21              B/ DON'T PUT A NULL.
                 55:          ;JSR      LSTCP
2693 BD24A6      56:          JSR      LSTCP
                 57:          ;LDX      LTPTR             GET POINTER BACK.
2696 DE40        58:          LDX      LTPTR
                 59: *
  2698           60: PTNL21   EQU      *
2698 5A          61:          DECB
2699 32          62:          PULA
269A 26EB        63:          BNE      PTNL2
269C 39          64:          RTS
                 65: *
  269D           66: PTNL3    EQU      *
                 67:          ;JSR      LSTCP
269D BD24A6      68:          JSR      LSTCP
26A0 32          69:          PULA
26A1 5A          70:          DECB
26A2 26F9        71:          BNE      PTNL3
26A4 39          72: COLRTN   RTS




ASM/6800 1.3H4: 26A4 ASM/6800 1.4       - - - I / O    S E C T I O N - - -
08/16/82 00:00:00; Page 286; Form 14    - - - P U T B - - -
ASM14A.IOFM.ASM
                  2: *
                  3: *
                  4: *   P U T B
                  5: *
                  6: *        Output a byte to the BO tape, if this is pass 2 and
                  7: *        if BO was requested.  Always increment PC.  Also,
                  8: *        arrange for the listing of the byte.  Call LIST if we
                  9: *        just ran out of space in this listing line.
                 10: *
                 11: *
  26A5           12: PUTB     EQU      *
26A5 D6C4        13:          LDAB     PCPUT             HAS PC BEEN LISTED YET?
26A7 2604        14:          BNE      PUTB1             B/ YES:  DONT WORRY ABOUT IT.
26A9 36          15:          PSHA                       ELSE SAVE OUR BYTE,
26AA 8D46        16:          BSR      PUTPC             OUTPUT THE PC,
26AC 32          17:          PULA                       AND GET OUR BYTE BACK.
                 18: *
  26AD           19: PUTB1    EQU      *
                 20:          ;JSR      PNCHB             OUTPUT BYTE TO BO
26AD BD2749      21:          JSR      PNCHB
                 22:          ;LDX      PC                BUMP PC
26B0 DE96        23:          LDX      PC
26B2 08          24:          INX
26B3 DF96        25:          STX      PC
                 26:          ;LDX      LBFPT             GET POINTER TO NEXT BYTE IN LIST BUF
26B5 DEC2        27:          LDX      LBFPT
26B7 8D25        28: PUTB01   BSR      ATX2              MAKE (A) INTO HEX IN A,B
26B9 A700        29:          STAA     0,X               HOSE INTO BYTE 1
26BB E701        30:          STAB     1,X               HOSE INTO BYTE 2
                 31:          ;CLR      2,X               END BUFFER MARK.
26BD 6F02        32:          CLR      2,X
26BF 08          33:          INX
26C0 9CB8        34:          CPX      EOLBF             END OF BUFFER?
26C2 2708        35:          BEQ      PUTB2             B/ YES (I HAVE SOME SLOP)
26C4 08          36:          INX
26C5 9CB8        37:          CPX      EOLBF             I REPEAT...
26C7 2703        38:          BEQ      PUTB2             IF CPX GAVE REAL CC, T'WERE EASIER..
26C9 DFC2        39:          STX      LBFPT             SAVE POINTER
26CB 39          40:          RTS                        AND SPLIT.
                 41: *




ASM/6800 1.3H4: 26CB ASM/6800 1.4       - - - I / O    S E C T I O N - - -
08/16/82 00:00:00; Page 287; Form 14    - - - P U T B - - -
ASM14A.IOFM.ASM
  26CC           42: PUTB2    EQU      *
                 43:          ;JSR      LIST              OUTPUT THIS LINE.
26CC BD220D      44:          JSR      LIST
  26CF           45: PUTB3    ;CLR      PCPUT             PC HASN'T BEEN PUT YET,
26CF 7F00C4      46:          CLR      PCPUT
                 47:          ;LDX      LBBEG             INITIALIZE POINTER,
26D2 DEB6        48:          LDX      LBBEG
26D4 DFC2        49: PUTB4    STX      LBFPT
                 50:          ;CLR      0,X               AND MARK END OF BUFFER
26D6 6F00        51:          CLR      0,X
26D8 39          52:          RTS




ASM/6800 1.3H4: 26D8 ASM/6800 1.4       - - - I / O    S E C T I O N - - -
08/16/82 00:00:00; Page 288; Form 15    - - - C L R L S T - - -
ASM14A.IOFM.ASM
                  2: *
                  3: *
                  4: *   C L R L S T
                  5: *
                  6: *        Clears listing flags, marks PC as not output.
                  7: *
  26D9            8: CLRLST   EQU      *
                  9:          ;CLR      LIST:T            CLEAR FLAGS FOR THIS LINE,
26D9 7F00C1      10:          CLR      LIST:T
26DC 20F1        11:          BRA      PUTB3             AND INITIALIZE ME.




ASM/6800 1.3H4: 26DC ASM/6800 1.4       - - - I / O    S E C T I O N - - -
08/16/82 00:00:00; Page 289; Form 16    - - - B I N   T O   H E X   R O U T I N E S - - -
ASM14A.IOFM.ASM
                  2: *
                  3: *
                  4: *   A T X
                  5: *
                  6: *        Converts low-order nibble of ACCA to hex character in A.
                  7: *
                  8: *   A T X 2
                  9: *
                 10: *        Converts byte in ACCA to two hex characters:  high in
                 11: *        ACCA, low in ACCB.
                 12: *
                 13: *
  26DE           14: ATX2     EQU      *
26DE 36          15:          PSHA                       SAVE BYTE,
26DF 8D06        16:          BSR      ATX               CONVERT LOW NIBBLE.
26E1 16          17:          TAB                        SAVE IN ACCB,
26E2 32          18:          PULA                       AND CONVERT HIGH NIBBLE.
26E3 44          19:          LSRA                       EXTRACT IT
26E4 44          20:          LSRA
26E5 44          21:          LSRA
26E6 44          22:          LSRA
                 23: *                                   AND FALL INTO ATX.
                 24: *
  26E7           25: ATX      EQU      *
26E7 840F        26:          ANDA     #$F               MASK OFF NIBBLE,
26E9 8B30        27:          ADDA     #'0               MAKE HEX DIGIT,
                 28:          ;CMPA     #'9               OVERFLOW?
26EB 8139        29:          CMPA     #'9
26ED 2F02        30:          BLE      *+4               B/ NO: RETURN
26EF 8B07        31:          ADDA     #'A-'9-1          ELSE ADJUST
26F1 39          32:          RTS                        AND SPLIT.




ASM/6800 1.3H4: 26F1 ASM/6800 1.4       - - - I / O    S E C T I O N - - -
08/16/82 00:00:00; Page 290; Form 17    - - - P U T P C - - -
ASM14A.IOFM.ASM
                  2: *
                  3: *
                  4: *   P U T P C
                  5: *
                  6: *        Puts PC into listing buffer followed by a blank.  Sets
                  7: *        PCPUT so we remember that we put it.  Note that PC is
                  8: *        always listed at the extreme left of the listing buffer.
                  9: *
                 10: *
  26F2           11: PUTPC    EQU      *
                 12:          ;LDX     PC                SAVE FOR HEADER OUTPUT
26F2 DE96        13:          LDX      PC
26F4 DF98        14:          STX      LINEPC
                 15:          ;LDX      LBFPT             GET LISTING POINTER,
26F6 DEC2        16:          LDX      LBFPT
26F8 9696        17:          LDAA     PC                THOSE OF YOU WHO LIKE PRISTINE
26FA 8DBB        18:          BSR      PUTB01            CODE, PLEASE IGNORE THESE
26FC 9697        19:          LDAA     PC+1              FOUR LINES OF CODE.  YOU
26FE 8DB7        20:          BSR      PUTB01            REALLY DIDN'T WANT TO KNOW...
2700 8620        21:          LDAA     #BLANK            PUT A BLANK AFTER IT
2702 A700        22:          STAA     0,X               THUSLY,
2704 97C4        23:          STAA     PCPUT             REMEMBER THAT PC IS PUT,
2706 08          24:          INX
2707 20CB        25:          BRA      PUTB4             AND APPEND A NULL.




ASM/6800 1.3H4: 2707 ASM/6800 1.4       - - - I / O    S E C T I O N - - -
08/16/82 00:00:00; Page 291; Form 18    - - - M R K S K P - - -
ASM14A.IOFM.ASM
                  2: *
                  3: *
                  4: *   M R K S K P
                  5: *
                  6: *        Shovels *S* into listing buffer, sets LF:SKP and
                  7: *        returns.
                  8: *
                  9: *
  2709           10: MRKSKP   EQU      *
2709 96C1        11:          LDAA     LIST:T            MARK AS SKIPPED
270B 8A08        12:          ORAA     #LF:SKP
270D 97C1        13:          STAA     LIST:T
270F 8D1D        14:          BSR      STUFFB
2711 202A532A    15:          FCC      / *S*/
2715 00          16:          FCB      0
2716 39          17:          RTS
                 18: 
                 19: 




ASM/6800 1.3H4: 2716 ASM/6800 1.4       - - - I / O    S E C T I O N - - -
08/16/82 00:00:00; Page 292; Form 19    - - - P U T V - - -
ASM14A.IOFM.ASM
                  2: *
                  3: *
                  4: *   P U T V
                  5: *
                  6: *        Outputs VAL as a 2-byte number in listing field.  If
                  7: *        PCPUT is clear, then 2 blanks are stuffed into the
                  8: *        the listing buffer.
                  9: *
                 10: *        In any event, VAL is then stuffed into the next available
                 11: *        bytes.
                 12: *
                 13: *
  2717           14: PUTV     EQU      *
                 15:          ;LDX      LBFPT             GET A POINTER,
2717 DEC2        16:          LDX      LBFPT
2719 96C4        17:          LDAA     PCPUT             HAS PC BEEN OUTPUT?
271B 2605        18:          BNE      PUTV1             B/ YES.  NOTHING TO DO.
271D 8D0F        19:          BSR      STUFFB            STUFF SOME BYTES
271F 2020        20:          FCC      /  /               2 BLANKS
2721 00          21:          FCB      0                 AND A NULL
  2722           22: PUTV1    ;LDX      LBFPT             GET POINTER.
2722 DEC2        23:          LDX      LBFPT
2724 965F        24:          LDAA     VAL
                 25:          ;JSR      PUTB01            OUTPUT IT.
2726 BD26B7      26:          JSR      PUTB01
2729 9660        27:          LDAA     VAL+1
                 28:          ;JMP      PUTB01            ALSO LOW BYTE.
272B 7E26B7      29:          JMP      PUTB01




ASM/6800 1.3H4: 272B ASM/6800 1.4       - - - I / O    S E C T I O N - - -
08/16/82 00:00:00; Page 293; Form 20    - - - S T U F F B - - -
ASM14A.IOFM.ASM
                  2: *
                  3: *
                  4: *   S T U F F B
                  5: *
                  6: *        Stuffs the string following the call into the listing
                  7: *        buffer.  No idiot checks.  Must be terminated by a null.
                  8: *
  272E            9: STUFFB   EQU      *
                 10:          ;PULX                      Get return address
272E 30          11:          TSX
272F EE00        12:          LDX      0,X
2731 31          13:          INS
2732 31          14:          INS
  2733           15: STFFBL   EQU      *
2733 A600        16:          LDAA     0,X
2735 DF36        17:          STX      TPTR1
                 18:          ;LDX      LBFPT
2737 DEC2        19:          LDX      LBFPT
2739 A700        20:          STAA     0,X
273B 2708        21:          BEQ      STFFBR
273D 08          22:          INX
273E DFC2        23:          STX      LBFPT
                 24:          ;LDX      TPTR1
2740 DE36        25:          LDX      TPTR1
2742 08          26:          INX
2743 20EE        27:          BRA      STFFBL
  2745           28: STFFBR   ;LDX      TPTR1             GET RETURN @
2745 DE36        29:          LDX      TPTR1
                 30:          ;JMP      1,X               AND LEAVE.
2747 6E01        31:          JMP      1,X




ASM/6800 1.3H4: 2747 ASM/6800 1.4       - - - I / O    S E C T I O N - - -
08/16/82 00:00:00; Page 294; Form 21    - - - P N C H B - - -
ASM14A.IOFM.ASM
                  2: *53*
                  3: *
                  4: * NAME: PNCHB
                  5: *        PUNCH (A) IN OBJECT TAPE.
                  6: *
                  7: * INPUT:
                  8: *        ACCA     BYTE TO BE PUNCHED
                  9: *        BBPTR    NEXT FREE BYTE IN BINARY BUFFER
                 10: *        *BBPTR   CURRENT CHECKSUM.
                 11: *
                 12: * OUTPUT:
                 13: *        BBPTR    NEXT FREE BYTE IN BINARY BUFFER
                 14: *        *BBPTR   CURRENT CHECKSUM
                 15: *
  2749           16: PNCHB    ;LDX      BBPTR             GET POINTER TO NEXT BYTE,
2749 DEBE        17:          LDX      BBPTR
274B 8C3077      18:          CPX      #BBEND            END OF BUFFER?
274E 2602        19:          BNE      PNCH1             B/ NO:  JUST ADD BYTE.
2750 8D0E        20:          BSR      PNCHIT            ELSE PUNCH THE BUFFER
2752 16          21: PNCH1    TAB                        GET COPY OF BYTE,
2753 EB00        22:          ADDB     0,X               MAKE NEW CHECKSUM;
2755 A700        23:          STAA     0,X               SAVE THIS BYTE,
2757 08          24:          INX
2758 E700        25:          STAB     0,X
                 26:          ;INC      BBCNT             INCREMENT # OF BYTES IN THIS RECORD.
275A 7C00C0      27:          INC      BBCNT
275D DFBE        28:          STX      BBPTR             AND SAVE POINTER
275F 39          29: PNCHR    RTS                        GO AWAY.




ASM/6800 1.3H4: 275F ASM/6800 1.4       - - - I / O    S E C T I O N - - -
08/16/82 00:00:00; Page 295; Form 22    - - - P N C H I T - - -
ASM14A.IOFM.ASM
                  2: *53*
                  3: *
                  4: * NAME:  PNCHIT
                  5: *        PUNCHES ACCUMULATED BINARY RECORD, RESETS THE POINTERS.
                  6: *        SAVES A.
                  7: *
  2760            8: PNCHIT   EQU      *
2760 D654         9:          LDAB     PASS              ANYTHING TO DO, THIS PASS?
2762 2711        10:          BEQ      PNCSET
2764 D6BA        11:          LDAB     OPTF              BINARY WANTED?
2766 C504        12:          BITB     #OPT:BO
2768 270B        13:          BEQ      PNCSET            B/ NO:  RETURN.
276A 36          14:          PSHA
276B D6C0        15:          LDAB     BBCNT             ANYTHING TO PUNCH?
                 16:          ;CMPB    #2
276D C102        17:          CMPB     #2
276F 2305        18:          BLS      PNCSPC            B/ NO:  JUST RESET THE BUFFER.
                 19: 
2771 8D50        20:          BSR      OutputSDOSrecord
2773 2001        21:          BRA      PNCSPC
                 22: 
                 23: *
                 24: * SET UP BUFFER FOR NEXT TIME THRU.
2775 36          25: PNCSET   PSHA                       EXTERNAL ENTRY:  SAVE ACCA
  2776           26: PNCSPC   ;LDX      #BBST             INITIALIZE POINTER,
2776 CE3035      27:          LDX      #BBST
                 28:          ;CLR      0,X                  **      CHECKSUM,
2779 6F00        29:          CLR      0,X
                 30:          ;CLR      BBCNT                **      COUNT,
277B 7F00C0      31:          CLR      BBCNT
277E DFBE        32:          STX      BBPTR                **      POINTER.
2780 9696        33:          LDAA     PC                   **      PC (HIGH)
2782 8DCE        34:          BSR      PNCH1
2784 9697        35:          LDAA     PC+1                 **      PC (LOW)
2786 8DCA        36:          BSR      PNCH1
2788 32          37:          PULA                       RESTORE ACCA,
2789 39          38:          RTS                        AND EXIT.




ASM/6800 1.3H4: 2789 ASM/6800 1.4       - - - I / O    S E C T I O N - - -
08/16/82 00:00:00; Page 296; Form 23    - - - P N C E O F - - -
ASM14A.IOFM.ASM
                  2:    
                  3: *
                  4: *
                  5: *   P N C E O F
                  6: *
                  7: *        Punches last buffer, S9, 30 nulls, and turns off
                  8: *        punch.
                  9: *
  278A           10: PNCEOF   EQU      *
278A D6BA        11:          LDAB     OPTF              GET OPTION FLAGS:
278C C504        12:          BITB     #OPT:BO           BO REQUESTED?
278E 2732        13:          BEQ      PNCER             B/ NO:  RETURN.
2790 8DCE        14:          BSR      PNCHIT
                 15: 
2792 7D308C      16:          TST      CURREC+R$VALID    Have we output a record to the file?
2795 2603        17:          BNE      PNCEOF1             B/ Yes; no problem.
                 18:          ;JSR     PutRecordHdr      Otherwise, make room for the record hdr,
2797 BD2872      19:          JSR      PutRecordHdr
  279A           20: PNCEOF1  equ      *                   ...then output a zero-length LOADGO.
279A 8601        21:          LDAA     #1                Set argument: this is the last record;
                 22:          ;JSR     FinishCurrec        go write its header.
279C BD2913      23:          JSR      FinishCurrec
279F C603        24:          LDAB     #BO               Position the binary file to...
                 25:          ;JSR     REWANY              ...its beginning.
27A1 BD2A07      26:          JSR      REWANY
                 27: 
                 28: **** Construct a Start record on the stack ****
27A4 B618FC      29:          LDAA     SADDR             Load up the start address (high)
27A7 F618FD      30:          LDAB     SADDR+1             (low)
27AA 37          31:          PSHB                       Save it (twice) on the stack.
27AB 36          32:          PSHA                            ...
27AC 37          33:          PSHB                            ...
27AD 36          34:          PSHA                            ...
27AE 8601        35:          LDAA     #RTYPE$START      Load type byte,
27B0 36          36:          PSHA                         put it at head of start record.
27B1 30          37:          TSX                        Load pointer to record into X,
                 38:          ;COM     3,X                 make last 2 bytes complement of...
27B2 6303        39:          COM      3,X
                 40:          ;COM     4,X                 ...the real start address.
27B4 6304        41:          COM      4,X




ASM/6800 1.3H4: 27B4 ASM/6800 1.4       - - - I / O    S E C T I O N - - -
08/16/82 00:00:00; Page 297; Form 23    - - - P N C E O F - - -
ASM14A.IOFM.ASM
                 42: 
                 43: **** Send the start record to an unsuspecting file ****
27B6 8605        44:          LDAA     #5                Load the record size,
27B8 C603        45:          LDAB     #BO                 load the channel number.
                 46:          ;JSR     WRITEREC$         Go go go.
27BA BD0123      47:          JSR      WRITEREC$
                 48: *                                   Pop the stack to eliminate the record;
                 49:          ;LEAS    5,S                 five of these are needed.
  0000           50:          IF       5<0
 *S*             51:          RPT      -5
 *S*             52:          DES
                 53:          ELSE
  0005           54:          RPT      5
27BD 31          55:          INS
                 56:          FIN
                 57: 
27C2 39          58: PNCER    RTS




ASM/6800 1.3H4: 27C2 ASM/6800 1.4       - - - I / O    S E C T I O N - - -
08/16/82 00:00:00; Page 298; Form 24    - - -  O u t p u t   S D O S   R e c o r d  - - -
ASM14A.IOFM.ASM
                  2: *****************************************************************************
                  3: *
                  4: * Name:  OutputSDOSrecord
                  5: *
                  6: * Function:
                  7: *        Outputs the record that has been accumulated in BBST..BBEND into
                  8: *        the current SDOS-style load file.  Attempts to optimize the
                  9: *        alignment of the load records according to SDOS conventions.
                 10: *
                 11: * Changed:                          Preserved:
                 12: *        A B C X                         ***NONE***
                 13: *
                 14: * Input:
                 15: *        BBST [0..1]                Base address of this load record.
                 16: *
                 17: *        BBCNT                      B/ Number of bytes in binary buffer,
                 18: *                                      including the base address.
                 19: *
                 20: *        BBST [2..BBCNT-1]          Data bytes to be output.  If BBCNT=2,
                 21: *                                      this is a null record and is ignored.
                 22: *
                 23: *        Currec+R$VALID             B/ Flag, indicating (if non-zero) that
                 24: *                                      a record segment is open in the output
                 25: *                                      file.
                 26: *
                 27: *        Currec+R$FILEBASE          Q/ File position pointer.  If R$VALID is
                 28: *                                      true, then this is the base file address
                 29: *                                      of the first data byte in the current
                 30: *                                      record.  If R$VALID is false, this is
                 31: *                                      the file address of the first available
                 32: *                                      byte in the file.
                 33: *
                 34: *        Currec+R$BASE              W/ [Assuming R$VALID is true:]  Target
                 35: *                                      load address of the first data byte in
                 36: *                                      the currently open record of the output
                 37: *                                      file.
                 38: *
                 39: *        Currec+R$LEN               W/ [Assuming R$VALID is true:] Length of
                 40: *                                      the currently open record of the output
                 41: *                                      file.  If R$VALID is false, this MUST




ASM/6800 1.3H4: 27C2 ASM/6800 1.4       - - - I / O    S E C T I O N - - -
08/16/82 00:00:00; Page 299; Form 24    - - -  O u t p u t   S D O S   R e c o r d  - - -
ASM14A.IOFM.ASM
                 42: *                                      be zero.
                 43: *
                 44: *****************************************************************************
                 45: 
  27C3           46: OutputSDOSrecord  EQU *
                 47:          ;LDX     BBST              Copy target load address for this record
27C3 FE3035      48:          LDX      BBST
27C6 FF3080      49:          STX      NEWREC+R$BASE       to a safe/handy place.
27C9 96C0        50:          LDAA     BBCNT             Load the length of the record,
27CB 8002        51:          SUBA     #2                  remove crud counting PC at head of record,
27CD 273E        52:          BEQ      OutSDOS%            B/ Split if there's nothing to output.
                 53: ;                                        (Redundant check).
27CF B73083      54:          STAA     NEWREC+R$LEN+1    Save the count in a safe/handy place.
                 55:          ;CLR     NEWREC+R$LEN      Zap the high order byte.  It makes Terry
27D2 7F3082      56:          CLR      NEWREC+R$LEN
                 57:                                     ; happier if we do it here.
                 58: 
                 59: **** Check alignment conditions, and call AlignSDOSrecord if appropriate ****
27D5 8D37        60:          BSR      CheckSDOSalign    Sets CY if we should align.
27D7 2403        61:          BCC      OutSDOS$1           B/ No alignment, si vous plait.
                 62:          ;JSR     AlignSDOSrecord   Else, do the alignment.
27D9 BD2888      63:          JSR      AlignSDOSrecord
                 64: 
                 65: **** Leave room for record header, if necessary ****
  27DC           66: OutSDOS$1         EQU *
27DC B6308C      67:          LDAA     CURREC+R$VALID    Are we currently building a record?
27DF 2603        68:          BNE      OutSDOS$2           B/ yeah.... no need for header.
                 69:          ;JSR     PutRecordHdr      Otherwise, put the record header.
27E1 BD2872      70:          JSR      PutRecordHdr
                 71: 
                 72: **** Output the record segment ****
  27E4           73: OutSDOS$2         EQU *
                 74:          ;JSR     GetNewrecBase     Prepare to make a file position....
27E4 BD29D1      75:          JSR      GetNewrecBase
                 76:          ;JSR     FilePosition        X will return as pointer to 4-byte buffer.
27E7 BD2953      77:          JSR      FilePosition
27EA C603        78:          LDAB     #BO                 which has been filled w/ appropriate file
                 79:          ;JSR     POSITION$           address.
27EC BD0126      80:          JSR      POSITION$
                 81:          ;LDX     #BBST+2           Load base address of record,




ASM/6800 1.3H4: 27EF ASM/6800 1.4       - - - I / O    S E C T I O N - - -
08/16/82 00:00:00; Page 300; Form 24    - - -  O u t p u t   S D O S   R e c o r d  - - -
ASM14A.IOFM.ASM
27EF CE3037      82:          LDX      #BBST+2
27F2 B63083      83:          LDAA     NEWREC+R$LEN+1      load length,
27F5 C603        84:          LDAB     #BO                 set channel,
                 85:          ;JSR     WRITEREC$           and send a number of bytes.
27F7 BD0123      86:          JSR      WRITEREC$
                 87:          ;JSR     GetNewrecEnd      Now, compute new length of CURREC according
27FA BD29C0      88:          JSR      GetNewrecEnd
                 89:          ;LDX     #CURREC+R$BASE      to:  CURREC.LEN max ...
27FD CE3084      90:          LDX      #CURREC+R$BASE
                 91:          ;JSR     DP$SUB                     ... (NEWREC.BASE+NEWREC.LEN)-CURREC.BASE
2800 BD29AA      92:          JSR      DP$SUB
                 93:          ;LDX     #CURREC+R$LEN
2803 CE3086      94:          LDX      #CURREC+R$LEN
                 95:          ;JSR     DP$MAX
2806 BD29B7      96:          JSR      DP$MAX
2809 A700        97:          STAA     0,X               Save result in CURREC.R$LEN
280B E701        98:          STAB     1,X
280D 39          99: OutSDOS% RTS                          and split.




ASM/6800 1.3H4: 280D ASM/6800 1.4       - - - I / O    S E C T I O N - - -
08/16/82 00:00:00; Page 301; Form 24    - - - C h e c k   S D O S  A l i g n - - -
ASM14A.IOFM.ASM
                101: *****************************************************************************
                102: *
                103: * Name:  CheckSDOSalign ()
                104: *
                105: * Function:
                106: *        Examines the new record segment that is to be output, along with the
                107: *        OutSDOSrecord data base, and decides whether we should attempt to
                108: *        align this record by ending the old record and starting a new one.
                109: *        If so, the CY flag is set on exit.
                110: *
                111: * Results:
                112: *        CY                         If set, CheckSDOSalign thinks we should
                113: *                                     attempt to align this record with the
                114: *                                     sector size on the disk.
                115: *
                116: * Algorithm:
                117: *        The following checks are made:
                118: *
                119: *        *  We call CkNewrecord, which will close the current record if
                120: *           it makes sense/is necessary to do so.
                121: *
                122: *        *  If the new record is not of maximum length, we do not align.
                123: *                 --ELSE--
                124: *        *  If the current load record segment is empty, we align.
                125: *                 --ELSE--
                126: *        *  If the top target address of this record is less than that of
                127: *           the top of the new record, and writing the new record will cause
                128: *           a sector crossing, we align.
                129: *
                130: *****************************************************************************
                131: 
  280E          132: CheckSDOSalign    EQU *
280E 8D3C       133:          BSR      CkNewRecord       Close current record, if necessary.
2810 F63083     134:          LDAB     NEWREC+R$LEN+1    If length <> maximum permitted, this...
                135:          ;CMPB    #BBEND-(BBST+2)     record is a 'patch' record & should not
2813 C140       136:          CMPB     #BBEND-(BBST+2)
2815 2630       137:          BNE      CkSDOSalign:NO      be aligned.  B/ Don't align.
                138: 
                139: **** Check for no current record ****
2817 F6308C     140:          LDAB     CURREC+R$VALID    Is current record valid?




ASM/6800 1.3H4: 281A ASM/6800 1.4       - - - I / O    S E C T I O N - - -
08/16/82 00:00:00; Page 302; Form 24    - - - C h e c k   S D O S  A l i g n - - -
ASM14A.IOFM.ASM
281A 272D       141:          BEQ      CkSDOSalign:YES     B/ No:  then align this record.
                142: 
                143: **** Check for record overlapping current record ****
                144:          ;JSR     GetNewrecEnd      Get address of end of this record segment.
281C BD29C0     145:          JSR      GetNewrecEnd
281F 37         146:          PSHB                       Save again during computation.
2820 36         147:          PSHA
                148:          ;JSR     GetCurrecEnd      Compute end address of Current Record.
2821 BD29C5     149:          JSR      GetCurrecEnd
2824 30         150:          TSX                        Point to (Newrec.BASE+Newrec.LEN).
                151:          ;JSR     DP$CMP              Check other bound for containment.
2825 BD29B0     152:          JSR      DP$CMP
                153:          ;LEAS    2,S                 (Pop used-up value)
  0000          154:          IF       2<0
 *S*            155:          RPT      -2
 *S*            156:          DES
                157:          ELSE
  0002          158:          RPT      2
2828 31         159:          INS
                160:          FIN
282A 241B       161:          BCC      CkSDOSAlign:NO      B/ Record is contained: don't align.
                162: 
                163: **** Newrec overlaps Currec, but we may still want to align if this record ****
                164: **** will cross a sector boundary in the file.                             ****
282C C001       165:          SUBB     #1                Compute address of last byte in CURREC.
282E 8200       166:          SBCA     #0                  ....
                167:          ;JSR     SectorNum         Extract sector field from CURREC's end address.
2830 BD298C     168:          JSR      SectorNum
2833 37         169:          PSHB                       Save on TOS.
2834 36         170:          PSHA
                171:          ;JSR     GetNewrecEnd      Compute sector number for last byte written.
2835 BD29C0     172:          JSR      GetNewrecEnd
2838 C001       173:          SUBB     #1
283A 8200       174:          SBCA     #0
                175:          ;JSR     SectorNum
283C BD298C     176:          JSR      SectorNum
283F 30         177:          TSX                        Now, compare them.
                178:          ;JSR     DP$CMP
2840 BD29B0     179:          JSR      DP$CMP
                180:          ;LEAS    2,S                 (pop stack)




ASM/6800 1.3H4: 2840 ASM/6800 1.4       - - - I / O    S E C T I O N - - -
08/16/82 00:00:00; Page 303; Form 24    - - - C h e c k   S D O S  A l i g n - - -
ASM14A.IOFM.ASM
  0000          181:          IF       2<0
 *S*            182:          RPT      -2
 *S*            183:          DES
                184:          ELSE
  0002          185:          RPT      2
2843 31         186:          INS
                187:          FIN
2845 2602       188:          BNE      CkSDOSalign:YES   B/ Sector crossing --> align!
                189: 
                190: **** Dont Align..... ****
  2847          191: CkSDOSalign:NO    EQU *
2847 0C         192:          CLC
2848 39         193:          RTS
                194: 
                195: **** Do Align ...... ****
  2849          196: CkSDOSalign:YES   EQU *
2849 0D         197:          SEC
  0001          198:          IF       1                 Don't ever align for now.
284A 0C         199:          CLC
                200:          FIN
284B 39         201:          RTS




ASM/6800 1.3H4: 284B ASM/6800 1.4       - - - I / O    S E C T I O N - - -
08/16/82 00:00:00; Page 304; Form 24    - - - C h e c k   N e w   R e c o r d - - -
ASM14A.IOFM.ASM
                203: *****************************************************************************
                204: *
                205: * Name:  CkNewRecord ()
                206: *
                207: * Function:
                208: *        Compares the new record segment against the current record segment.
                209: *        If the new record segment cannot/should not be included in the
                210: *        current record, we call FinishCurrec to close the current record
                211: *        segment.
                212: *
                213: * Changes:                          Preserves:
                214: *        ****ALL****                     ****NONE****
                215: *
                216: *****************************************************************************
                217: 
  284C          218: CkNewRecord       equ *
284C B6308C     219:          LDAA     CURREC+R$VALID    Is current record segment open?
284F 2720       220:          BEQ      CkNewRec%           B/ No:  nothing to do.
                221:          ;JSR     GetNewrecBase     Is target load address of new record
2851 BD29D1     222:          JSR      GetNewrecBase
                223:          ;LDX     #CURREC+R$BASE      below target load address of
2854 CE3084     224:          LDX      #CURREC+R$BASE
                225:          ;JSR     DP$CMP              current record segment?
2857 BD29B0     226:          JSR      DP$CMP
285A 2511       227:          BCS      CkNewrec:POOF       B/ Yes:  finish current record.
                228:          ;JSR     GetCurrecEnd      Is target load address of new record
285C BD29C5     229:          JSR      GetCurrecEnd
285F CB01       230:          ADDB     #1                  beyond a "reasonable" distance from
2861 8900       231:          ADCA     #0                  the end target address of the currently
2863 250C       232:          BCS      CkNewrec%           open record? B/ We are too close to $FFFF.
                233:          ;LDX     #NEWREC+R$BASE      If so, finish current record.
2865 CE3080     234:          LDX      #NEWREC+R$BASE
                235:          ;JSR     DP$CMP              .....
2868 BD29B0     236:          JSR      DP$CMP
286B 2404       237:          BCC      CkNewrec%           B/ It's close enough, use current record.
                238: 
                239: **** Finish current record & split ****
  286D          240: CkNewrec:POOF     equ *
286D 4F         241:          CLRA                       Flag:  not last record.
                242:          ;JSR     FinishCurrec




ASM/6800 1.3H4: 286E ASM/6800 1.4       - - - I / O    S E C T I O N - - -
08/16/82 00:00:00; Page 305; Form 24    - - - C h e c k   N e w   R e c o r d - - -
ASM14A.IOFM.ASM
286E BD2913     243:          JSR      FinishCurrec
                244: 
                245: **** Split ****
  2871          246: CkNewrec%         equ *
2871 39         247:          RTS




ASM/6800 1.3H4: 2871 ASM/6800 1.4       - - - I / O    S E C T I O N - - -
08/16/82 00:00:00; Page 306; Form 24    - - - P u t   R e c o r d   H d r - - -
ASM14A.IOFM.ASM
                249: *****************************************************************************
                250: *
                251: * Name:  PutRecordHdr ()
                252: *
                253: * Function:
                254: *        When we are beginning a new load record, PutRecordHdr does all
                255: *        the work required to set up the software tables.  It assumes that
                256: *        CURREC.FILEBASE points to the first free byte of the output file.
                257: *        CURREC.FILEBASE is advanced 5 bytes, to reserve space for a load
                258: *        record header; CURREC.LEN is set to zero, to indicate the lack of
                259: *        data output; CURREC.VALID is set non-zero ("true") to indicate
                260: *        that the rest of the nonsense is valid; and CURREC.BASE is set to
                261: *        NEWREC.BASE, which is assumed to be the base target load address
                262: *        for this record.
                263: *
                264: * Changed:                          Preserved:
                265: *        ***ALL***                       ***NONE***
                266: *
                267: *****************************************************************************
                268: 
  2872          269: PutRecordHdr      EQU *
2872 4F         270:          CLRA                       Load AB w/ 5
2873 C605       271:          LDAB     #5
2875 F7308C     272:          STAB     CURREC+R$VALID    Mark Currec as valid.
                273:          ;JSR     UpdateFilebase    Add 5 to Filebase.
2878 BD28FC     274:          JSR      UpdateFilebase
                275:          ;LDX     NEWREC+R$BASE     Set new base of record,
287B FE3080     276:          LDX      NEWREC+R$BASE
287E FF3084     277:          STX      CURREC+R$BASE
                278:          ;LDX     #0                Set length to zero.
2881 CE0000     279:          LDX      #0
2884 FF3086     280:          STX      CURREC+R$LEN
2887 39         281:          RTS




ASM/6800 1.3H4: 2887 ASM/6800 1.4       - - - I / O    S E C T I O N - - -
08/16/82 00:00:00; Page 307; Form 24    - - - A l i g n   S D O S   R e c o r d - - -
ASM14A.IOFM.ASM
                283: *****************************************************************************
                284: *
                285: * Name:  AlignSDOSrecord ()
                286: *
                287: * Function:
                288: *        Assuming that we really do want to perform an alignment operation,
                289: *        we do the work here.  Of course, if the record just happens already
                290: *        to be aligned, we don't have to do much.
                291: *
                292: * Arguments:
                293: *        ***NONE***
                294: *
                295: * Changes:
                296: *        A, B, C, X
                297: *
                298: * Input:
                299: *        CURREC+R$VALID             Byte flag, indicating whether we are
                300: *                                     currently building a record.
                301: *
                302: *           ...+R$BASE              Target load address of current record.
                303: *
                304: *           ...+R$FILEPOINTER       File address of start of data bytes in
                305: *                                     current record.
                306: *
                307: *        NEWREC+R$BASE              Target load address of new record segment
                308: *                                     (which we are attempting to align).
                309: *
                310: *           ...+R$LEN               Length (number of data bytes) in new
                311: *                                     record segment.
                312: *
                313: *        SectorMask                 Word, mask for extracting sector field
                314: *                                     of a file address.  Comes from disk
                315: *                                     DCB via SYSCALL.
                316: *
                317: *        NotSectorMask              Word, mask for extracting byte-within-sector
                318: *                                     field of a file address.  Source same as
                319: *                                     SectorMask's.
                320: *
                321: *****************************************************************************
                322: 




ASM/6800 1.3H4: 2887 ASM/6800 1.4       - - - I / O    S E C T I O N - - -
08/16/82 00:00:00; Page 308; Form 24    - - - A l i g n   S D O S   R e c o r d - - -
ASM14A.IOFM.ASM
  2888          323: AlignSDOSrecord   equ *
2888 B6308C     324:          LDAA     CURREC+R$VALID    Is a record being built?
288B 2719       325:          BEQ      AlignSDOS$1         B/ No-- must align.
                326: 
                327: **** Check whether current record is already aligned ****
                328:          ;JSR     GetCurrecBase     Get target load address of Currec.
288D BD29D8     329:          JSR      GetCurrecBase
                330:          ;JSR     SectorRem           and compute offset in current sector.
2890 BD2993     331:          JSR      SectorRem
2893 37         332:          PSHB                       Save on tos.
2894 36         333:          PSHA                            ....
2895 B6308A     334:          LDAA     CURREC+R$FILEBASE+2 Get file base address of Currec;
2898 F6308B     335:          LDAB     CURREC+R$FILEBASE+3    (double precision);
                336:          ;JSR     SectorRem           compute file sector offset.
289B BD2993     337:          JSR      SectorRem
289E 30         338:          TSX                        Compare the offsets;
                339:          ;JSR     DP$CMP              if they are equal, we're aligned.
289F BD29B0     340:          JSR      DP$CMP
                341:          ;LEAS    2,S                 (pop stack)
  0000          342:          IF       2<0
 *S*            343:          RPT      -2
 *S*            344:          DES
                345:          ELSE
  0002          346:          RPT      2
28A2 31         347:          INS
                348:          FIN
28A4 2755       349:          BEQ      AlignSDOS%          B/ already aligned!
                350: 
                351: **** Need to do work to align. ****
  28A6          352: AlignSDOS$1       EQU *
28A6 4F         353:          CLRA                       Set argument = FALSE,
                354:          ;JSR     FinishCurrec        and flush the record.
28A7 BD2913     355:          JSR      FinishCurrec
                356:          ;JSR     GetCurrecBase     Get dummy value for FilePosition.
28AA BD29D8     357:          JSR      GetCurrecBase
28AD CB08       358:          ADDB     #8                Add in overhead for skip+rec header.
28AF 8900       359:          ADCA     #0
                360:          ;JSR     FilePosition      Compute file pointer for end of record.
28B1 BD2953     361:          JSR      FilePosition
28B4 A602       362:          LDAA     2,X                 Load lsw into AB,




ASM/6800 1.3H4: 28B6 ASM/6800 1.4       - - - I / O    S E C T I O N - - -
08/16/82 00:00:00; Page 309; Form 24    - - - A l i g n   S D O S   R e c o r d - - -
ASM14A.IOFM.ASM
28B6 E603       363:          LDAB     3,X
28B8 37         364:          PSHB                         and save on TOS.
28B9 36         365:          PSHA
                366:          ;JSR     GetNewrecBase     AB := Newrec.BASE
28BA BD29D1     367:          JSR      GetNewrecBase
28BD 30         368:          TSX
                369:          ;JSR     DP$SUB            Compute the difference,
28BE BD29AA     370:          JSR      DP$SUB
                371:          ;JSR     SectorRem           and take it modulo some power of 2.
28C1 BD2993     372:          JSR      SectorRem
                373:                                     ; (since it's a power of 2, we dont need
                374:                                     ;  to do this til now).
28C4 A700       375:          STAA     0,X               Save result on TOS for a second,
28C6 E701       376:          STAB     1,X
28C8 B6307E     377:          LDAA     NotSectorMask     Check whether we can chuck the skip record.
28CB F6307F     378:          LDAB     NotSectorMask+1
28CE C002       379:          SUBB     #2                If so, this operation will yeild a zero.
                380:          ;JSR     DP$CMP              (Note, no carry possible from above SUB).
28D0 BD29B0     381:          JSR      DP$CMP
28D3 32         382:          PULA                       Restore offset to AB,
28D4 33         383:          PULB
28D5 2724       384:          BEQ      AlignSDOS%          B/ No skip record needed.  offset=5.
                385: 
                386: **** Output a skip record, skipping (AB) bytes. ****
28D7 37         387:          PSHB                       Construct a record on TOS,
28D8 36         388:          PSHA
28D9 8600       389:          LDAA     #RTYPE$SKIP
28DB 36         390:          PSHA                         do this now, cause it's clearer.
                391:          ;JSR     GetCurrecBase     Get CURREC.BASE
28DC BD29D8     392:          JSR      GetCurrecBase
28DF 8D72       393:          BSR      FilePosition
28E1 C603       394:          LDAB     #BO               Position to that byte, pleeze.
                395:          ;JSR     POSITION$
28E3 BD0126     396:          JSR      POSITION$
28E6 30         397:          TSX                        Get address of record,
28E7 8603       398:          LDAA     #3                Get length of skip record,
28E9 C603       399:          LDAB     #BO
                400:          ;JSR     WRITEREC$
28EB BD0123     401:          JSR      WRITEREC$
                402: 




ASM/6800 1.3H4: 28EB ASM/6800 1.4       - - - I / O    S E C T I O N - - -
08/16/82 00:00:00; Page 310; Form 24    - - - A l i g n   S D O S   R e c o r d - - -
ASM14A.IOFM.ASM
                403: **** Now, update Filebase to point to end of skipped region ****
28EE C603       404:          LDAB     #3                Add three bytes to pointer for skip hdr,
28F0 4F         405:          CLRA                         so load AB with 3.
28F1 30         406:          TSX                        Get pointer to our copy of skip record,
28F2 08         407:          INX                          point to count of bytes to skip,
                408:          ;JSR     DP$ADD              and add it to 3 to get total to add to...
28F3 BD299A     409:          JSR      DP$ADD
28F6 8D04       410:          BSR      UpdateFilebase      the file pointer.
                411:          ;LEAS    3,S               Prune stack of 3 bytes
  0000          412:          IF       3<0
 *S*            413:          RPT      -3
 *S*            414:          DES
                415:          ELSE
  0003          416:          RPT      3
28F8 31         417:          INS
                418:          FIN
  28FB          419: AlignSDOS%        equ *
28FB 39         420:          RTS




ASM/6800 1.3H4: 28FB ASM/6800 1.4       - - - I / O    S E C T I O N - - -
08/16/82 00:00:00; Page 311; Form 25    - - - U p d a t e   F i l e b a s e - - -
ASM14A.IOFM.ASM
                  2: *****************************************************************************
                  3: *
                  4: * Name:  UpdateFilebase (Offset: WORD)
                  5: *
                  6: * Function:
                  7: *        Adds offset (passed in AB) to CURREC+R$FILEBASE.
                  8: *
                  9: * Argument:
                 10: *        AB       "Offset"          Unsigned integer number to be added to
                 11: *                                     file base pointer.
                 12: *
                 13: * Changed:
                 14: *        A, B, C.
                 15: *
                 16: * Preserved:
                 17: *        X
                 18: *
                 19: * Data:
                 20: *        CURREC+R$FILEBASE          Has (AB) added to it, in place.
                 21: *
                 22: *****************************************************************************
                 23: 
  28FC           24: UpdateFilebase    EQU *
28FC FB308B      25:          ADDB     CURREC+R$FILEBASE+3
28FF F7308B      26:          STAB     CURREC+R$FILEBASE+3
2902 B9308A      27:          ADCA     CURREC+R$FILEBASE+2
2905 B7308A      28:          STAA     CURREC+R$FILEBASE+2
2908 2408        29:          BCC      UpdateFilebase%
                 30:          ;INC     CURREC+R$FILEBASE+1
290A 7C3089      31:          INC      CURREC+R$FILEBASE+1
290D 2603        32:          BNE      UpdateFilebase%
                 33:          ;INC     CURREC+R$FILEBASE
290F 7C3088      34:          INC      CURREC+R$FILEBASE
  2912           35: UpdateFilebase%   EQU *
2912 39          36:          RTS




ASM/6800 1.3H4: 2912 ASM/6800 1.4       - - - I / O    S E C T I O N - - -
08/16/82 00:00:00; Page 312; Form 25    - - - F i n i s h   C u r r e c - - -
ASM14A.IOFM.ASM
                 38: *****************************************************************************
                 39: *
                 40: * Name:  FinishCurrec(LAST)
                 41: *
                 42: * Function:
                 43: *        Finishes build process for current SDOS load record by writing its
                 44: *        header into the file.
                 45: *
                 46: * Arguments:
                 47: *        ACCA     "LAST"            Flag, designating whether this should be
                 48: *                                     a LOAD record (if 0) or a LOADGO record
                 49: *                                     (if non-zero).
                 50: *
                 51: * Changed:
                 52: *        A, B, C, X
                 53: *
                 54: * Input:
                 55: *        CURREC+R$VALID             Flag, indicating (if non-zero) that we have
                 56: *                                     a record that we need to terminate; or
                 57: *                                     (if zero) that we should/need do nothing
                 58: *                                     in this routine.
                 59: *
                 60: *        CURREC+R$FILEBASE          File-pointer, (4 bytes), gives the address
                 61: *                                     of the first data byte in the current
                 62: *                                     record.  We assume that 5 bytes of space
                 63: *                                     have been left in front of this for a
                 64: *                                     record header.
                 65: *
                 66: *        CURREC+R$BASE              Target load address for first byte in this
                 67: *                                     record.
                 68: *
                 69: *        CURREC+R$LEN               Number of bytes in this record.
                 70: *




ASM/6800 1.3H4: 2912 ASM/6800 1.4       - - - I / O    S E C T I O N - - -
08/16/82 00:00:00; Page 313; Form 25    - - - F i n i s h   C u r r e c - - -
ASM14A.IOFM.ASM
                 72: *
                 73: * Output:
                 74: *        CURREC+R$VALID             Set to zero, indicating that we have no
                 75: *                                     current record.
                 76: *
                 77: *        CURREC+R$FILEBASE          Updated to point to the first free byte in
                 78: *                                     the file.
                 79: *
                 80: *****************************************************************************
                 81: 
  2913           82: FinishCurrec      EQU *
2913 F6308C      83:          LDAB     CURREC+R$VALID
2916 273A        84:          BEQ      FinishCurrec%
                 85: 
                 86: **** Subtract 5 from Filebase to get to where header should go ****
2918 36          87:          PSHA                       (Save "Last Record Flag")
                 88:          ;LDX     #CURREC+R$FILEBASE
2919 CE3088      89:          LDX      #CURREC+R$FILEBASE
291C 4F          90:          CLRA                       Load AB w/ 5...
291D C605        91:          LDAB     #5                  ....,
291F 8D53        92:          BSR      SubFilebase         which we then subtract from CURREC.FILEBASE.
                 93: 
                 94: **** Position file to where header should go ****
2921 C603        95:          LDAB     #BO               Position the binary channel, silly!
                 96:          ;JSR     POSITION$
2923 BD0126      97:          JSR      POSITION$
                 98: 
                 99: **** Write appropriate record type mark, followed by the rest of the header ****
2926 32         100:          PULA                       Restore "Last Record Flag" to ACCA.
                101:          ;LDX     #CURREC+R$LEN+1
2927 CE3087     102:          LDX      #CURREC+R$LEN+1
  292A          103: FinishCurrec1     equ *
292A E600       104:          LDAB     0,X
292C 09         105:          DEX
292D 37         106:          PSHB
292E 8C3083     107:          CPX      #CURREC+R$BASE-1  Done yet?
2931 26F7       108:          BNE      FinishCurrec1
                109: 
2933 C602       110:          LDAB     #RTYPE$LOAD       Assume not last record, but just in case:
2935 4D         111:          TSTA                       Check "last-record" flag




ASM/6800 1.3H4: 2936 ASM/6800 1.4       - - - I / O    S E C T I O N - - -
08/16/82 00:00:00; Page 314; Form 25    - - - F i n i s h   C u r r e c - - -
ASM14A.IOFM.ASM
2936 2702       112:          BEQ      FinishCurrec2       B/ Not last record.
2938 C603       113:          LDAB     #RTYPE$LOADGO     Oops!  Last record.  Set type & proceed.
                114: 
  293A          115: FinishCurrec2     equ *
293A 37         116:          PSHB                       Save type byte,
293B 30         117:          TSX                          get pointer to built record,
293C 8605       118:          LDAA     #5                  set count,
293E C603       119:          LDAB     #BO                 set channel,
                120:          ;JSR     WRITEREC$           write a buncha bytes.
2940 BD0123     121:          JSR      WRITEREC$
                122: 
                123: **** Make Currec point to next spare byte in file ****
                124:          ;CLR     CURREC+R$VALID    Mark record as closed.
2943 7F308C     125:          CLR      CURREC+R$VALID
2946 4F         126:          CLRA                       Restore Filebase,
2947 C605       127:          LDAB     #5
2949 8DB1       128:          BSR      UpdateFilebase      by adding 5.
                129: 
                130: **** Clean up stack & exit ****
                131:          ;LEAS    3,S               Prune 3 bytes from stack
  0000          132:          IF       3<0
 *S*            133:          RPT      -3
 *S*            134:          DES
                135:          ELSE
  0003          136:          RPT      3
294B 31         137:          INS
                138:          FIN
294E 32         139:          PULA                       Now, read the length off the stack,
294F 33         140:          PULB
2950 8DAA       141:          BSR      UpdateFilebase      and add it to the filepointer.
                142: 
  2952          143: FinishCurrec%     equ *
2952 39         144:          RTS




ASM/6800 1.3H4: 2952 ASM/6800 1.4       - - - I / O    S E C T I O N - - -
08/16/82 00:00:00; Page 315; Form 25    - - - F i l e   P o s i t i o n - - -
ASM14A.IOFM.ASM
                146: *****************************************************************************
                147: *
                148: * Name:  FilePosition (TargetAddress (*in AB*) )
                149: *
                150: * Function:
                151: *        Given a target load address in AB, Fileposition returns a pointer
                152: *        to a four byte buffer that contains a filepointer.  This filepointer
                153: *        can be used to do a position prior to a write for outputting a
                154: *        record that starts at TargetAddress.  The filepointer is built in
                155: *        a special buffer; CURREC.FILEBASE is not modified.
                156: *
                157: * Arguments:
                158: *        AB       "TargetAddress"   Target load address.
                159: *
                160: * Results:
                161: *        X        "FPbuffer"        Address of four byte file address.
                162: *
                163: * Changed:                          Preserved:
                164: *        A, B, C, X                      ***NONE***
                165: *
                166: *****************************************************************************
                167: 
                168: **** Compute file address (& return pointer to buffer) for target address ****
                169: **** in AB.  Address assumes inclusion in current record                  ****
  2953          170: FilePosition      equ *
                171:          ;LDX     #FPbuffer         Load pointer to file-position buffer
2953 CE3078     172:          LDX      #FPbuffer
2956 FB308B     173:          ADDB     CURREC+R$FILEBASE+3    FPbuffer := CURREC.FILEBASE +
2959 E703       174:          STAB     3,X                                NEWREC.BASE -
295B B9308A     175:          ADCA     CURREC+R$FILEBASE+2                CURREC.BASE
295E A702       176:          STAA     2,X
2960 B63089     177:          LDAA     CURREC+R$FILEBASE+1
2963 8900       178:          ADCA     #0
2965 A701       179:          STAA     1,X
2967 B63088     180:          LDAA     CURREC+R$FILEBASE
296A 8900       181:          ADCA     #0
296C A700       182:          STAA     0,X
296E B63084     183:          LDAA     CURREC+R$BASE
2971 F63085     184:          LDAB     CURREC+R$BASE+1
                185: 




ASM/6800 1.3H4: 2971 ASM/6800 1.4       - - - I / O    S E C T I O N - - -
08/16/82 00:00:00; Page 316; Form 25    - - - F i l e   P o s i t i o n - - -
ASM14A.IOFM.ASM
                186: **** FALL INTO SubFilebase *************




ASM/6800 1.3H4: 2971 ASM/6800 1.4       - - - I / O    S E C T I O N - - -
08/16/82 00:00:00; Page 317; Form 25    - - - F i l e   P o s i t i o n - - -
ASM14A.IOFM.ASM
                188: 
                189: *****>>>>>> FilePosition is falling in from previous page <<<<<<*****
                190: 
                191: 
                192: 
                193: *****************************************************************************
                194: *
                195: * Name:  SubFilebase (Offset (*in AB*), Pointer (*in X*))
                196: *
                197: * Function:
                198: *        This routine subtracts a specified 16-bit unsigned integer from
                199: *        a 32-bit integer in memory, updating the 32-bit integer in place.
                200: *
                201: * Arguments:
                202: *        X        "Pointer"         Address of byte 0 of the integer to be
                203: *                                     modified.
                204: *
                205: *        AB       "Offset"          16-bit, unsigned positive value to be
                206: *                                     subtracted from the integer at X.
                207: *
                208: * Changed:                          Preserved:
                209: *        A, B, C                         X
                210: *
                211: *****************************************************************************
                212: 
                213: **** Subtract 16 bit quantity in AB from 32-bit value @ (0..3,X)
  2974          214: SubFilebase       equ *
2974 43         215:          COMA
2975 53         216:          COMB
2976 0D         217:          SEC
2977 E903       218:          ADCB     3,X
2979 A902       219:          ADCA     2,X
297B E703       220:          STAB     3,X
297D A702       221:          STAA     2,X
297F 86FF       222:          LDAA     #$FF
2981 A901       223:          ADCA     1,X
2983 A701       224:          STAA     1,X
2985 86FF       225:          LDAA     #$FF
2987 A900       226:          ADCA     0,X
2989 A700       227:          STAA     0,X




ASM/6800 1.3H4: 298B ASM/6800 1.4       - - - I / O    S E C T I O N - - -
08/16/82 00:00:00; Page 318; Form 25    - - - F i l e   P o s i t i o n - - -
ASM14A.IOFM.ASM
298B 39         228:          RTS




ASM/6800 1.3H4: 298B ASM/6800 1.4       - - - I / O    S E C T I O N - - -
08/16/82 00:00:00; Page 319; Form 25    - - - S e c t o r   N u m - - -
ASM14A.IOFM.ASM
                230: *****************************************************************************
                231: *
                232: * Name:  SectorNum (Address: WORD (*in AB*) )
                233: *
                234: * Function:
                235: *        Given a value in AB that is a pointer into a disk file,
                236: *        SectorREM returns in AB that portion of AB that selects the 
                237: *        sector.  Note that this value is NOT right justified; it is merely
                238: *        isolated in AB.  The other bits will just be set to zero.  The
                239: *        following identity may clarify this:
                240: *
                241: *                 (x) (x = SectorNum(x)+SectorREM(x))
                242: *
                243: *
                244: * Changes:                          Preserves:
                245: *        A, B, C                         X
                246: *
                247: *****************************************************************************
                248: 
                249: **** The bits in AB which correspond to byte-in-sector are CLEARED ****
  298C          250: SectorNum         equ *
298C B4307C     251:          ANDA     SectorMask
298F F4307D     252:          ANDB     SectorMask+1
2992 39         253:          RTS
                254: 




ASM/6800 1.3H4: 2992 ASM/6800 1.4       - - - I / O    S E C T I O N - - -
08/16/82 00:00:00; Page 320; Form 25    - - - S e c t o r   R E M - - -
ASM14A.IOFM.ASM
                256: *****************************************************************************
                257: *
                258: * Name:  SectorREM (Address: WORD (*in AB*) )
                259: *
                260: * Function:
                261: *        Given a value in AB that is a pointer into a disk file,
                262: *        SectorREM returns in AB that portion of AB that selects the byte
                263: *        within a sector.
                264: *
                265: * Changes:                          Preserves:
                266: *        A, B, C                         X
                267: *
                268: *****************************************************************************
                269: 
                270: **** The bits in AB which correspond to sector-number are CLEARED ****
  2993          271: SectorREM         equ *
2993 B4307E     272:          ANDA     NotSectorMask
2996 F4307F     273:          ANDB     NotSectorMask+1
2999 39         274:          RTS
                275: 




ASM/6800 1.3H4: 2999 ASM/6800 1.4       - - - I / O    S E C T I O N - - -
08/16/82 00:00:00; Page 321; Form 26    - - - D o u b l e   P r e c i s i o n   R o u t i n e s - - -
ASM14A.IOFM.ASM
                  2: *****************************************************************************
                  3: *
                  4: * Name:  Double Precision Routines
                  5: *
                  6: * Function:
                  7: *        These routines provide OutputSDOSrecord and friends with some 16-bit
                  8: *        arithmetic operations.  One of the (many) nice features about this
                  9: *        package is that (where it makes sense) these routines return REAL
                 10: *        condition codes (as opposed to what you get out of a CPX, for example).
                 11: *
                 12: *        These routines all have a common calling sequence.  AB are treated as
                 13: *        a 16-bit accumulator, with A being the high-order byte and B being
                 14: *        the low-order byte.  X points to the first byte of the other operand
                 15: *        that is to be added, or whatever, to the accumulator.  If the operations
                 16: *        are done in the correct order, i.e. if B is operated upon before A,
                 17: *        and the routines close by branching to DP$CC, you will get the
                 18: *        appropriate condition code on exit.
                 19: *
                 20: *        The following routines are currently provided:
                 21: *
                 22: *        DP$ADD                     Add (0,X) to AB.
                 23: *        DP$SUB                     Subtract (0,X) from AB.
                 24: *        DP$CMP                     Compare AB to (0,X).
                 25: *        DP$MAX                     If AB << (0,X) then AB := (0,X).
                 26: *        DP$CC                      If CCZ is set and B is not zero, CCZ is reset.
                 27: *
                 28: *****************************************************************************
                 29: 
                 30: 
                 31: **** AB := AB + (0,X) ****
  299A           32: DP$ADD   equ      *
299A EB01        33:          ADDB     1,X
299C A900        34:          ADCA     0,X
                 35: 
  299E           36: DP$CC    equ      *                 Fix condition codes for 16-bit operations
299E 2609        37:          BNE      DP$CC%              The only bit that needs help is the Z bit.
29A0 36          38:          PSHA                         --and that only needs help if A=0.
29A1 07          39:          TPA
29A2 5D          40:          TSTB
29A3 2702        41:          BEQ      DP$CC1




ASM/6800 1.3H4: 29A3 ASM/6800 1.4       - - - I / O    S E C T I O N - - -
08/16/82 00:00:00; Page 322; Form 26    - - - D o u b l e   P r e c i s i o n   R o u t i n e s - - -
ASM14A.IOFM.ASM
                 42:          ;EORA    #(1##2)           Toggle the Z bit iff. low byte (B) was zero.
29A5 8804        43:          EORA     #(1##2)
29A7 06          44: DP$CC1   TAP
29A8 32          45:          PULA
29A9 39          46: DP$CC%   RTS
                 47: 
                 48: **** AB := AB - (0,X) ****
  29AA           49: DP$SUB   equ      *
29AA E001        50:          SUBB     1,X
29AC A200        51:          SBCA     0,X
29AE 20EE        52:          BRA      DP$CC
                 53: 
                 54: **** Compare AB to (0,X); return appropriate condition code ****
  29B0           55: DP$CMP   equ      *
29B0 37          56:          PSHB
29B1 36          57:          PSHA
29B2 8DF6        58:          BSR      DP$SUB
29B4 32          59:          PULA
29B5 33          60:          PULB
29B6 39          61:          RTS
                 62: 
                 63: **** AB := AB max (0,X) ****
  29B7           64: DP$MAX   equ      *
29B7 8DF7        65:          BSR      DP$CMP
29B9 2404        66:          BCC      DP$MAX%
29BB A600        67:          LDAA     0,X
29BD E601        68:          LDAB     1,X
29BF 39          69: DP$MAX%  RTS




ASM/6800 1.3H4: 29BF ASM/6800 1.4       - - - I / O    S E C T I O N - - -
08/16/82 00:00:00; Page 323; Form 26    - - - G e t   R e c   E n d - - -
ASM14A.IOFM.ASM
                 71: *****************************************************************************
                 72: *
                 73: * Name:  GetNewrecEnd ()
                 74: *
                 75: * Function:
                 76: *        Computes target load address of first byte after segment currently
                 77: *        being processed.  Definition is:
                 78: *
                 79: *                 LET GetNewrecEnd() = GetRecEnd(#NEWREC)
                 80: *
                 81: * Changes:                          Preserves:
                 82: *        A B C X                         ****NONE****
                 83: *
                 84: *****************************************************************************
                 85: 
                 86: **** AB := Target address of last byte in NEWREC ****
  29C0           87: GetNewrecEnd      equ *
                 88:          ;LDX     #NEWREC           Get address of structure base,
29C0 CE3080      89:          LDX      #NEWREC
29C3 2003        90:          BRA      GetRecEnd           go compute address.
                 91: 
                 92: *****************************************************************************
                 93: *
                 94: * Name:  GetCurrecEnd ()
                 95: *
                 96: * Function:
                 97: *        Computes (in AB) the target load address of the first byte
                 98: *        following the current record.  This function is merely:
                 99: *
                100: *                 LET GetCurrecEnd() = GetRecEnd(#CURREC)
                101: *
                102: * Changes:                          Preserves:
                103: *        A B C X                         ****NONE****
                104: *
                105: *****************************************************************************
                106: 
                107: **** AB := Target address of last byte in CURREC ****
  29C5          108: GetCurrecEnd      equ *
                109:          ;LDX     #CURREC           Get address of structure base.
29C5 CE3084     110:          LDX      #CURREC




ASM/6800 1.3H4: 29C5 ASM/6800 1.4       - - - I / O    S E C T I O N - - -
08/16/82 00:00:00; Page 324; Form 26    - - - G e t   R e c   E n d - - -
ASM14A.IOFM.ASM
                111: 
                112: *****************************************************************************
                113: *
                114: * Name:  GetRecEnd (Pointer: ^{either NEWREC or CURREC})
                115: *
                116: * Function:
                117: *        Returns in AB the target load address of the first byte after
                118: *        the specified record/record segment.
                119: *
                120: * Changes:                          Preserves:
                121: *        A, B, C                         X
                122: *
                123: *****************************************************************************
                124: 
                125: **** AB := Target address of last byte in record at (0,X) ****
  29C8          126: GetRecEnd         equ *
29C8 A600       127:          LDAA     R$BASE,X
29CA E601       128:          LDAB     R$BASE+1,X
29CC EB03       129:          ADDB     R$LEN+1,X
29CE A902       130:          ADCA     R$LEN,X
29D0 39         131:          RTS




ASM/6800 1.3H4: 29D0 ASM/6800 1.4       - - - I / O    S E C T I O N - - -
08/16/82 00:00:00; Page 325; Form 26    - - - G e t   R e c o r d   B a s e - - -
ASM14A.IOFM.ASM
                133: *****************************************************************************
                134: *
                135: * Name:  GetNewrecBase ()
                136: *
                137: * Function:
                138: *        Loads AB with the contents of NEWREC+R$BASE; i.e., with the target
                139: *        load address of the record segment being processed.
                140: *
                141: * Changes:                          Preserves:
                142: *        A, B, C                         X
                143: *
                144: *****************************************************************************
                145: 
  29D1          146: GetNewrecBase     equ *
29D1 B63080     147:          LDAA     NEWREC+R$BASE
29D4 F63081     148:          LDAB     NEWREC+R$BASE+1
29D7 39         149:          RTS
                150: 
                151: *****************************************************************************
                152: *
                153: * Name:  GetCurrecBase ()
                154: *
                155: * Function:
                156: *        Loads AB with the contents of CURREC+R$BASE, i.e., with the target
                157: *        load address of the record currently being built.
                158: *
                159: * Changes:                          Preserves:
                160: *        A, B, C                         X
                161: *
                162: *****************************************************************************
                163: 
                164: **** AB := Currec.BASE ****
  29D8          165: GetCurrecBase     equ *
29D8 B63084     166:          LDAA     CURREC+R$BASE
29DB F63085     167:          LDAB     CURREC+R$BASE+1
29DE 39         168:          RTS




ASM/6800 1.3H4: 29DE ASM/6800 1.4       - - - I / O    S E C T I O N - - -
08/16/82 00:00:00; Page 326; Form 27    - - - G E T C S - - -
ASM14A.IOFM.ASM
                  2: *
                  3: *
                  4: *  G E T C S
                  5: *
                  6: * GET A CHAR FROM SI DEVICE IN A. IF EOF IS HIT, EOFF#0.
                  7: *
                  8: *
  29DF            9: GETCS    EQU      *
29DF 965E        10:          LDAA     RJCH              A CHARACTER WAITING TO BE GIVEN TO THE TURKEY?
29E1 261E        11:          BNE      GETNLF              B/ YUP, GIVE IT HIM.
                 12: 
  29E3           13: GETCS1   EQU      *                 LOOP FOR ACTUAL I/O.
29E3 C601        14:          LDAB     #SI
                 15:          ;JSR     EOF$              SEE IF EOF HIT
29E5 BD012C      16:          JSR      EOF$
29E8 16          17:          TAB
29E9 860D        18:          LDAA     #$D               DEFAULT IF EOF
29EB D795        19:          STAB     EOFF              SAVE FLAG
29ED 2612        20:          BNE      GETNLF            B/EOF
29EF C601        21:          LDAB     #SI               READ FROM SI
                 22:          ;JSR     RASCII$           READ
29F1 BD011A      23:          JSR      RASCII$
29F4 4D          24:          TSTA                       A NULL?
29F5 27EC        25:          BEQ      GETCS1            WE IGNORE THOSE
                 26:          ;CMPA    #$A               A LF?
29F7 810A        27:          CMPA     #$A
29F9 2606        28:          BNE      GETNLF            IF NOT, OK
29FB D6BA        29:          LDAB     OPTF              SEE IF WE IGNORE THOSE
29FD C520        30:          BITB     #OPT:LF           WELL?
29FF 26E2        31:          BNE      GETCS1            IF ON, IGNORE
                 32: 
  2A01           33: GETNLF   EQU      *
                 34:          ;CLR     RJCH              NO CHARACTER REJECTED.
2A01 7F005E      35:          CLR      RJCH
2A04 39          36:          RTS




ASM/6800 1.3H4: 2A04 ASM/6800 1.4       - - - I / O    S E C T I O N - - -
08/16/82 00:00:00; Page 327; Form 28    - - - G E T C S - - -
ASM14A.IOFM.ASM
                  1: *
                  2: * REWSI - REWIND SI DEVICE TO BEGINNING
                  3: *
2A05 C601         4: REWSI    LDAB     #SI               LOAD CHANNEL #
                  5: 
  2A07            6: REWANY   equ      *                 Rewind any channel (# in ACCB).
                  7:          ;LDX     #ZEROES           PT TO SOME ZEROES
2A07 CE2A0D       8:          LDX      #ZEROES
                  9:          ;JMP     POSITION$         REWIND AND RETURN
2A0A 7E0126      10:          JMP      POSITION$
                 11: *
2A0D 00000000    12: ZEROES   FDB      0,0




ASM/6800 1.3H4: 2A0D ASM/6800 1.4       - - - I / O    S E C T I O N - - -
08/16/82 00:00:00; Page 328; Form 29    - - - P U T C C - - -
ASM14A.IOFM.ASM
                  2: *
                  3: *
                  4: *   P U T C C
                  5: *
                  6: *        Output ch in A to C device, with minimal editing.
                  7: *        ALL CH <$20 --> UP-ARROW FORM
                  8: *
  2A11            9: PUTCC    EQU      *
2A11 36          10:          PSHA
                 11:          ;CMPA     #$D
2A12 810D        12:          CMPA     #$D
2A14 270C        13:          BEQ      PUTC3
                 14:          ;CMPA     #$20
2A16 8120        15:          CMPA     #$20
2A18 2C08        16:          BGE      PUTC3
2A1A 36          17:          PSHA
2A1B 865E        18:          LDAA     #'^
2A1D 8D07        19:          BSR      PUTC
2A1F 32          20:          PULA
2A20 8B40        21:          ADDA     #$40
                 22: *
2A22 8D02        23: PUTC3    BSR      PUTC
2A24 32          24:          PULA
2A25 39          25:          RTS
                 26: *
                 27: *
                 28: * PUTC : PUT A CHAR IN A TO CONS DEVICE - SAVE B.
                 29: *
2A26 37          30: PUTC     PSHB                       SAVE B
2A27 C600        31:          LDAB     #CONS             GET CORR CHANNEL #
2A29 DF3C        32: WRTOUT   STX      IOXSAVE           SAVE X REG
                 33:          ;JSR     WASCII$           WRITE
2A2B BD0120      34:          JSR      WASCII$
2A2E 200B        35:          BRA      IORET
                 36: *
                 37: * GETC - GET A CHAR FROM CONS DEV. SAVE B.
                 38: *
2A30 37          39: GETC     PSHB                       SAVE B
2A31 DF3C        40:          STX      IOXSAVE           SAVE X REG
2A33 C600        41: GETC2    LDAB     #CONS             GET CH #




ASM/6800 1.3H4: 2A33 ASM/6800 1.4       - - - I / O    S E C T I O N - - -
08/16/82 00:00:00; Page 329; Form 29    - - - P U T C C - - -
ASM14A.IOFM.ASM
                 42:          ;JSR     RASCII$           READ
2A35 BD011A      43:          JSR      RASCII$
2A38 4D          44:          TSTA                       IS IT A NUL?
2A39 27F8        45:          BEQ      GETC2             IF SO, IGNORE
2A3B 33          46: IORET    PULB                       GET B BACK
                 47:          ;LDX     IOXSAVE           GET X BACK
2A3C DE3C        48:          LDX      IOXSAVE
2A3E 39          49:          RTS




ASM/6800 1.3H4: 2A3E ASM/6800 1.4       - - - I / O    S E C T I O N - - -
08/16/82 00:00:00; Page 330; Form 30    - - - P U T T - - -
ASM14A.IOFM.ASM
                  2: *
                  3: *
                  4: *  P U T T
                  5: *
                  6: *        Puts TEXTZ string following call to control device.
                  7: *
  2A3F            8: PUTT     EQU      *
                  9:          ;PULX
2A3F 30          10:          TSX
2A40 EE00        11:          LDX      0,X
2A42 31          12:          INS
2A43 31          13:          INS
2A44 A600        14:          LDAA     0,X               NULL STRING IS NOT OK.
2A46 8DC9        15: PUTT1    BSR      PUTCC
2A48 08          16:          INX
2A49 A600        17:          LDAA     0,X               GET NEXT
2A4B 26F9        18:          BNE      PUTT1
                 19:          ;JMP      1,X
2A4D 6E01        20:          JMP      1,X




ASM/6800 1.3H4: 2A4D ASM/6800 1.4       - - - I / O    S E C T I O N - - -
08/16/82 00:00:00; Page 331; Form 31    - - - G E T L - - -
ASM14A.IOFM.ASM
                  2: *
                  3: * GET A LINE FROM THE CONS DEVICE INTO THE BUFFER SPECIFIED
                  4: * BY THE X REGISTER.
                  5: *
                  6: *        RETURNS B=#OF CHARS
                  7: *
2A4F 5F           8: GETL     CLRB                       CLEAR THE COUNT
2A50 8DDE         9: NCHR     BSR      GETC              GET THE CHAR
2A52 A700        10:          STAA     0,X               SAVE
2A54 27FA        11:          BEQ      NCHR              DONT SAVE NULLS, STUPID!
2A56 08          12:          INX                        PT TO NEXT
2A57 5C          13:          INCB                       INC CHAR COUNT
                 14:          ;CMPA    #$D               DONE YET?
2A58 810D        15:          CMPA     #$D
2A5A 26F4        16:          BNE      NCHR              IF NOT, GET MORE
                 17:          ;CLR     0,X               MARK EOB
2A5C 6F00        18:          CLR      0,X
2A5E 39          19:          RTS




ASM/6800 1.3H4: 2A5E ASM/6800 1.4       - - - I / O    S E C T I O N - - -
08/16/82 00:00:00; Page 332; Form 32    - - - G E T O P T - - -
ASM14A.IOFM.ASM
                  2: *
                  3: *
                  4: *  G E T O P T
                  5: *
                  6: *        GET THE SI,LO,AND BO ASSIGNMENTS FROM USER.
                  7: * OPEN THE APROPRIATE FILES AND START ASSEMBLY WITH
                  8: * INPUT FROM THE CONS DEVICE UNTIL AN EMPTY LINE IS GIVEN
                  9: *
                 10: *
  2A5F           11: GETOPT   EQU      *
                 12: 
                 13: **** Output a greeting (?) ****
                 14:          ;LDX     ASMPATCH          Setup assembly
2A5F FE258E      15:          LDX      ASMPATCH
2A62 FF2A91      16:          STX      ASMPAT             and patch
                 17:          ;JSR      PUTT
2A65 BD2A3F      18:          JSR      PUTT
2A68 0D          19:          FCB      $D
  0001           20:          IFUND    MC6809
2A69 536F6674    21:          FCC      'Software Dynamics ASM/6800, Version '
  0001           22:          ELSE
 *S*             23:          FCC      'Software Dynamics ASM/6809, Version '
                 24:          FIN
2A8D 312E34      25:          FCB      (RELEASE/$10&$F)+'0,'.,(RELEASE&$F)+'0
2A90 41          26:          FCB      ASSEMBLY          Show assembly
2A91 2020        27: ASMPAT   FCC      '  '
2A93 202F20      28:          FCC      ' / '
2A96 33          29:          FCB      (VERS/$1000&$F)+'0+('A-'9-1)*((VERS/$1000&$F)>9)
2A97 37          30:          FCB      (VERS/$100&$F)+'0+('A-'9-1)*((VERS/$100&$F)>9)
2A98 45          31:          FCB      (VERS/$10&$F)+'0+('A-'9-1)*((VERS/$10&$F)>9)
2A99 43          32:          FCB      (VERS&$F)+'0+('A-'9-1)*((VERS&$F)>9)
2A9A 0D          33:          FCB      $D
2A9B 00          34:          FCB      0
2A9C 9F2A        35:          STS      FLAMOUT           SAVE STACK FOR I/O ERROR POSSIBILITY
                 36: 
                 37: **** Get the source-file's name from the user ****
  2A9E           38: RSI      ;LDX     #RSI              GET LOC FOR I/O ERR
2A9E CE2A9E      39:          LDX      #RSI
2AA1 DFAA        40:          STX      IOERRLOC
                 41:          ;JSR     PUTT              SAY SOMETHING




ASM/6800 1.3H4: 2AA3 ASM/6800 1.4       - - - I / O    S E C T I O N - - -
08/16/82 00:00:00; Page 333; Form 32    - - - G E T O P T - - -
ASM14A.IOFM.ASM
2AA3 BD2A3F      42:          JSR      PUTT
2AA6 536F7572    43:          FCC      /Source File=/
2AB2 00          44:          FCB      0
                 45:          ;JSR     GETNAME           GO GET A NAME
2AB3 BD2B39      46:          JSR      GETNAME
2AB6 27E6        47:          BEQ      RSI               IF NULL - ASK AGAIN
2AB8 C601        48:          LDAB     #SI               LOAD CH#
2ABA 36          49:          PSHA                       <<SAVE SIZE>>
                 50:          ;JSR     OPEN$             OPEN THE SI CHANNEL
2ABB BD0108      51:          JSR      OPEN$
                 52: 
                 53: **** MAKE AN INCLUDE BLOCK FOR THE ORIGINAL SOURCE FILE ****
2ABE 33          54:          PULB                       GET LENGTH OF NAME;
                 55:          ;LDX     INBUF               GET BASE OF NAME;
2ABF DEAE        56:          LDX      INBUF
2AC1 DF34        57:          STX      TPTR
                 58:          ;JSR     MAKEINCLB           MAKE ME AN INCLB.
2AC3 BD15FE      59:          JSR      MAKEINCLB
2AC6 DFA7        60:          STX      .CURINCLB         SAVE POINTER,
                 61:          ;CLR     INCLVL              RESET INCLUDE LEVEL TO 0.
2AC8 7F009C      62:          CLR      INCLVL
                 63: 
                 64: **** Get the listing-file's name from the user ****
  2ACB           65: RLO      ;LDX     #RLO              ERR RET
2ACB CE2ACB      66:          LDX      #RLO
2ACE DFAA        67:          STX      IOERRLOC
                 68:          ;JSR     PUTT
2AD0 BD2A3F      69:          JSR      PUTT
2AD3 4C697374    70:          FCC      /Listing File=/
2AE0 00          71:          FCB      0
2AE1 8D56        72:          BSR      GETNAME           GET THE NAME
2AE3 2606        73:          BNE      WANTLO            GO HANDLE IN NAME NOT NULL
2AE5 86FD        74:          LDAA     #\OPT:LO
2AE7 8D5E        75:          BSR      OPTAND            INDICATE NO BO
2AE9 2009        76:          BRA      RBO
                 77: 
                 78: **** Open the listing file for the user (if possible) ****
2AEB C602        79: WANTLO   LDAB     #LO               CH #
                 80:          ;JSR     CREATE$           CREATE THE LO FILE
2AED BD010E      81:          JSR      CREATE$




ASM/6800 1.3H4: 2AF0 ASM/6800 1.4       - - - I / O    S E C T I O N - - -
08/16/82 00:00:00; Page 334; Form 32    - - - G E T O P T - - -
ASM14A.IOFM.ASM
2AF0 8602        82:          LDAA     #OPT:LO
2AF2 8D4F        83:          BSR      OPTOR
                 84: 
                 85: **** Get the binary-file's name from the user ****
  2AF4           86: RBO      ;LDX     #RBO              GET ERR RETURN ADDR
2AF4 CE2AF4      87:          LDX      #RBO
2AF7 DFAA        88:          STX      IOERRLOC
                 89:          ;JSR     PUTT
2AF9 BD2A3F      90:          JSR      PUTT
2AFC 42696E61    91:          FCC      /Binary File=/
2B08 00          92:          FCB      0
2B09 8D2E        93:          BSR      GETNAME           GET A NAME
2B0B 2606        94:          BNE      WANTBO            IF NOT, NULL HANDLE
2B0D 86FB        95:          LDAA     #\OPT:BO
2B0F 8D36        96:          BSR      OPTAND            INDICATE NO BO
2B11 2020        97:          BRA      OPTEND            FINISH UP
                 98: 
                 99: **** Create the binary output file; then check that it's a file ****
2B13 C603       100: WANTBO   LDAB     #BO               GET CHANNEL #
                101:          ;JSR     CREATE$           CREATE FILE
2B15 BD010E     102:          JSR      CREATE$
                103: 
2B18 C603       104:          LDAB     #BO               This will be enforced by GTSIZE$.
                105:          ;JSR     GTSIZE$           Give me NBPS in AB.
2B1A BD012F     106:          JSR      GTSIZE$
2B1D C001       107:          SUBB     #1                Convert it to a mask;
2B1F 8200       108:          SBCA     #0                     ....
2B21 B7307E     109:          STAA     NotSectorMask       this mask will extract the byte-within-...
2B24 F7307F     110:          STAB     NotSectorMask+1     ...-sector field from a file pointer.
2B27 43         111:          COMA                       Make mask to extract the sector-number
2B28 53         112:          COMB                         field from a file pointer;
2B29 B7307C     113:          STAA     SectorMask        Put it in appropriately named slot.
2B2C F7307D     114:          STAB     SectorMask+1           ....
                115: 
2B2F 8604       116:          LDAA     #OPT:BO
2B31 8D10       117:          BSR      OPTOR             PUT IN OPTION WORD
                118: 
                119: **** Done processing options; get out ****
  2B33          120: OPTEND   ;LDX     #CRAPOUT$         ERR RET IF I/O ERROR DURING ASM
2B33 CE0142     121:          LDX      #CRAPOUT$




ASM/6800 1.3H4: 2B36 ASM/6800 1.4       - - - I / O    S E C T I O N - - -
08/16/82 00:00:00; Page 335; Form 32    - - - G E T O P T - - -
ASM14A.IOFM.ASM
2B36 DFAA       122:          STX      IOERRLOC
2B38 39         123:          RTS
                124: *
                125: *
                126: * GETNAME - GO GET A NAME FROM CONS.
                127: *        RETURN SIZE IN A AND B AND PTR TO FIRST BYTE IN X.
                128: *
  2B39          129: GETNAME  ;LDX     INBUF             TELL SYSTEM WHICH BUFER
2B39 DEAE       130:          LDX      INBUF
                131:          ;JSR     GETL              GET THE LINE
2B3B BD2A4F     132:          JSR      GETL
                133:          ;LDX     INBUF             LOAD UP PTR TO BUF
2B3E DEAE       134:          LDX      INBUF
2B40 5A         135:          DECB                       GET SIZE W/O CR
2B41 17         136:          TBA                        SIZE IN A
2B42 39         137:          RTS




ASM/6800 1.3H4: 2B42 ASM/6800 1.4       - - - I / O    S E C T I O N - - -
08/16/82 00:00:00; Page 336; Form 33    - - - O P T O R / O P T A N D - - -
ASM14A.IOFM.ASM
                  2: *
                  3: * SET OR CLEAR THE INDICATED BIT IN THE OPTF BYTE
                  4: *
2B43 9ABA         5: OPTOR    ORAA     OPTF              OR IN THE BIT
2B45 2002         6:          BRA      OPTAND1                AND STORE BACK
                  7: 
2B47 94BA         8: OPTAND   ANDA     OPTF              AND OUT THE BIT
2B49 97BA         9: OPTAND1  STAA     OPTF              STORE BACK
2B4B 39          10:          RTS
                 11: 
                 12: 
                 13: *
                 14: *  SET OR CLEAR INDICATED BIT IN OPT1F BYTE.
                 15: *
                 16: 
2B4C 9ABB        17: OPT1OR   ORAA     OPT1F             MERGE IN THE BIT
2B4E 2002        18:          BRA      OPT1AND1                 AND STORE BACK.
                 19: 
2B50 94BB        20: OPT1AND  ANDA     OPT1F             MASK OUT THE BIT
2B52 97BB        21: OPT1AND1 STAA     OPT1F               AND SHOVE BACK.
2B54 39          22:          RTS                        RETURN.




ASM/6800 1.3H4: 2B54 ASM/6800 1.4       - - - I / O    S E C T I O N - - -
08/16/82 00:00:00; Page 337; Form 34    - - - E X I T - - -
ASM14A.IOFM.ASM
                  2: *
                  3: *
                  4: * CLOSE ANY OPEN FILES AND EXIT
                  5: *
2B55 C601         6: EXIT     LDAB     #SI               ALWAYS CLOSE SI
                  7:          ;JSR     CLOSE$
2B57 BD010B       8:          JSR      CLOSE$
2B5A 96BA         9:          LDAA     OPTF
2B5C 8504        10:          BITA     #OPT:BO           DO WE CLOSE BO?
2B5E 2705        11:          BEQ      NCLBO             IF NO, SKIP
2B60 C603        12:          LDAB     #BO
                 13:          ;JSR     CLOSE$
2B62 BD010B      14:          JSR      CLOSE$
2B65 96BA        15: NCLBO    LDAA     OPTF
2B67 8502        16:          BITA     #OPT:LO           CLOSE LO?
2B69 2705        17:          BEQ      NCLLO
2B6B C602        18:          LDAB     #LO
                 19:          ;JSR     CLOSE$
2B6D BD010B      20:          JSR      CLOSE$
2B70 D68D        21: NCLLO    LDAB     ERRC              ANY ERRORS?
2B72 270B        22:          BEQ      AXEIT             B/NO
                 23:          ;JSR     ISCONSOLE$
2B74 BD0117      24:          JSR      ISCONSOLE$
2B77 2406        25:          BCC      AXEIT             B/IS CONSOLE
                 26:          ;LDX     #100
2B79 CE0064      27:          LDX      #100
                 28:          ;JSR     CRAPOUT$
2B7C BD0142      29:          JSR      CRAPOUT$
                 30: 
  2B7F           31: AXEIT    ;JSR     EXIT$
2B7F BD0129      32:          JSR      EXIT$




ASM/6800 1.3H4: 2B7F ASM/6800 1.4       - - - I / O    S E C T I O N - - -
08/16/82 00:00:00; Page 338; Form 35    - - - I / O   E R R O R   H A N D L I N G - - -
ASM14A.IOFM.ASM
                  2: *
                  3: * PRINT IO ERROR # XX <CR> AND THEN GO TO ADDR IN IOERRLOC.
                  4: *
  2B82            5: IOERROR  ;JSR     ERROR$            OUTPUT THE ERROR PLEEZE.
2B82 BD013F       6:          JSR      ERROR$
                  7:          ;JSR     PUTT
2B85 BD2A3F       8:          JSR      PUTT
2B88 0D00         9:          FCB      $D,0
                 10:          ;LDX     IOERRLOC          GET RET ADDR
2B8A DEAA        11:          LDX      IOERRLOC
2B8C 9E2A        12:          LDS      FLAMOUT           REWIND STACK
                 13:          ;JMP     0,X               GO,GO,GO
2B8E 6E00        14:          JMP      0,X
                 15: *




ASM/6800 1.3H4: 2B8E ASM/6800 1.4       - - - I / O    S E C T I O N - - -
08/16/82 00:00:00; Page 339; Form 36    - - - I N L I N E - - -
ASM14A.IOFM.ASM
                  2: *
                  3: * INLINE - INPUT A LINE FROM THE APROPRIATE PLACE.
                  4: *
                  5: *        IF PASS1 - INITIALY GET LINES FROM CONS
                  6: * AND SAVE THEM FOR PASS 2 IN SYM TABLE AREA. AS SOON AS
                  7: * EMPTY LINE IS INPUT - READ FROM SI DEVICE
                  8: *
                  9: *        IF PASS 2 - INITIALLY GET STORED LINES FROM PASS 1.
                 10: * THEN, WHEN WE RUN OUT OF USER INPUT LINES, READ LINES
                 11: * FROM THE SI DEVICE.
                 12: *
                 13: *
                 14: *
                 15: *
                 16: *        FORMAT OF SAVED LINE BLOCKS:
                 17: *
                 18: *                 ------------------
                 19: *                 *    CHAR        *
                 20: *                 *    CHAR        *
                 21: *                  . . . . . . 
                 22: *                 *     <CR>       *
                 23: *                 *     <NUL>      *
                 24: *                 *   PTR TO NEXT  *
                 25: *                 * LINE BLOCK     *
                 26: *                 ------------------
                 27: *
                 28: *
  2B90           29: INLINE   ;LDX     INBUF             PT TO START OF BUFFER
2B90 DEAE        30:          LDX      INBUF
2B92 DF20        31:          STX      INPTR             SAVE AWAY
2B94 969C        32:          LDAA     INCLVL            ARE WE AT BOTTOM LEVEL?
2B96 2649        33:          BNE      STDLINE             B/ NO: ALWAYS READ FROM FILE.
2B98 9687        34:          LDAA     INCNT             DO WE READ FROM CONS?
2B9A 2645        35:          BNE      STDLINE           IF NOT, STANDARD LINE
2B9C 9654        36:          LDAA     PASS              WHICH PASS
2B9E 262A        37:          BNE      P2INPUT           IF PASS 2 DO WEIRD STUFF
2BA0 DF36        38:          STX      TPTR1             SAVE SOURCE ADDR FOR MOVE
2BA2 863E        39:          LDAA     #'>
                 40:          ;JSR     PUTCC             PROMPT THE GUY SO THAT HE DOESN'T FALL ASLEEP
2BA4 BD2A11      41:          JSR      PUTCC




ASM/6800 1.3H4: 2BA4 ASM/6800 1.4       - - - I / O    S E C T I O N - - -
08/16/82 00:00:00; Page 340; Form 36    - - - I N L I N E - - -
ASM14A.IOFM.ASM
                 42:          ;JSR     GETL              GET A LINE
2BA7 BD2A4F      43:          JSR      GETL
2BAA 5A          44:          DECB
2BAB 272E        45:          BEQ      P2INDONE          IF NULL LINE, WE ARE DONE
                 46: *
                 47: * GOT LINE - NOW GET A BLOCK FROM SYM TBL AND SAVE IT THERE
                 48: *
2BAD CB04        49:          ADDB     #4                ADD TO COUNT OR <CR><NUL>+2 PTR BYTES
                 50:          ;JSR     GTBLK             GET SOME SPACE
2BAF BD20A6      51:          JSR      GTBLK
2BB2 2727        52:          BEQ      P2INDONE          IF NO SPACE, ACT LIKE NORMAL
2BB4 DF34        53:          STX      TPTR              SAVE ADDR OF BLOCK
                 54:          ;LDX     INLLINK           LD ADDR OF LAST LINK
2BB6 DE85        55:          LDX      INLLINK
2BB8 9634        56:          LDAA     TPTR              LINK THIS BLOCK IN
2BBA A700        57:          STAA     0,X
2BBC 9635        58:          LDAA     TPTR+1
2BBE A701        59:          STAA     1,X
2BC0 8D4E        60:          BSR      MOVEB             TPTR1 --> TPTR
2BC2 08          61:          INX                        POINT PAST YE NULL,
2BC3 DF85        62:          STX      INLLINK           SAVE PTR TO LAST LINK
                 63:          ;CLR     0,X               INDICATE END OF LIST
2BC5 6F00        64:          CLR      0,X
                 65:          ;CLR     1,X
2BC7 6F01        66:          CLR      1,X
2BC9 39          67: OUTLINE  RTS                        ALL DONE (PHEW)
                 68: *
                 69: * MUST GET LINES FROM SAVED LIST
                 70: *
2BCA DF34        71: P2INPUT  STX      TPTR              SAVE AS DESTINATON ADDRESS
                 72:          ;LDX     INLLINK           LD PTR TO LINK TO NEXT BYTE
2BCC DE85        73:          LDX      INLLINK
                 74:          ;LDX     0,X               LD ADDR OF NEXT BLK
2BCE EE00        75:          LDX      0,X
2BD0 2709        76:          BEQ      P2INDONE          IF=0 END OF FUNNY INPUT - READ FROM SI NOW
2BD2 DF36        77:          STX      TPTR1             SAVE AS SOURCE ADDR
2BD4 8D3A        78:          BSR      MOVEB             FILL THE INPUT BUFFER
                 79:          ;LDX     TPTR1             LD PTR TO NEXT LINK
2BD6 DE36        80:          LDX      TPTR1
2BD8 DF85        81:          STX      INLLINK           SAVE IN SAFE PLACE




ASM/6800 1.3H4: 2BDA ASM/6800 1.4       - - - I / O    S E C T I O N - - -
08/16/82 00:00:00; Page 341; Form 36    - - - I N L I N E - - -
ASM14A.IOFM.ASM
2BDA 39          82:          RTS
                 83: *
                 84: * HANDLE REMAINING LINES AS NORMAL (I.E. FROM SI).
                 85: *
  2BDB           86: P2INDONE ;DEC     INCNT             MAKE INCNT # 0
2BDB 7A0087      87:          DEC      INCNT
                 88:          ;JSR     FORMFEED            EJECT A PAGE.
2BDE BD0815      89:          JSR      FORMFEED
  2BE1           90: STDLINE  EQU      *
2BE1 9695        91:          LDAA     EOFF              END OF FILE?
2BE3 26E4        92:          BNE      OUTLINE           B/YES
  2BE5           93: STDLINE1 ;JSR     GETCS             GET A SOURCE CHAR,
2BE5 BD29DF      94:          JSR      GETCS
                 95:          ;CMPA    #CTRLL            IS IT A CONTROL-L?
2BE8 810C        96:          CMPA     #CTRLL
2BEA 2608        97:          BNE      READL3              B/ NOPE: START SAVING LINE.
                 98:          ;JSR     FORMFEED          THROW FORM,
2BEC BD0815      99:          JSR      FORMFEED
2BEF 20F0       100:          BRA      STDLINE             AND EAT ANY MORE ^L-S.
  2BF1          101: READL1   ;JSR      GETCS             ;GET A SOURCE CHARACTER
2BF1 BD29DF     102:          JSR      GETCS
  2BF4          103: READL3   EQU      *
                104: *2*
                105: *
                106: * GOT A CH IN A; PUT IT IN THE BUFFER.
                107:          ;LDX      INPTR             ;POKE THIS CHARACTER AWAY,
2BF4 DE20       108:          LDX      INPTR
2BF6 A700       109:          STAA     0,X               ;IN THE BUFFER
2BF8 9CB0       110:          CPX      INBUFE            HIT END OF LINE BUFFER?
2BFA 270A       111:          BEQ      READ99               B/ YES:  DON'T BUMP POINTER.
2BFC 08         112:          INX                        ;AUTOINCREMENT
2BFD DF20       113: READ98   STX      INPTR             ;SAVE POINTER.
                114: *
                115: * GOT ALL THE LINE?
                116:          ;CMPA     #$D               ;CARRIAGE RETURN?
2BFF 810D       117:          CMPA     #$D
2C01 26EE       118:          BNE      READL1            ;B/ NO, GO GET ANOTHER CH.
                119:          ;CLR      0,X               ;CR SEEN: APPEND A NULL.
2C03 6F00       120:          CLR      0,X
2C05 39         121:          RTS




ASM/6800 1.3H4: 2C05 ASM/6800 1.4       - - - I / O    S E C T I O N - - -
08/16/82 00:00:00; Page 342; Form 36    - - - I N L I N E - - -
ASM14A.IOFM.ASM
                122: 
                123: ****  ARRGH.... OUT OF INPUT BUFFER..... ******
  2C06          124: READ99   ;JSR     ILTRUNC           SET ERROR FLAG,
2C06 BD08A3     125:          JSR      ILTRUNC
                126:          ;LDX     INPTR               RESTORE INPUT POINTER,
2C09 DE20       127:          LDX      INPTR
2C0B 20F0       128:          BRA      READ98              AND CONTINUE UNTIL WE FIND A $D.




ASM/6800 1.3H4: 2C0B ASM/6800 1.4       - - - I / O    S E C T I O N - - -
08/16/82 00:00:00; Page 343; Form 37    - - - M O V E B - - -
ASM14A.IOFM.ASM
                  2: *
                  3: * MOVEB
                  4: *
                  5: * MOVE STRING PTD TO BY TPTR1 TO STRING PTD TO BY TPTR.
                  6: *        STRING ENDS WHEN NULL SEEN.
                  7: *
                  8: * MOVEB1
                  9: *
                 10: * MOVE STRING POINTED TO BY (X) TO STRING POINTED TO BY TPTR.
                 11: *
2C0D 08          12: MOVEB0   INX                        BUMP DESTINATION POINTER,
2C0E DF34        13:          STX      TPTR                AND SAVE.
                 14: *
  2C10           15: MOVEB    ;LDX     TPTR1             LOAD PTR
2C10 DE36        16:          LDX      TPTR1
2C12 A600        17: MOVEB1   LDAA     0,X               LD CHAR
2C14 08          18:          INX
2C15 DF36        19:          STX      TPTR1
                 20:          ;LDX     TPTR
2C17 DE34        21:          LDX      TPTR
2C19 A700        22:          STAA     0,X               SAVE CHAR
2C1B 4D          23:          TSTA                       A NULL?
2C1C 26EF        24:          BNE      MOVEB0            KEEP ON MOVING
2C1E 39          25:          RTS




ASM/6800 1.3H4: 2C1E ASM/6800 1.4       - - - I / O    S E C T I O N - - -
08/16/82 00:00:00; Page 344; Form 38    - - - M O V E B - - -
ASM14A.IOFM.ASM
  0000            1:          IF       DUMPOK=0
 *S*              2: DUMPTBL  ;JSR     EXIT
 *S*              3:          JSR      EXIT
                  4:          ELSE




ASM/6800 1.3H4: 2C1E ASM/6800 1.4       - - - S Y M B O L    T A B L E    D U M P - - -
08/16/82 00:00:00; Page 345; Form 38    - - - D U M P - - -
ASM14A.IOFM.ASM
                  7: *
                  8: *
                  9: *        PAGE ZERO CELLS FOR DUMP
                 10: *
                 11: *
                 12: *        RTNPTR                     PTR: SORT ROUTINE
                 13: *        SCHAIN                     PTR: HEAD OF SORTED SYMBOL LIST
                 14: *
  2C1F           15: DUMPTBL  EQU      *
2C1F 96BA        16:          LDAA     OPTF              SEE IF WE HAVE TO DUMP TABLE
2C21 43          17:          COMA
2C22 8542        18:          BITA     #OPT:LO!OPT:DMP   ARE BOTH ON?
2C24 261C        19:          BNE      DUMPEX            IF NOT, DON'T BOTHER
                 20:          ;JSR     DUMPNAME          DUMP LIST SORTED BY NAME
2C26 BD2C96      21:          JSR      DUMPNAME
  0001           22:          IF       DUMPV=1           ONLY IF WE ARE DUMPING BY VALUE
                 23:          ;JSR     DUMPVAL           DUMP LIST SORTED BY VALUE
2C29 BD2CA0      24:          JSR      DUMPVAL
                 25:          FIN
                 26:          ;JSR     CRLF              FINISH PRETTY PRINT
2C2C BD24CA      27:          JSR      CRLF
                 28:          ;LDX     VAL               ANY SYMBOLS DUMPED ?
2C2F DE5F        29:          LDX      VAL
2C31 2610        30:          BNE      DUMPTBL1          YES, GO PRINT CORRECT MESSAGE
                 31:          ;LDX     #NOSYM            GET "NO SYMBOLS...." MESSAGE
2C33 CE2C54      32:          LDX      #NOSYM
                 33:          ;JSR     PTTL              AND PRINT IT
2C36 BD2650      34:          JSR      PTTL
  2C39           35: DUMPTBL0 EQU      *
                 36:          ;LDX     #WEREDEF          GET "...WERE DEFINED..."
2C39 CE2C63      37:          LDX      #WEREDEF
  2C3C           38: DUMPTBL2 ;JSR     PTTL
2C3C BD2650      39:          JSR      PTTL
                 40:          ;JSR     CRLF
2C3F BD24CA      41:          JSR      CRLF
2C42 39          42: DUMPEX   RTS
  2C43           43: DUMPTBL1 EQU      *
2C43 09          44:          DEX                        ONLY ONE SYMBOL ?
2C44 2605        45:          BNE      DUMPTBL3
                 46:          ;LDX     #ONESYM           YES, GET PROPER MESSAGE




ASM/6800 1.3H4: 2C46 ASM/6800 1.4       - - - S Y M B O L    T A B L E    D U M P - - -
08/16/82 00:00:00; Page 346; Form 38    - - - D U M P - - -
ASM14A.IOFM.ASM
2C46 CE2C57      47:          LDX      #ONESYM
2C49 20F1        48:          BRA      DUMPTBL2
  2C4B           49: DUMPTBL3 EQU      *
2C4B 965F        50:          LDAA     VAL               ELSE GET VALUE TO (A,B)
2C4D D660        51:          LDAB     VAL+1
                 52:          ;JSR     PTNL              PRINT OUT NUMBER OF SYMBOLS
2C4F BD2668      53:          JSR      PTNL
2C52 20E5        54:          BRA      DUMPTBL0          GO PRINT REST OF MESSAGE
2C54 4E6F        55: NOSYM    FCC      /No/
2C56 00          56:          FCB      0
2C57 4F6E6520    57: ONESYM   FCC      /One Symbol./
2C62 00          58:          FCB      0
2C63 2053796D    59: WEREDEF  FCC      / Symbols./
2C6C 00          60:          FCB      0




ASM/6800 1.3H4: 2C6C ASM/6800 1.4       - - - S Y M B O L    T A B L E    D U M P - - -
08/16/82 00:00:00; Page 347; Form 39    - - - D U M P - - -
ASM14A.IOFM.ASM
                  2: *
                  3: *
                  4: *        DUMP ROUTINES:
                  5: *
                  6: *        DUMPNAME -- PRODUCES LIST SORTED BY NAME
                  7: *
                  8: *        DUMPVAL -- PRODUCES LIST SORTED BY VALUE
                  9: *
                 10: *
2C6D 10203040    11: SYMTABS  FCB      16,32,48,64,80,96,112,0
2C75 53796D62    12: DUMPHDR  FCC      /Symbols Sorted by /
  0000           13:          IF       DUMPV=0
 *S*             14:          FCC      /Name/
 *S*             15:          FCB      0
                 16:          ELSE
2C87 00          17:          FCB      0
2C88 4E616D65    18: DNHDR    FCC      /Name/
2C8C 00          19:          FCB      0
2C8D 56616C75    20: DVHDR    FCC      /Value/
2C92 00          21:          FCB      0
                 22:          FIN
2C93 3A0D00      23: DUMPTRLR FCB      ':,$D,0
                 24: *
                 25: * GO SORT AND THEN PRINT SORTED LIST
                 26: *
  2C96           27: DUMPNAME EQU      *
  0001           28:          IF       DUMPV=1
                 29:          ;LDX     #SORTNAME         GET ADDRESS OF SORT ROUTINE
2C96 CE2DC0      30:          LDX      #SORTNAME
2C99 DF44        31:          STX      RTNPTR            AND SAVE IT
                 32:          ;LDX     #DNHDR            THIS IS REALLY KLUDGEY
2C9B CE2C88      33:          LDX      #DNHDR
2C9E 2008        34:          BRA      DUMP1
  2CA0           35: DUMPVAL  EQU      *
                 36:          ;LDX     #SORTVAL          GET ADDRESS OF SORT ROUTINE
2CA0 CE2DAC      37:          LDX      #SORTVAL
2CA3 DF44        38:          STX      RTNPTR
                 39:          ;LDX     #DVHDR
2CA5 CE2C8D      40:          LDX      #DVHDR
2CA8 DF2C        41: DUMP1    STX      MLA               SAVE POINTER TO NAME/VALUE WORD




ASM/6800 1.3H4: 2CA8 ASM/6800 1.4       - - - S Y M B O L    T A B L E    D U M P - - -
08/16/82 00:00:00; Page 348; Form 39    - - - D U M P - - -
ASM14A.IOFM.ASM
                 42:          FIN
                 43:          ;JSR     EJECT             NEW PAGE, PLEASE...
2CAA BD1561      44:          JSR      EJECT
                 45:          ;LDX     #SBTTBF           LOAD SUBTTL BUFFER ADDRESS.
2CAD CE2FCC      46:          LDX      #SBTTBF
2CB0 DF34        47:          STX      TPTR                USE AS DESTINATION FOR MOVEB.
                 48:          ;LDX     #DUMPHDR          SPIT "SORTED BY MESSAGE"
2CB2 CE2C75      49:          LDX      #DUMPHDR
                 50:          ;JSR     MOVEB1
2CB5 BD2C12      51:          JSR      MOVEB1
  0001           52:          IF       DUMPV=1
                 53:          ;LDX     MLA               GET NAME/VALUE WORD POINTER
2CB8 DE2C        54:          LDX      MLA
                 55:          ;JSR     MOVEB1            AND GET RID OF IT ON THE DUMMY, TOO...
2CBA BD2C12      56:          JSR      MOVEB1
                 57:          FIN
                 58:          ;LDX     #DUMPHDR          RE-ISSUE MESSAGE FOR READABILITY.
2CBD CE2C75      59:          LDX      #DUMPHDR
                 60:          ;JSR     PTTL                (I.E., MAKE IT PART OF THE LISTING)
2CC0 BD2650      61:          JSR      PTTL
  0001           62:          IF       DUMPV=1
                 63:          ;LDX     MLA               GIVE 'EM THE TYPE....
2CC3 DE2C        64:          LDX      MLA
                 65:          ;JSR     PTTL
2CC5 BD2650      66:          JSR      PTTL
                 67:          FIN
                 68:          ;LDX     #DUMPTRLR         NOW GIVE 'EM A :, $D.
2CC8 CE2C93      69:          LDX      #DUMPTRLR
                 70:          ;JSR     PTTL                ......
2CCB BD2650      71:          JSR      PTTL
                 72:          ;JSR     SORT              MAKE SOME SENSE OF THE HASH
2CCE BD2CEF      73:          JSR      SORT
                 74:          ;LDX     #SYMTABS          AND SUBSTITUTE OUR TABS
2CD1 CE2C6D      75:          LDX      #SYMTABS
2CD4 DFB4        76:          STX      TABTBL
                 77: *
                 78: *        NOW LOOP THRU THE SORTED LIST AND PRINT
                 79: *
2CD6 867F        80:          LDAA     #$7F              INITZ COLUMN COUNT
2CD8 97A9        81:          STAA     COLNO




ASM/6800 1.3H4: 2CD8 ASM/6800 1.4       - - - S Y M B O L    T A B L E    D U M P - - -
08/16/82 00:00:00; Page 349; Form 39    - - - D U M P - - -
ASM14A.IOFM.ASM
  2CDA           82: DUMP2    ;LDX     SCHAIN            GET HEAD OF UNPRINTED CHAIN
2CDA DE46        83:          LDX      SCHAIN
2CDC DF38        84:          STX      SYMPT             SAVE IN TEMP
2CDE 270C        85:          BEQ      DUMPX             IF DONE, BR OUT
                 86:          ;LDX     0,X               GET LINK TO NEXT SYM
2CE0 EE00        87:          LDX      0,X
2CE2 DF46        88:          STX      SCHAIN            SAVE FOR NEXT TIME
                 89:          ;JSR     DUMPRINT          PRINT SYM IN SYMPT
2CE4 BD2E10      90:          JSR      DUMPRINT
                 91:          ;JSR     REHASH            REHASH SYM IN SYMPT
2CE7 BD2DF0      92:          JSR      REHASH
2CEA 20EE        93:          BRA      DUMP2             GO DO IT AGAIN
                 94: *
  2CEC           95: DUMPX    ;JMP     CRLF              OUTPUT EXTRACRLF TO END THIS LINE
2CEC 7E24CA      96:          JMP      CRLF
                 97: *                                   AND THEN RETURN TO CALLER




ASM/6800 1.3H4: 2CEC ASM/6800 1.4       - - - S Y M B O L    T A B L E    D U M P - - -
08/16/82 00:00:00; Page 350; Form 40    - - - S O R T - - -
ASM14A.IOFM.ASM
                  2: *
                  3: *        SORT:  BETCHA CAN'T GUESS WHAT THIS MNEMONIC MEANS...
                  4: *
                  5: *        (TERRY DIDN'T TELL ME OR I WOULD HAVE BLINDLY COPIED IT!)
                  6: *
                  7: * GO SORT INDIVIDUAL SUBLISTS THEN SORT THE WHOLE THING
                  8: *
  2CEF            9: SORT     EQU      *
                 10:          ;JSR     TBLSORT           SORT ALL THE SUBLISTS
2CEF BD2D4B      11:          JSR      TBLSORT
                 12: *
                 13: *        NOW MERGE THE CHAINS
                 14: *
                 15:          ;LDX     #0                INITZ DEFINED SYMBOL COUNT TO ZERO
2CF2 CE0000      16:          LDX      #0
2CF5 DF5F        17:          STX      VAL
2CF7 DF46        18:          STX      SCHAIN            SET SORTED LIST TO EMPTY
                 19:          ;LDX     #SCHAIN           SET END OF LIST POINTER TO A(HEAD)
2CF9 CE0046      20:          LDX      #SCHAIN
2CFC DF50        21:          STX      SORTAIL
  2CFE           22: SORT0    ;LDX     #HSHTBL           NOW SCAN THE HASH TABLE
2CFE CE308D      23:          LDX      #HSHTBL
2D01 DF48        24:          STX      BUCKET            REMEMBER WHICH BUCKET WE ARE FOOLING WITH
                 25: * X=BEST BUCKET FOUND SO FAR
2D03 DF4A        26: SORT1    STX      LAST              THIS IS LAST SYMBOL WE LOOKED AT
                 27:          ;LDX     S:NEXT,X          FIND NEXT SYMBOL IN BUCKET CHAIN
2D05 EE00        28:          LDX      S:NEXT,X
2D07 DF4C        29:          STX      THIS
                 30: *
                 31: * LAST - PTR TO BEST BUCKET FOUND
                 32: * THIS - PTR TO FIRST SYM IN BEST BUCKET FOUND
                 33: *
  2D09           34: SORT2    ;LDX     BUCKET            SCAN OTHER BUCKET HEADS...
2D09 DE48        35:          LDX      BUCKET
                 36:          ;LEAX    2,X
  0000           37:          IF       2<0
 *S*             38:          RPT      -2
 *S*             39:          DEX
                 40:          ELSE
  0002           41:          RPT      2




ASM/6800 1.3H4: 2D0B ASM/6800 1.4       - - - S Y M B O L    T A B L E    D U M P - - -
08/16/82 00:00:00; Page 351; Form 40    - - - S O R T - - -
ASM14A.IOFM.ASM
2D0B 08          42:          INX
                 43:          FIN
2D0D DF48        44:          STX      BUCKET
2D0F 8C318D      45:          CPX      #HSHEND
2D12 270E        46:          BEQ      SORT3             THIS IS BEST SYMBOL, ADD TO SORTCHAIN
                 47:          ;LDX     S:NEXT,X          COMPARE BUCKET HEAD WITH THIS SYMBOL
2D14 EE00        48:          LDX      S:NEXT,X
2D16 DF4E        49:          STX      NEW
                 50: *
                 51: * NEW - PTR TO SYM NOW BEING COMPARED WITH SYM POINTED
                 52: * TO BY THIS
                 53: *
  0001           54:          IF       DUMPV=1
                 55:          ;LDX     RTNPTR            USE THE SPECIFIED COMPARISON SUBROUTINE
2D18 DE44        56:          LDX      RTNPTR
                 57:          ;JSR     0,X               SORT BY NAME OR BY VALUE
2D1A AD00        58:          JSR      0,X
  0002           59:          ELSE
 *S*             60:          ;JSR     SORTNAME
 *S*             61:          JSR      SORTNAME
                 62:          FIN
2D1C 28EB        63:          BVC      SORT2             B/ THIS <= NEW
                 64:          ;LDX     BUCKET            ELSE NEW < THIS, USE NEW INSTEAD
2D1E DE48        65:          LDX      BUCKET
2D20 20E1        66:          BRA      SORT1             REMEMBER NEW AS BEST
                 67: *
                 68: * FOUND THE BEST SYMBOL - ADD TO CHAIN
                 69: *
  2D22           70: SORT3    EQU      *                 THIS --> NEXT TO CHAIN
                 71:          ;LDX     THIS              EXHAUST LISTS FINALLY ?
2D22 DE4C        72:          LDX      THIS
2D24 2601        73:          BNE      SORT4             NO
2D26 39          74:          RTS                        YES, GET OUT!
                 75: 
  2D27           76: SORT4    ;LDD     S:NEXT,X          FIND NEXT(THIS)
2D27 E601        77:          LDAB     (S:NEXT)+1,X
2D29 A600        78:          LDAA     S:NEXT,X
                 79:          ;CLR     0,X               MAKE IT END OF SORT CHAIN
2D2B 6F00        80:          CLR      0,X
                 81:          ;CLR     1,X




ASM/6800 1.3H4: 2D2D ASM/6800 1.4       - - - S Y M B O L    T A B L E    D U M P - - -
08/16/82 00:00:00; Page 352; Form 40    - - - S O R T - - -
ASM14A.IOFM.ASM
2D2D 6F01        82:          CLR      1,X
                 83:          ;STD     [LAST]            DELETE SYMBOL FROM HEAD OF BUCKET
2D2F DE4A        84:          LDX      LAST
2D31 E701        85:          STAB     1,X
2D33 A700        86:          STAA     0,X
                 87:          ;LDX     SORTAIL           HANG THIS SYMBOL ON TAIL OF SORTCHAIN
2D35 DE50        88:          LDX      SORTAIL
                 89:          ;LDD     THIS
2D37 D64D        90:          LDAB     THIS+1
2D39 964C        91:          LDAA     THIS
                 92:          ;STD     S:NEXT,X
2D3B E701        93:          STAB     (S:NEXT)+1,X
2D3D A700        94:          STAA     S:NEXT,X
                 95:          ;STD     SORTAIL           MAKE TAIL POINT TO THIS SYMBOL
2D3F D751        96:          STAB     SORTAIL+1
2D41 9750        97:          STAA     SORTAIL
                 98:          ;LDX     #VAL              GET POINTER TO BCD BUFFER
2D43 CE005F      99:          LDX      #VAL
                100:          ;JSR     INCBCD            GO BUMP (SORTED) SYMBOL COUNT
2D46 BD0823     101:          JSR      INCBCD
2D49 20B3       102:          BRA      SORT0




ASM/6800 1.3H4: 2D49 ASM/6800 1.4       - - - S Y M B O L    T A B L E    D U M P - - -
08/16/82 00:00:00; Page 353; Form 41    - - - T B L S O R T - - -
ASM14A.IOFM.ASM
                  2: *        TBLSORT:
                  3: *        SORTS EACH OF THE SUBLISTS IN THE HASH TABLE, USING
                  4: *        THE COMPARISON ROUTINE PASSED IN RTNPTR.  ASSUMES NOTHING.
                  5: *        OUTPUTS IN VAL A 2-BYTE COUNT OF THE # OF DEFINED
                  6: *        SYMBOLS (IN DECIMAL)
                  7: *
                  8: * PICK UP ONE BUCKET AT A TIME AND GIVE IT TO SORTCHAIN
                  9: *
                 10: *
                 11: *
  2D4B           12: TBLSORT  EQU      *
                 13:          ;LDX     #HSHTBL           SCAN THE HASH TABLE
2D4B CE308D      14:          LDX      #HSHTBL
  2D4E           15: TBLSORTL EQU      *
2D4E DF48        16:          STX      BUCKET            PT TO NEXT BUCKET PTR
                 17: *
                 18: *        SORT BUCKET CHAIN
                 19: *
                 20:          ;LDX     0,X               GET HEAD OF CHAIN
2D50 EE00        21:          LDX      0,X
2D52 DF4E        22:          STX      NEW               SAVE IN NEW
                 23:          ;LDX     BUCKET            MARK OUTPUT CHAIN AS NULL
2D54 DE48        24:          LDX      BUCKET
                 25:          ;CLR     0,X               DELINK CHAIN
2D56 6F00        26:          CLR      0,X
                 27:          ;CLR     1,X
2D58 6F01        28:          CLR      1,X
2D5A 8D0A        29:          BSR      SORTCHAIN         THIS GUY DOES ALL THE HARD WORK!
                 30:          ;LDX     BUCKET            DONE WITH THIS BUCKET,...
2D5C DE48        31:          LDX      BUCKET
                 32:          ;LEAX    2,X               DO THE NEXT BUCKET
  0000           33:          IF       2<0
 *S*             34:          RPT      -2
 *S*             35:          DEX
                 36:          ELSE
  0002           37:          RPT      2
2D5E 08          38:          INX
                 39:          FIN
2D60 8C318D      40:          CPX      #HSHEND           ALL BUCKETS PROCESSED ?
2D63 26E9        41:          BNE      TBLSORTL          B/ NO, SORT ANOTHER




ASM/6800 1.3H4: 2D65 ASM/6800 1.4       - - - S Y M B O L    T A B L E    D U M P - - -
08/16/82 00:00:00; Page 354; Form 41    - - - T B L S O R T - - -
ASM14A.IOFM.ASM
2D65 39          42: SORTRTS  RTS
                 43: *
                 44: *        SORTCHAIN:
                 45: *        SORTS A BUCKET CHAIN INTO ORDER
                 46: *
                 47: *
  2D66           48: SORTCHAIN EQU     *
                 49:          ;LDX     NEW               WHILE NEW <> 0 DO:
2D66 DE4E        50:          LDX      NEW
2D68 27FB        51:          BEQ      SORTRTS           B/ ALL DONE
                 52:          ;LDX     BUCKET                 LAST:= BUCKET;
2D6A DE48        53:          LDX      BUCKET
  2D6C           54: SORTCHAIN0        EQU               *
2D6C DF4A        55:          STX      LAST
                 56:          ;LDX     S:NEXT,X          THIS:=NEXT(LAST);
2D6E EE00        57:          LDX      S:NEXT,X
2D70 DF4C        58:          STX      THIS
2D72 270A        59:          BEQ      SORTCHAIN1        B/ GO INSERT
  0001           60:          IF       DUMPV=1
                 61:          ;LDX     RTNPTR                 IF THIS=0 OR GT(THIS,NEW) THEN BREAK
2D74 DE44        62:          LDX      RTNPTR
                 63:          ;JSR     0,X                    END;
2D76 AD00        64:          JSR      0,X
  0002           65:          ELSE
 *S*             66:          ;JSR     SORTNAME
 *S*             67:          JSR      SORTNAME
                 68:          FIN
2D78 2904        69:          BVS      SORTCHAIN1        B/ GO INSERT
                 70:          ;LDX     THIS
2D7A DE4C        71:          LDX      THIS
2D7C 20EE        72:          BRA      SORTCHAIN0
  2D7E           73: SORTCHAIN1 EQU    *
                 74:          ;LDD     NEW               NEXT(LAST):=NEW
2D7E D64F        75:          LDAB     NEW+1
2D80 964E        76:          LDAA     NEW
                 77:          ;LDX     LAST
2D82 DE4A        78:          LDX      LAST
                 79:          ;STD     S:NEXT,X
2D84 E701        80:          STAB     (S:NEXT)+1,X
2D86 A700        81:          STAA     S:NEXT,X




ASM/6800 1.3H4: 2D86 ASM/6800 1.4       - - - S Y M B O L    T A B L E    D U M P - - -
08/16/82 00:00:00; Page 355; Form 41    - - - T B L S O R T - - -
ASM14A.IOFM.ASM
                 82:          ;LDX     NEW               NEW:=NEXT(NEW)
2D88 DE4E        83:          LDX      NEW
                 84:          ;LDX     S:NEXT,X
2D8A EE00        85:          LDX      S:NEXT,X
2D8C DF4E        86:          STX      NEW
                 87:          ;LDX     LAST              NEXT(NEXT(LAST)):=THIS
2D8E DE4A        88:          LDX      LAST
                 89:          ;LDX     S:NEXT,X
2D90 EE00        90:          LDX      S:NEXT,X
                 91:          ;LDD     THIS
2D92 D64D        92:          LDAB     THIS+1
2D94 964C        93:          LDAA     THIS
                 94:          ;STD     S:NEXT,X
2D96 E701        95:          STAB     (S:NEXT)+1,X
2D98 A700        96:          STAA     S:NEXT,X
2D9A 20CA        97:          BRA      SORTCHAIN




ASM/6800 1.3H4: 2D9A ASM/6800 1.4       - - - S Y M B O L    T A B L E    D U M P - - -
08/16/82 00:00:00; Page 356; Form 42    - - - S P S T - - -
ASM14A.IOFM.ASM
                  2: *
                  3: *
                  4: * SPTST - CHECK IF EITHER OF THE SYMBOLS GIVEN TO THE SORT ROUTINES
                  5: *        ARE NULL POINTERS. (I.E. NO SYMBOLS AT ALL)
                  6: *
                  7: * IF SO, THE V CC IS SET AS FOLLOWS:
                  8: *
                  9: *        NEW=0  --> V=0, regardless of state of THIS.
                 10: *        NEW<>0, THIS=0 --> V=1
                 11: *
  2D9C           12: SPTST    ;LDX     NEW               GET 1ST PTR
2D9C DE4E        13:          LDX      NEW
2D9E 2708        14:          BEQ      NNEW              INDICATE IT IS NULL
                 15:          ;LDX     THIS              LOAD 2ND PTR
2DA0 DE4C        16:          LDX      THIS
2DA2 2603        17:          BNE      SPOK              IF NOT NULL EITHER, JUST RETURN(X=THIS)
                 18:          ;LEAS    2,S               ELSE, POP RETURN ADDR
  0000           19:          IF       2<0
 *S*             20:          RPT      -2
 *S*             21:          DES
                 22:          ELSE
  0002           23:          RPT      2
2DA4 31          24:          INS
                 25:          FIN
2DA6 0B          26: SEV      SEV                        SET V=1
2DA7 39          27: SPOK     RTS                        RETURN
                 28: *
  2DA8           29: NNEW     ;LEAS    2,S               POP RETURN ADDR
  0000           30:          IF       2<0
 *S*             31:          RPT      -2
 *S*             32:          DES
                 33:          ELSE
  0002           34:          RPT      2
2DA8 31          35:          INS
                 36:          FIN
2DAA 0A          37: CLV      CLV                        SET V=0
2DAB 39          38:          RTS                        RETURN
                 39: *




ASM/6800 1.3H4: 2DAB ASM/6800 1.4       - - - S Y M B O L    T A B L E    D U M P - - -
08/16/82 00:00:00; Page 357; Form 43    - - - S O R T   C O M P A R I S O N   R O U T I N E S - - -
ASM14A.IOFM.ASM
                  2: *
                  3: *
                  4: *
                  5: *        1) ALWAYS RETURNS V SET IF "THIS" SHOULD FOLLOW "NEW"
                  6: *        2) ALWAYS DESTROY (A,B)
                  7: *
  0001            8:          IF       DUMPV=1
                  9: *        SORTVAL -- SORTS ON VALUE FIELD.  BY 16 BIT MAGNITUDE.
                 10:          FIN
                 11: *
                 12: *        SORTNAME -- SORTS ON NAME FIELD; ASCII COLLATING SEQUENCE.
                 13: *
                 14: *
  0001           15:          IF       DUMPV=1
  2DAC           16: SORTVAL  EQU      *
2DAC 8DEE        17:          BSR      SPTST             GO SEE IF ANY PTRS ARE NULL
                 18:          ;LDD     S:VAL,X           GET VALUE OF THIS NODE
2DAE E603        19:          LDAB     (S:VAL)+1,X
2DB0 A602        20:          LDAA     S:VAL,X
                 21:          ;LDX     NEW               GET ADDRESS OF OTHER NODE
2DB2 DE4E        22:          LDX      NEW
                 23:          ;CMPA    S:VAL,X
2DB4 A102        24:          CMPA     S:VAL,X
2DB6 22EE        25:          BHI      SEV               B/ HI ==> THIS > NEXT, INSERT HERE
2DB8 26F0        26:          BNE      CLV               B/ LOW ==> THIS < NEXT
                 27:          ;CMPB    S:VAL+1,X         B/ H(THIS)=H(NEXT), COMPARE L(THIS):L(NEXT)
2DBA E103        28:          CMPB     S:VAL+1,X
2DBC 22E8        29:          BHI      SEV               B/ HI ==> THIS >= NEXT, INSERT HERE
2DBE 26EA        30:          BNE      CLV               IF EQUAL DROP THROUGH TO NAME SORT
                 31:          FIN
                 32: *
                 33: *
                 34: *
                 35: *
  2DC0           36: SORTNAME EQU      *
2DC0 8DDA        37:          BSR      SPTST             SEE IF EITHER ARG IS NULL
2DC2 DF34        38:          STX      TPTR              SAVE SYMBOL NAME SCAN POINTER
2DC4 E605        39:          LDAB     S:LEN,X           AND LENGTH OF FIRST SYMBOL
                 40:          ;LDX     NEW               NOW FOR THE OTHER SYMBOL
2DC6 DE4E        41:          LDX      NEW




ASM/6800 1.3H4: 2DC8 ASM/6800 1.4       - - - S Y M B O L    T A B L E    D U M P - - -
08/16/82 00:00:00; Page 358; Form 43    - - - S O R T   C O M P A R I S O N   R O U T I N E S - - -
ASM14A.IOFM.ASM
2DC8 DF36        42:          STX      TPTR1             SAVE POINTER TO IT, TOO...
                 43:          ;CMPB    S:LEN,X           FIGURE OUT WHICH IS LONGER
2DCA E105        44:          CMPB     S:LEN,X
2DCC 07          45:          TPA                        NEWT'S EYE AND HAIR OF BAT...
2DCD 36          46:          PSHA                       THAR BE FUNNY STUFF HERE, MATEY!
2DCE 2302        47:          BLS      SORTNAM1          IF YOU UNDERSTAND THIS GIZMO...
2DD0 E605        48:          LDAB     S:LEN,X           PLEASE TELL US WHAT IT DOES!
                 49: *
                 50: *                 A RUMOR INDICATES GET MIN(LEN(THIS),LEN(NEW))
                 51: *        GOD HELP YOU IF ANY ZERO LENGTH SYMBOLS ARE MIXED UP IN THIS
                 52: *
                 53: * B=MIN(LEN(THIS),LEN(NEW))
                 54: *
                 55: *
  2DD2           56: SORTNAM1 EQU      *
                 57:          ;LDX     TPTR              GET POINTER TO THIS SYMBOL NAME
2DD2 DE34        58:          LDX      TPTR
2DD4 A606        59:          LDAA     S:TEXT,X          GET NEXT CH OF SYMBOL NAME
2DD6 08          60:          INX
2DD7 DF34        61:          STX      TPTR              BUMP AND UPDATE SYMBOL SCAN POINTER
                 62:          ;LDX     TPTR1             NOW GET A BYTE FROM OTHER SYMBOL
2DD9 DE36        63:          LDX      TPTR1
                 64:          ;CMPA    S:TEXT,X          DECIDE WHICH IS LEXICOGRAPHICALLY SMALLER
2DDB A106        65:          CMPA     S:TEXT,X
2DDD 2705        66:          BEQ      SORTNAM2          THERE IS ALWAYS THIS POSSIBILITY
2DDF 31          67:          INS                        WHAT'S IN THE STACK ?
2DE0 22C4        68:          BHI      SEV               ONE IS BIGGER!
2DE2 20C6        69:          BRA      CLV               OR IT IS SMALLER...
  2DE4           70: SORTNAM2 EQU      *                 RATS, BOTH CHARACTERS WERE THE SAME!
2DE4 08          71:          INX                        BUMP POINTER TO 2ND SYMBOL NAME
2DE5 DF36        72:          STX      TPTR1
2DE7 5A          73:          DECB                       DOWN COUNT THE LENGTHS
2DE8 26E8        74:          BNE      SORTNAM1          B/MORE BYTES TO COMPARE
                 75: *
                 76: *        ALL COMPARED TEXT IS EQUAL, CHOOSE SHORTER SYM.
                 77: *
                 78: *
                 79: *
                 80: *
2DEA 32          81:          PULA                       TERRY CAN GET HERE!




ASM/6800 1.3H4: 2DEB ASM/6800 1.4       - - - S Y M B O L    T A B L E    D U M P - - -
08/16/82 00:00:00; Page 359; Form 43    - - - S O R T   C O M P A R I S O N   R O U T I N E S - - -
ASM14A.IOFM.ASM
2DEB 06          82:          TAP                        MAYBE AT 3AM IN THE MORNIGN ?
2DEC 24B8        83:          BCC      SEV               DO SOMETHING IRRATIONAL
2DEE 0A          84:          CLV
2DEF 39          85:          RTS                        JUST AS BIG AS THE "BRA CLV"




ASM/6800 1.3H4: 2DEF ASM/6800 1.4       - - - S Y M B O L    T A B L E    D U M P - - -
08/16/82 00:00:00; Page 360; Form 44    - - - R E H A S H - - - -
ASM14A.IOFM.ASM
                  2: *        REHASH
                  3: *        RETURNS A SYMBOL TO ITS HASH CHAIN.
                  4: *        SYMPT POINTS TO A SYMBOL.
                  5: *        USES SPECIAL ENTRY TO HASH.
                  6: *
  2DF0            7: REHASH   EQU      *
                  8:          ;LDX     SYMPT             GET SYMBOL ADDRESS
2DF0 DE38         9:          LDX      SYMPT
                 10:          ;JSR     HASH:PTR          X:=HASH BUCKET ADDRESS
2DF2 BD208B      11:          JSR      HASH:PTR
  2DF5           12: REHASH0  EQU      *
2DF5 6D00        13:          TST      S:NEXT,X          FIND END OF CHAIN
2DF7 2604        14:          BNE      REHASH1
2DF9 6D01        15:          TST      S:NEXT+1,X
2DFB 2704        16:          BEQ      REHASH2
  2DFD           17: REHASH1  EQU      *
                 18:          ;LDX     S:NEXT,X          FOLLOW LINKS TO END OF CHAIN
2DFD EE00        19:          LDX      S:NEXT,X
2DFF 20F4        20:          BRA      REHASH0
                 21: *
  2E01           22: REHASH2  EQU      *
                 23:          ;LDD     SYMPT             TACK THIS SYMBOL ON TO END OF HASH CHAIN
2E01 D639        24:          LDAB     SYMPT+1
2E03 9638        25:          LDAA     SYMPT
                 26:          ;STD     S:NEXT,X
2E05 E701        27:          STAB     (S:NEXT)+1,X
2E07 A700        28:          STAA     S:NEXT,X
                 29:          ;LDX     SYMPT             MARK THIS SYMBOL AS END OF CHAIN
2E09 DE38        30:          LDX      SYMPT
                 31:          ;CLR     S:NEXT,X
2E0B 6F00        32:          CLR      S:NEXT,X
                 33:          ;CLR     S:NEXT+1,X
2E0D 6F01        34:          CLR      S:NEXT+1,X
2E0F 39          35:          RTS




ASM/6800 1.3H4: 2E0F ASM/6800 1.4       - - - S Y M B O L    T A B L E    D U M P - - -
08/16/82 00:00:00; Page 361; Form 45    - - - D U M P R I N T - - -
ASM14A.IOFM.ASM
                  2: *
                  3: *        DUMPRINT
                  4: *        SYMPT IS ADDRESS OF SYMBOL; TPTR IS CLOBBERED
                  5: *
  2E10            6: DUMPRINT EQU      *
2E10 D6B2         7:          LDAB     WIDTH             ELIMINATE OCCASIONAL
2E12 D0A9         8:          SUBB     COLNO               DANGLING SYMBOLS BY ONLY
2E14 C5F0         9:          BITB     #$F0                USING COLUMNS...
2E16 2712        10:          BEQ      DMPTCR              OF MINIMUM LENGTH.   B/ TOO SMALL.
2E18 D6A9        11:          LDAB     COLNO             OUTPUT TAB IF SYMBOL...
2E1A CB10        12:          ADDB     #$F+1             WILL FIT IN REMAINDER...(+1 TO REMEMBER
                 13:                                     ;  EXTRA IMPLIED SPACE)
2E1C C4F0        14:          ANDB     #$F0              OF LINE, ELSE <CR>
2E1E CB06        15:          ADDB     #6                NOTE THAT EXTREMELY LONG...
                 16:          ;LDX     SYMPT             SYMBOLS THAT WONT FIT ON ONE LINE...
2E20 DE38        17:          LDX      SYMPT
2E22 EB05        18:          ADDB     S:LEN,X           WILL BE CHOPPED
2E24 8609        19:          LDAA     #TAB
                 20:          ;CMPB    WIDTH
2E26 D1B2        21:          CMPB     WIDTH
2E28 2302        22:          BLS      DMPT1
2E2A 860D        23: DMPTCR   LDAA     #$D               GET <CR>
2E2C 8D26        24: DMPT1    BSR      DPUTLO            **POOF**
                 25:          ;LDX     SYMPT             OUTPUT ' ' IF SYMBOL
2E2E DE38        26:          LDX      SYMPT
2E30 8620        27:          LDAA     #BLANK            WAS USED, ELSE '*'
2E32 E604        28:          LDAB     S:TYPE,X
2E34 C508        29:          BITB     #T:USED
2E36 2602        30:          BNE      DMPT2             LOVE THOSE RELATIVE BRANCHES!
2E38 862A        31:          LDAA     #'*
2E3A C510        32: DMPT2    BITB     #T:DDEF           IS THIS A DDEF?
2E3C 2702        33:          BEQ      DMPT3             IF NOT, GO ON
2E3E 862B        34:          LDAA     #'+               ELSE INDICATE THE DDEF CONDITION
2E40 8D12        35: DMPT3    BSR      DPUTLO            OUTPUT 'SYMBOL REFERENCED' CHARACTER
                 36:          ;LDX     SYMPT             OUTPUT THE SYMBOL NAME
2E42 DE38        37:          LDX      SYMPT
2E44 E605        38:          LDAB     S:LEN,X           GET ITS LENGTH
  2E46           39: DUMPRINT1 EQU     *
2E46 A606        40:          LDAA     S:TEXT,X          GET BYTE OF NAME
2E48 08          41:          INX                        BUMP NAME SCAN POINTER




ASM/6800 1.3H4: 2E49 ASM/6800 1.4       - - - S Y M B O L    T A B L E    D U M P - - -
08/16/82 00:00:00; Page 362; Form 45    - - - D U M P R I N T - - -
ASM14A.IOFM.ASM
2E49 DF34        42:          STX      TPTR              TERRY IS CLEVER, CLEVER...
2E4B 8D07        43:          BSR      DPUTLO            HOPE THIS PRESERVES (B)
2E4D 5A          44:          DECB                       IF NOT, I WILL HAVE TO FIX IT!
2E4E 2F07        45:          BLE      DUMPRINT2         USED UP, GO PRINT VALUE
                 46:          ;LDX     TPTR              GET POINTER TO SYMBOL NAME
2E50 DE34        47:          LDX      TPTR
2E52 20F2        48:          BRA      DUMPRINT1         TALK ABOUT GROUND OUT CODE...
  2E54           49: DPUTLO   ;JMP     LSTCP             THIS STUFF LOOKS LIKE HAMBURGER
2E54 7E24A6      50:          JMP      LSTCP
  2E57           51: DUMPRINT2 EQU     *
2E57 862F        52:          LDAA     #'/               OUTPUT '/'
2E59 8DF9        53:          BSR      DPUTLO            WHAT DO YOU WANT FOR 2AM IN THE MORNING?
                 54:          ;LDX     SYMPT             IF SYMBOL IS UNDEFINED,
2E5B DE38        55:          LDX      SYMPT
2E5D A604        56:          LDAA     S:TYPE,X          OUTPUT VALUE AS "UNDF"
2E5F 8504        57:          BITA     #T:UNDF           AND EXIT
2E61 270B        58:          BEQ      DUMPRINT3
                 59:          ;LDX     #UNDFTXT
2E63 CE2E69      60:          LDX      #UNDFTXT
                 61:          ;JMP     PTTL              AND RETURN
2E66 7E2650      62:          JMP      PTTL
  2E69           63: UNDFTXT  EQU      *
2E69 2A2A2A2A    64:          FCC      "****"
2E6D 00          65:          FCB      0
  2E6E           66: DUMPRINT3 EQU     *
                 67:          ;LDX     SYMPT             HOME STRETCH COMING UP!
2E6E DE38        68:          LDX      SYMPT
2E70 A602        69:          LDAA     S:VAL,X           IF SYMBOL HAS A VALUE,
2E72 8D04        70:          BSR      OUTX2             OUTPUT AS XXXX AND EXIT
                 71:          ;LDX     SYMPT             THIS TRASH SHOWS THE VALUE OF...
2E74 DE38        72:          LDX      SYMPT
2E76 A603        73:          LDAA     S:VAL+1,X         EVEN A STUPID SIL
  2E78           74: OUTX2    ;JSR     ATX2              DON'T LOOK NOW, TERRY CHEATED!
2E78 BD26DE      75:          JSR      ATX2
2E7B 8DD7        76:          BSR      DPUTLO
2E7D 17          77:          TBA      
2E7E 20D4        78:          BRA      DPUTLO            BUT HE FINISHED FIRST!
                 79:          FIN




ASM/6800 1.3H4: 2E7E ASM/6800 1.4       - - - S Y M B O L    T A B L E    D U M P - - -
08/16/82 00:00:00; Page 363; Form 46    - - - SPECIAL SYMBOL DEFINITIONS - - -
ASM14A.IOFM.ASM
                  2: 
2E80 0000         3: SYM6800  FDB      0                 S:NEXT
  0001            4:          IFUND    MC6809
2E82 0001         5:          FDB      1                 S:VAL
  0001            6:          ELSE
 *S*              7:          FDB      0                 S:VAL
                  8:          FIN
2E84 2005         9:          FCB      T:SPEC,5          S:TYPE; S:LEN
2E86 4D363830    10:          FCC      'M6800'
                 11: 
                 12: 
2E8B 00000000    13: SYM6801  #0,#0,T:SPEC,5             S:NEXT; S:VAL; S:TYPE; S:LEN
2E91 4D363830    14:          FCC      'M6801'
                 15: 
                 16: 
2E96 0000        17: SYM6809  FDB      0                 S:NEXT
  0001           18:          IFUND    MC6809
2E98 0000        19:          FDB      0                 S:VAL
  0001           20:          ELSE
 *S*             21:          FDB      1                 S:VAL
                 22:          FIN
2E9A 2005        23:          FCB      T:SPEC,5          S:TYPE; S:LEN
2E9C 4D363830    24:          FCC      'M6809'
                 25: 




ASM/6800 1.3H4: 2EA0 ASM/6800 1.4       - - - S Y M B O L    T A B L E    D U M P - - -
08/16/82 00:00:00; Page 364; Form 47    - - - N O N - P A G E - Z E R O   D A T A - - -
ASM14A.IOFM.ASM
                  2: *
                  3: *
                  4: *
                  5: * DEBUG SPACE
                  6: *
                  7: *
  0001            8:          DO       DEBUG=1
  2EA1            9:          ORG      *
2EA1 0080        10: PATCH    RMB      $80
  0001           11:          ELSE
 *S*             12: PATCH    RMB      $20
                 13:          FIN
                 14: 
  2F21           15: DATBEG   EQU      *
                 16: 
                 17: *
                 18: *  NON-PAGE ZERO STUFF
                 19: *
                 20: 
2F21 0014        21: DATIME   RMB      20                SPACE FOR DAY AND TIME
2F35 0005        22: NULLTMP  RMB      5                 SAVE ROOM FOR DUMMY OUT OF MEM SYMBOL
                 23: *
2F3A 0002        24: TBTB     RMB      2                 SAVE 2 SPOTS FOR INITIAL TABS
2F3C 0009        25:          RMB      TABMAX+1          SAVE ROOM FOR USER TABS + NUL
                 26: 
                 27: *
  001E           28: NAMESZ   EQU      30
2F45 001E        29: NAMEBF   RMB      NAMESZ            30 BYTES FOR THE NAME
  0001           30:          DO       TITLES=1
  0069           31: TTLMAX   EQU      105               MAX TITLE SIZE
2F63 0069        32: TTLBUF   RMB      TTLMAX            ONE FOR THE NULL
2FCC 0069        33: SBTTBF   RMB      TTLMAX
                 34:          FIN
                 35: 
                 36: *
3035 0043        37: BBST    RMB      BBSIZE+3
  3077           38: BBEND   EQU      *-1
                 39: *
                 40: 
                 41: **** SDOS Load File Data ****




ASM/6800 1.3H4: 3078 ASM/6800 1.4       - - - S Y M B O L    T A B L E    D U M P - - -
08/16/82 00:00:00; Page 365; Form 47    - - - N O N - P A G E - Z E R O   D A T A - - -
ASM14A.IOFM.ASM
3078 0004        42: FPbuffer          rmb 4             Q/ Temporary file-pointer buffer.
307C 0002        43: SectorMask        rmb 2             W/ Mask for extracting sector #.
307E 0002        44: NotSectorMask     rmb 2             W/ Mask for extracting byte-in-sector.
3080 0004        45: Newrec            rmb R$SHORT:      Record.descriptor/ Base/length of new seg.
3084 0009        46: Currec            rmb R$LONG:       Record.descriptor/ Base, Length, ...
                 47:                                     ;                Fileposition, Valid.
                 48: 
                 49: **** Hash Table ****
  0001           50:          IF       PZBASE#0
308D 0100        51: HSHTBL   RMB      (HASH:M+1)*2
  318D           52: HSHEND   EQU      *
                 53:          FIN
                 54: 
                 55: *
                 56: * STRING BUFFER
                 57: *
  0000           58:          DO       STRINGS=1
 *S*             59: STBUF    RMB      $100              STRINGS UP TO 256 BYTES ?!
                 60:          FIN
                 61: 
                 62: * LISTING BUFFER
  000F           63: LBSIZ    EQU      NUMSTRT
318D 000F        64: LBBEG:   RMB      LBSIZ
  3199           65: EOLBF:   EQU      *-3
                 66: 
                 67: *
                 68: * INPUT BUFFER
                 69: *
319C 00FF        70: IBUFI    RMB      IBUFS             INPUT BUFFER
329B 0002        71: INBUFE:  RMB      2                 A LITTLE EXTRA SLOP.
                 72: *
                 73:    
  329D           74: DATEND   EQU      *
                 75: 
  329D           76: ASMEND   EQU      *
                 77:                   ;(IT TELLS SYM TABLE WHERE TO STOP!!)
                112:          END      ;UNEXPECTED EOF
                113: 
                114:          END      START




ASM/6800 1.3H4: 329B ASM/6800 1.4       - - - S Y M B O L    T A B L E    D U M P - - -
08/16/82 00:00:00; Page 366; Form 1     Symbols Sorted by Name
ASM14A.CTRL.ASM
Symbols Sorted by Name:

 .CURINCLB/00A7  AB.CURINCLB/15DF                AFPTR/0026      ALIGNSDOS$1/28A6
 ALIGNSDOS%/28FB                 ALIGNSDOSRECORD/2888            ASCII:COMMA/002C                ASM/0724
 ASMBF/257D      ASMBF1/257E     ASMEND/329D     ASMPAT/2A91     ASMPATCH/258E   ASSEMBLY/0041
 ATLEAST/195D    ATX/26E7        ATX2/26DE       AXEIT/2B7F      BADDIG/088F     BBCNT/00C0
 BBEND/3077      BBPTR/00BE      BBSIZE/0040     BBST/3035       BIGMSG/0001     BLANK/0020
 BO/0003         BRAN1/0C63      BRAN2/0C6D      BRANCH/0C57     BRANE/0C7F      BRANERR/0887
 BRANN/0C89      BRANP/0C8D      BTBL/0B61       BUCKET/0048     BUFERP/1005     C:ALPH/0001
 C:BL/0009       C:CR/0003       C:LP/0006       C:NUM/0002      C:Q/0005       *C:QQ/0004       C:RP/0007
 C:TERM/0008     C:UNK/000A      CASE:/1753      CASEOK/1769     CDOSKP/0937     CERR/194A
 CERRN/1948      CFPTR/0024      CHCFRTS/2065    CHCFSYM/2057    CHDIR/0C13      CHECKSDOSALIGN/280E
 CHIMM/0BAE      CHIN0/0BDB      CHIN2/0BD2      CHIND1/0BE4     CHINDCL/0BCD    CHINDX/0BC0
 CHIRTN/0BBE     CHIRTS/0BBD     CHRANGE/0848    CHRLP/084D      CHRNX/0859      CHSYMD/2066
*CHSYMD1/2066    CHTBL/1DD1      CKEOF/1E06      CKNEWREC%/2871  CKNEWREC:POOF/286D
 CKNEWRECORD/284C                CKSDOSALIGN:NO/2847             CKSDOSALIGN:YES/2849
 CLOSE$/010B     CLRLST/26D9     CLV/2DAA        CODE/0100       COLNO/00A9     *COLRTN/26A4
 CONDASM/0001    CONS/0000       CONT/177B      *CONVERTTOBASE100/12E5           CPRAB/1CC7
 CPRAB1/1CDD     CRAPOUT$/0142   CREATE$/010E    CRLF/24CA       CRSCAN/0863     CTNB/101B
 CTRLL/000C      CUROP/005D      CURREC/3084     D0/0EAA         D1/0EAC         D10/0F08        D11/0F11
 D11A/0F1B       D12/0F26        D13/0F31        D14/0F3A        D14B/0F43       D14C/0F4D       D14D/0F56
 D14E/0F5F       D14F/0F69       D14G/0F72       D14H/0F7B      *D15/0F7B        D16/0F83        D17/0F8D
 D18/0F96        D2/0EB5         D20/0F9E        D21/0FAA        D22/0FB4        D22B/0FBF       D23/0FCA
 D24/0FD4        D25/0FDD        D26/0FE6        D27/0000        D3/0EBE         D4/0EC7         D5/0ED0
 D5A/0ED9        D6/0EE2         D7/0EEB         D8/0EF4         D9/0EFE         D:AF/0002       D:CA/0020
 D:CC/0008       D:DO/0010       D:LF/0004       D:SI/0080       D:SS/0040       DATBEG/2F21
 DATE$/0135      DATEND/329D     DATIME/2F21     DDEF/0873       DDEPTH/0042     DEBUG/0001
 DEPRTS/179E     DEPSET/1794     DEPTH/00B3      DIGCNT/1007     DIGFLG/1008     DIGMAX/000A
*DIR1/0AA8       DIR2/0AB7       DIR3/0AD1       DIR31/0AC0      DIR32/0ADB      DIR33/0AE5
 DIR4/0AF2       DIR5/0B05       DIREND/0000     DIRPT/003A      DIV1/1D5D       DIV2/1D84       DIV3/1D85
 DIVIDE/1D52     DIVL/1D68       DMPT1/2E2C      DMPT2/2E3A      DMPT3/2E40      DMPTCR/2E2A
 DNHDR/2C88      DO:/16C8        DO:1/16D7       DOCOPY/0084     DODIV/1D43      DODIV1/1D44
 DOEX1B/0B43     DOEX1B1/0B55    DOEX2B/0B5A     DOEXP0/0B33     DOEXP1/0B36     DOEXPL/0B12
 DOEXT/0C40     *DOEXTV/0C3D     DOIT/08F6       DOITDR/0AA0     DOITDR9/09E0    DOITEX/0B08
 DOITEX9/09E3    DOITL/09E6      DOITL$1/0A13    DOITMM/0B08     DOITO3/0A21     DOITO4/0A36
 DOITOL/0A24     DOLVL/009B      DOMANY/0904     DONORM/0916     DOOC2/0A8A      DOOCG1/0A82
 DOOCGO/0A6C     DOOCNR/0A98     DOOCR/0A68      DOOPC/0A3F      DOOPCX/0A41     DORPTER/0913
 DOSK1/0922      DOSK1A/099E     DOSK1R/096B     DOSK2/0928      DOSK2A/09C7     DOSKD/0993
 DOSKE/09A0      DOSKF/09D0      DOSKF1/09D9     DOSKP/0931      DOSKP1/0961     DOSKPL/094A
 DOSKPL1/095D    DOSKPT/096D     DOSKPT1/098D    DOSKR/0919      DOSKX/09CA      DP$ADD/299A




ASM/6800 1.3H4: 329B ASM/6800 1.4       - - - S Y M B O L    T A B L E    D U M P - - -
08/16/82 00:00:00; Page 367; Form 1     Symbols Sorted by Name
ASM14A.CTRL.ASM
 DP$CC/299E      DP$CC%/29A9     DP$CC1/29A7     DP$CMP/29B0     DP$MAX/29B7     DP$MAX%/29BF
 DP$SUB/29AA     DPCOUNT/1019    DPFLAG/1018    *DPRSET/009E     DPUTLO/2E54     DT:/0000
 DT:AF/0200      DT:CA/2000      DT:CC/0800      DT:DO/1000      DT:LF/0400      DT:SI/8000
 DT:SS/4000      DUMP1/2CA8      DUMP2/2CDA      DUMPEX/2C42     DUMPHDR/2C75    DUMPNAME/2C96
 DUMPOK/0001     DUMPRINT/2E10   DUMPRINT1/2E46  DUMPRINT2/2E57  DUMPRINT3/2E6E  DUMPTBL/2C1F
 DUMPTBL0/2C39   DUMPTBL1/2C43   DUMPTBL2/2C3C   DUMPTBL3/2C4B   DUMPTRLR/2C93   DUMPV/0001
 DUMPVAL/2CA0    DUMPX/2CEC      DVHDR/2C8D      DWIDTH/0084     DYADR/0B7F      DYADR1/0B94
 DYADR4/0BA7     DYADR41/0C11    DYADRNI/0BA5    DYADRSCN/0B73   DYADX/0C4B      DYADXNI/0BA7
 DYOVF/0B91      ECKEOF/1E15    *EDONE/1A26      EJECT/1561      ELSE:/1735      ELSE:0/173A
 ELSE:1/1748     ELSIF:/1734     EMSG/22F6       END:/1875       END:0/1881      END:00/1897
 END:01/188B     END:1/18BA      ENDALL/18B7     ENDER/087F      ENDIT/0739      ENTIT/2174
 ENTSYM/20F8     ENTSYM1/211F    ENTSYM2/2146    ENTSYML/2125    EOF$/012C       EOFF/0095
 EOLBF/00B8      EOLBF:/3199     EQU:/1425       ERB:FPGE/0002   ERB:LINEN/0004  ERB:NEXT/0000
 ERB:SIZE:/0006  ERFIN/1A26      ERR:F/008A      ERRC/008D       ERRCHAIN/0088   ERRHDR/19FA
 ERRLINES/0001   ERROR/08B3      ERROR$/013F     ERROR$1/08D4   *ES3SO/1BA8      ES3SO1/1BAA
 ES3XO/1BDA      EVAF/1AF3       EVAF1/1B08      EVAF3/1B21      EVAF9/1AFE      EVAFBIAS/009F
 EVAFCT/1B33     EVAFX/1AF5      EVAL/1B24       EVALCT/1B3A     EVIT/13BB       EVNUL/13A9
 EVRTS/1B23      EVSEC/13B9      EXIT/2B55       EXIT$/0129      EXP/1B4E        EXP:R/1B53
 EXPC/1BD1       EXPOVF/101A     EXPSE/1B68     *EXPSE1/1BCB     EXPTR/0028      EXST1/1B56
 EXST2/1B80      EXST21/1B84     EXST2SY/1B75    EXST3/1B99      EXST31/1B97     EXST4/1BBE
 EXST5/1BAD     *EXST7/1B92      EXST8/1BD7      F$ERRGROUP/0200                 F$ERRMAX/0003
 F:BADD/0108     F:BRA/0102      F:DDEF/0010     F:END/0080      F:FILNOTF/0202  F:FRCREF/0204
 F:ILLAF/0004    F:ILLCF/0180    F:ILLF/0001     F:ILST/0120     F:ILTRUNC/0201  F:ILV/0104
 F:NST/0040      F:OVF/0101      F:PHASE/0140    F:SAERR/0208    F:SYMOV/0110    F:SYNTX/0002
 F:UDDF/0020     F:UNDF/0008     FAC1/100C       FAC2/100D       FAC3/100E      *FAC4/100F       FAC5/1010
*FAC6/1011       FACEXT1/1012    FACX/101C       FAKEEQU/07B1    FCB1/138C       FCB2/1389       FCB3/138E
 FCB:/137C       FCC0/1461       FCC01/1478      FCC02/147B      FCC1/147E       FCC2/1491       FCC3/14A2
 FCC:/1455       FCCD/1483       FCCN/14B4       FCONVI/10AC     FCONVI1/10D1    FCONVI10/1182
 FCONVI11/1185   FCONVI12/118C   FCONVI13/11B3   FCONVI14/11BD   FCONVI15/11D1   FCONVI16/11D2
 FCONVI18/1217   FCONVI2/10E8    FCONVI20/1232   FCONVI21/123D   FCONVI21A/123F  FCONVI22/11F5
 FCONVI25/1235   FCONVI26/1152   FCONVI26A/116D  FCONVI3/10EA    FCONVI31/1022   FCONVI32/1037
 FCONVI33/104E   FCONVI34/1055   FCONVI35/106A   FCONVI36/103E   FCONVI37/104D   FCONVI4/1111
 FCONVI4A/1114   FCONVI5/111B    FCONVI50/10FE   FCONVI51/1107   FCONVI6/1125    FCONVI7/1131
 FCONVI7A/1136   FCONVI7B/1142   FCONVI8/114A    FCONVI9/117D    FCONVI90/11A8   FCONVI91/11A1
 FCONVOVERFLOW/1002              FCVIRT/101E     FDB:/1397       FDIVNORM/1303   FDIVNORMDIGIT/1335
 FFC:/0FF3       FILEPOSITION/2953               FILNOTF/08A7    FIN:/174B       FINDAF/206C
 FINDAF1/2079    FINDAFE/2073    FINDAFL/2076    FINDAX/1FF8     FINDAXL/1FF6    FINDAXX/2000
 FINDINCLB/1653  FINDINCLB%/1663                 FINDINCLB1/165B                 FINDINCLB2/1667
 FINISHCURREC/2913               FINISHCURREC%/2952              FINISHCURREC1/292A
 FINISHCURREC2/293A              FLAMOUT/002A    FLOUT/1365      FLOUTLOOP/136A  FORMFEED/0815




ASM/6800 1.3H4: 329B ASM/6800 1.4       - - - S Y M B O L    T A B L E    D U M P - - -
08/16/82 00:00:00; Page 368; Form 1     Symbols Sorted by Name
ASM14A.CTRL.ASM
 FPBUFFER/3078   FPGE/008F      *FRCREFERR/08AB  FSMI/259B       FSYM/20C3       FSYM1/20C9
 FSYM2/20CB      FSYM3/20DE      FSYM4/20E0      FSYME/20C7      FSYMX/20F5      FZERO/1351
 G2DIV/0004      G2EQ/001E       G2GT/0016       G2LT/0010       G2MOD/000C      G2NE/0000       G2OR/0008
 G2OTB/2033      GBLK/1FAC       GCH/1F74        GCH1/1F85       GCHD/1F8D       GEOL/1FBF       GETC/2A30
 GETC2/2A33      GETCHAR/108C    GETCHAR0/10A5   GETCHAR2/109E   GETCS/29DF      GETCS1/29E3
 GETCURRECBASE/29D8              GETCURRECEND/29C5               GETL/2A4F       GETLP/1FA4
 GETNAME/2B39    GETNEWRECBASE/29D1              GETNEWRECEND/29C0               GETNLF/2A01
 GETOPT/2A5F     GETPOS$/0111    GETRECEND/29C8  GETRP/1FA8      GETWD$/0114     GETXC/1F95
 GHEX/1E58       GHX0/1E69       GHX1/1E78       GHX2/1E80       GHXE/1E59       GHXI/1E8D
 GHXI1/1E99      GHXI2/1E9D      GHXL/1E6D       GILGL/1FD5      GMDARG/1D3F     GNOB1/1E3C
 GNOB:SJ/1BB8    GNOBC/1E34      GNOBJ/1E2C      GNOBX/1E38      GNTBL/1E44      GNUM/1EC3
 GNUML/1ECE      GNUMQ/1F2F      GNUMY1/1EFD     GNUMY11/1F14    GNUMY2/1F1D     GNUMYCH/1EF6
 GOPTB/201C      GOPTR/1FDA      GOPTR1/1FDE     GOPTR2/1FE2     GOTNUM/1E84     GOTOBJ/1E86
 GOTOBJ1/1F71    GOTOBJ2/1F93    GRP/0058        GSYM/1F42       GSYM0/1F3F      GSYM1/1F61
 GSYMD/1F6C      GSYML/1F4F      GSYML1/1F56     GSYMT/1F38      GTA/1C82        GTBLK/20A6
 GTBLK1/20BB     GTCH1/1DCB      GTCH1L/1DC9     GTCH2/1DCE      GTCHT/1DB0      GTCMA/1E1C
 GTCRET/1E2B     GTRM/1FBA       GTSIZE$/012F    GTXD/1EA2       GTXD1/1EBE      GTXD2/1EBC
 GUNK/1FC6       HASH/2088       HASH:M/007F     HASH:PTR/208B   HASHL/208E      HDRNAME/0015
 HDRTABS/25A3    HDRTTL/0028     HSHEND/318D     HSHTBL/308D     IBUFI/319C      IBUFS/00FF
 IF:/16DC        IF:1/16DF       IF:T/16E9       IF:X/16E9       IFAIL/16E3      IFDEF:/1713
 IFUERR/170E     IFUND:/16EC     ILLAF/086B      ILLCF/089F      ILLF/0863       ILLSTR/0897
 ILLVAL/088B     ILTRUNC/08A3    INBUF/00AE      INBUFE/00B0     INBUFE:/329B    INCBCD/0823
 INCLB:ERRCHN/0002               INCLB:FPGE/0006                 INCLB:FPOS/000A
 INCLB:LEN/000F  INCLB:LINEN/0008                INCLB:NEXT/0000                 INCLB:NUM/000E
 INCLB:PREVB/0004                INCLB:SIZE:/0010                INCLB:TEXT/0010
 INCLB@NAME/15DD                 INCLCOPYOUT/16B7                INCLEOF/0751    INCLERRESET/15D4
 INCLHEAD/00A3   INCLNOTFOUND/1687               INCLNUM/009D    INCLRLNMS/16A4  INCLRLNMS1/15FB
 INCLSAVE/166A   INCLTAIL/00A5   INCLUDE%/15F0   INCLUDE1/1582   INCLUDE2/158E   INCLUDE3/1591
 INCLUDE4/15A0   INCLUDE:/1574   INCLUDE:NSTER/159D              INCLVL/009C    *INCLWATCHOUT/16AF
 INCLWATCHOUT%/16B6              INCNT/0087      INFINITY/135E   INFLINK/003E    INLINE/2B90
 INLLINK/0085    INPTR/0020      IOERRLOC/00AA   IOERROR/2B82    IOPKGBASE/00FC  IORET/2A3B
 IOXSAVE/003C    ISCONSOLE$/0117                 ISCTR/1B3C      ISDEFD/172F     ISDIG/1071
 ISDIG2/107F     ISIT/08DE       ISITL/08E3      ISITR/08EF      ISITX/0C05      JMPJSR/0C3A
 LAST/004A       LBBEG/00B6      LBBEG:/318D     LBFPT/00C2      LBSIZ/000F      LDAXB/2001
 LDAXB$1/2017    LEFTDIG/1024    LF:CA/0040      LF:CC/0004     *LF:DO/0010      LF:ERR/0001
*LF:MAC/0020     LF:PTD/0002     LF:SKP/0008    *LFEQ0/21E9      LFEQ1/2200      LFEQ2/2205
*LFEQE/21FD      LFEQL/21F3      LFEQU/21E2      LFPC/21DB       LFPTR/0022      LFSET/21E5
 LFSET1/21E7     LINEN/0091      LINEPC/0098     LIST/220D      *LIST05/221F     LIST1/2232
 LIST10/2224     LIST11/222C     LIST2/2256      LIST21/225D     LIST30/2279     LIST30$/227C
 LIST31/229B     LIST:/13C6      LIST:1/13CF     LIST:2/13E7     LIST:ILV/13EB   LIST:P/00A0




ASM/6800 1.3H4: 329B ASM/6800 1.4       - - - S Y M B O L    T A B L E    D U M P - - -
08/16/82 00:00:00; Page 369; Form 1     Symbols Sorted by Name
ASM14A.CTRL.ASM
 LIST:T/00C1     LISTE/2276      LISTR/2267     *LL:DO/0008      LL:GEN/0002     LL:LIST/0001
*LL:MAC/0020     LL:PCA/0040     LL:PCC/0004     LL:SKP/0010    *LL:THRO/0080    LLDFLT/0050
 LLTP/0055       LO/0002         LOOP/0730       LOOP1/072D      LOOPX/1020      LST:/220A       LSTC/24AB
 LSTC2/2518      LSTC21/2530     LSTC2L/2529    *LSTC3/24B2      LSTC5/24C8      LSTCP/24A6
 LSTSTRT/0015    LSTSUP/226D     LTPTR/0040      LTPTR2/0042     M6800/0001     *M6801/0000
 M6801.2/0E1A    M6801.3/0E24    M6801.4/0E2E    M6801.5/0E37    M6801.6/0E40    M6801.7/0E49
 M6801.8/0E52    M6801.9/0E5C    M6801.A/0E66    M6801.B/0E70    M6801.C/0E7A    M6801.D/0E83
 M6801.E/0E8D    M6801.F/0E97    M6801.G/0EA0    M6801.I/0000    M6801OPS/0E0F   M6809/0000
 MAKEINCLB/15FE *MAKEINCLB%/1643                 MAKEINCLB1/1616                 MAKEINCLB2/1622
 MAKEINCLB3/1644                 MAKEINCLBABORT/15F1             MAXINCLNUM/00FE
 MAXINCLVL/0014  MCSYMINT/1ADD   MEXP/100B       MINDEP/000F     MINFINITY/1357  ML/1009         MLA/002C
 MLB/002E        MLC/0030        MLD/0032        MONAD/0C27      MONAD0/0C32     MONAD1/0C37
 MOVEB/2C10      MOVEB0/2C0D     MOVEB1/2C12     MOVEIN/255D     MOVEL/255B      MRKSKP/2709
 MSIGN/100A      MUL1/1DA2       MULBASE100/12B0                 MULDIV100/1260  MULDIV100.A/1288
 MULLP/1D96      MULTPLY/1D89    MULV1/1DAF      NAME:/14FE      NAMEBF/2F45     NAMESZ/001E
 NAT/1925        NCHR/2A50       NCLBO/2B65      NCLLO/2B70      NDEFD/1709      NERR/19BD
 NERR0/19E8      NERR1/19F0      NERRLN/19BA     NEW/004E        NEWREC/3080     NICE/0001
 NILAD/0C31      NNEW/2DA8       NOP/13A8        NOPUT/2503      NOSYM/2C54      NOTSECTORMASK/307E
 NSTER/087B      NTAB/14C7       NULLSYM/211A    NULLTMP/2F35    NUMERR/17CC     NUMHASHBKTS/0007
 NUMSET/17A1     NUMSTRT/000F    O:LP/0004       O:NUM/0002      O:OP/0007       O:RP/0005
*O:STR/0003      O:SYM/0001      O:TERM/0006     O:UNKN/0008     OAH/0003        OAL/0004        OBH/0000
 OBL/0001        OLDSYM/218E     ONEERR/1967     ONESYM/2C57     OP/0057         OP:ADD/0041
 OP:AND/0024     OP:BOX/0011     OP:COM/0073     OP:CQU/0054     OP:DIV/0052     OP:EOR/0022
 OP:EOX/0001     OP:EQ/0035      OP:GE/0033      OP:GT/0031      OP:HI/0037      OP:HS/0039
 OP:IOR/0021     OP:LE/0034      OP:LO/0038      OP:LS/003A      OP:LT/0032      OP:MNS/0072
 OP:MOD/0053     OP:MUL/0051     OP:NE/0036      OP:NOT/0074     OP:PLS/0071     OP:SHF/0061
 OP:SUB/0042     OPEN$/0108      OPENCURINCLB/15BC              *OPFN1/1C38      OPFN2/1C3A
 OPFN3/1CE9      OPFNSH/1C34     OPFNSH1/1CAD   *OPPTR/0052      OPT1/17D1       OPT10/1821
 OPT11/182A      OPT12/1832      OPT13/183A      OPT14/1843      OPT15/184D      OPT16/1855
 OPT17/185E      OPT18/1869      OPT19/0000      OPT1:6801/0002  OPT1:DO/0001    OPT1AND/2B50
 OPT1AND1/2B52   OPT1DFLT/0001   OPT1F/00BB      OPT1OR/2B4C     OPT2/17DA       OPT3/17E4       OPT4/17EC
 OPT5/17F5       OPT6/17FD       OPT7/1806       OPT8/180F       OPT9/1819       OPT:/176F
 OPT:BO/0004     OPT:DMP/0040    OPT:EL/0080     OPT:LF/0020     OPT:LN/0010     OPT:LO/0002
 OPT:LST/0008    OPT:MCM/0001    OPTAND/2B47     OPTAND1/2B49    OPTBL/0C92      OPTDFLT/00C8
 OPTEND/2B33     OPTERR/177F     OPTF/00BA       OPTOR/2B43      OPTTABLE/17CF   OPTV2/17B4
 OPTVF/17AE      ORG1/141C       ORG2/1422       ORG:/1410       OSEARCH/1784    OUT1A/0B9F
 OUT2/0B94       OUT222/0C86     OUT2A/0B97      OUT2A1/0C0F     OUT2O/0B95      OUT3A/0C42
*OUTL/0B9F       OUTLINE/2BC9    OUTPUTSDOSRECORD/27C3           OUTSDOS$1/27DC  OUTSDOS$2/27E4
 OUTSDOS%/280D   OUTVL/0B9D     *OUTX/0BA2       OUTX2/2E78      OVERFLOW/1228   OVRFLW/0883
 P1I1/1A5A       P1I2/1A65       P1I5/1A7A       P1I6/1AB1       P1I7/1AB6       P1INIT/1A57




ASM/6800 1.3H4: 329B ASM/6800 1.4       - - - S Y M B O L    T A B L E    D U M P - - -
08/16/82 00:00:00; Page 370; Form 1     Symbols Sorted by Name
ASM14A.CTRL.ASM
 P2INDONE/2BDB   P2INIT/1ACC     P2INPUT/2BCA    P:ADD/0040      P:BOX/0010      P:EOX/0000
 P:LOG/0020      P:MUL/0050      P:REL/0030      P:SH/0060       P:UN/0070       PAGE0/1521
 PAGE0A/1527     PAGE0B/153C     PAGE1/1546      PAGE11/155E     PAGE2/1560      PAGE:/151E
 PAGEL/1549      PAGEN/0093      PASS/0054      *PATCH/2EA1      PC/0096         PCA:/13F8       PCC:/13F0
 PCPUT/00C4      PGEN:/13FC      PHASERR/089B    PHL/256F        PHL.LSTC/257A   PIN1/1A2A       PIN2/1A42
 PINIT/1A27      PNCEOF/278A     PNCEOF1/279A    PNCER/27C2      PNCH1/2752      PNCHB/2749
 PNCHIT/2760    *PNCHR/275F      PNCSET/2775     PNCSPC/2776     PNUM/2593       POPINCL/168D
 POSITION$/0126 *PRERELEASE/0041                 PRTLNS/197C     PRTLNS%/19B9    PRTLNS0/1991
 PRTLNS1/19B3    PRTLNS2/19A2    PSHPUL/0C53     PSR:/13F4       PTNL/2668      *PTNL1/2676
 PTNL2/2687      PTNL21/2698     PTNL3/269D      PTNLB/266D      PTNLE/2671      PTTL/2650
*PTTL0/2650      PTTL1/2655      PUTB/26A5       PUTB01/26B7     PUTB1/26AD      PUTB2/26CC
 PUTB3/26CF      PUTB4/26D4      PUTC/2A26       PUTC3/2A22      PUTCC/2A11      PUTHDR/25A6
 PUTHDR1/25B3    PUTHDR2/25D0    PUTHDR3/25DB    PUTHDR4/262B    PUTHDR5/25D3    PUTLO/24F0
 PUTPC/26F2      PUTRECORDHDR/2872               PUTT/2A3F       PUTT1/2A46      PUTTAB/2578
 PUTV/2717       PUTV1/2722      PVARE/009F      PVARZ/0084      PZ1E/00BE       PZ1E:/1ACC
 PZ1I/00AE       PZ1I:/1ABC      PZBASE/0020     PZEND/00C5      PZMAX/00F0     *PZSIZE/00A5
 R$BASE/0000     R$FILEBASE/0004                 R$LEN/0002      R$LONG:/0009    R$SHORT:/0004
 R$VALID/0008    RASCII$/011A   *RBIN$/011D      RBO/2AF4        READ/0774       READ1/0780
*READ2/0784     *READ20/0780     READ2L/079C     READ3/07E0      READ3A/07DC     READ3L/07E1
 READ98/2BFD     READ99/2C06     READC/0762      READC1/0756     READC2/076E     READC3/0771
 READE/0759      READL1/2BF1     READL3/2BF4    *READR/07F9      REG/0056        REHASH/2DF0
 REHASH0/2DF5    REHASH1/2DFD    REHASH2/2E01    REJCH/1F9E      REJXC/1F9E      RELEASE/0014
 RENDEND/07FA    RENDIT/073E     REPEAT/0001     RESET$/0132     REWANY/2A07     REWSI/2A05
 RGNUM/07B7      RGNUM1/07BD     RGRTS/07D7      RIGHTDIG/1057   RJA/005A        RJB/005B        RJCH/005E
 RJOBJ/005C      RJXCH/1F9E      RLO/2ACB        RMB:/143B       RPT:/1400       RPT:0/1409
 RPT:1/140C      RPTF/00A1       RSI/2A9E        RTEOF/1E14      RTERR/08DA      RTNPTR/0044
 RTYPE$LOAD/0002                 RTYPE$LOADGO/0003               RTYPE$SKIP/0000
 RTYPE$START/0001                S:LEN/0005      S:NEXT/0000     S:TEXT/0006    *S:TYP/0004
 S:TYPE/0004     S:VAL/0002      SABOMB/18F8     SACHECK/18C9    SACHECK1/18E6   SACHECK2/18F2
 SACHECKRTS/18F7                 SADDR/18FC      SADDRFLG/18FE   SAERR/08AF      SBTTBF/2FCC
 SCHAIN/0046     SECTORMASK/307C                 SECTORNUM/298C  SECTORREM/2993  SENT:L/0006
 SET:/1430       SETDATIM/2545   SEV/2DA6        SHIFT/0001      SI/0001         SKIP/1518
 SKIP1/1565      SKIP2/156B      SKIPR/1573      SKPFLG/008E     SKPLVL/009A     SORT/2CEF
 SORT0/2CFE      SORT1/2D03      SORT2/2D09      SORT3/2D22      SORT4/2D27      SORTAIL/0050
 SORTCHAIN/2D66  SORTCHAIN0/2D6C                 SORTCHAIN1/2D7E                 SORTNAM1/2DD2
 SORTNAM2/2DE4   SORTNAME/2DC0   SORTRTS/2D65    SORTVAL/2DAC    SPACE:/1505     SPC1/1510       SPOK/2DA7
 SPTST/2D9C      STACK$/013B    *STACKM/013D     STARS/24A0      START/0100      STDLINE/2BE1
*STDLINE1/2BE5   STFFBL/2733     STFFBR/2745     STLOW/00BC      STPTR/00AC      STRINGS/0000
 STUFFB/272E     SUBFILEBASE/2974                SUMM/18FF       SUMM0/192E      SUMM1/193E
 SUMMONE/1943    SVERL/22A7      SVERL0/22B7     SVERL1/22CE     SVERLR/22CD     SYM/0062




ASM/6800 1.3H4: 329B ASM/6800 1.4       - - - S Y M B O L    T A B L E    D U M P - - -
08/16/82 00:00:00; Page 371; Form 1     Symbols Sorted by Name
ASM14A.CTRL.ASM
 SYM6800/2E80    SYM6801/2E8B    SYM6809/2E96    SYM:BLK/005D    SYMDDEF/21D8    SYMDEF/2180
 SYMDEF0/219E    SYMDEF1/21B7    SYMDEF2/21D0    SYMDEF3/21CA   *SYMEQU/217B     SYMEQU1/217C
 SYMLK/2149      SYMLK1/2159     SYMLK2A/216C    SYMLK3/2173     SYMMAX/0021     SYMOV/0893
 SYMPT/0038     *SYMSET/2177     SYMTABS/2C6D    SYMZIP/1AED     SYNERR/1251     SYNERRJ/114F
 SYNTAX/0867     T:BASE/00FD     T:BRA/0003      T:DDEF/0010     T:DRNI/00FD     T:DXNI/0005
 T:DYDR/00FF     T:DYDX/0002     T:FREF/0001     T:JMP/0004      T:MOND/0000     T:NIL/0001
 T:PSH/00FE      T:SET/0002      T:SPEC/0020     T:UNDF/0004     T:USED/0008     TAB/0009
*TABERR/14D3     TABMAX/0008     TABOK/14D9      TABOVF/14D0     TABRET/14D6     TABRTS/14D8
 TABS:/14BA      TABTB:/253A     TABTBL/00B4    *TABX/15E9       TABXX/15EB      TBJMP/1DEF
 TBLSORT/2D4B    TBLSORTL/2D4E   TBTB/2F3A       TEMPA/0000      TEMPB/0001     *TEMPX/0000
 THIS/004C       TIME$/0138      TITLE:/14F9     TITLES/0001     TOL1/250B       TOL2/2517       TOL3/24DC
 TOL31/24E9      TOL4/24F0       TOLO/24CC       TOLR/250A       TPTR/0034       TPTR1/0036
 TTLBUF/2F63     TTLMAX/0069     TYPE/0061       TYPE1RECORD/0001                UDDEF/0877
 UNDEF/086F      UNDERFLOW/11F0  UNDFTXT/2E69    UPDATEFILEBASE/28FC             UPDATEFILEBASE%/2912
 VAL/005F        VERS/37EC       WANTBO/2B13     WANTLO/2AEB     WASCII$/0120    WEREDEF/2C63
 WHCH1/0837      WHCHX/0844      WHICH/0832      WIDSET/179F     WIDTH/00B2      WRITEREC$/0123
*WRTOUT/2A29     X:OP/0002       XADD/1C2E       XAND/1C72       XBOX/1D0A       XBOX1/1D07
 XCOM/1CF7       XCQU/1D27       XDIV/1D23       XEOR/1C7A       XEQ/1C91        XGE/1CA3        XGT/1C97
 XHI/1CB5        XHS/1CC1        XIOR/1C6A       XLE/1CA9        XLO/1CAF        XLS/1CBB        XLT/1C9D
 XMOD/1D37       XMUL/1D18       XMUL1/1D1C      XMUL2/1D20      XNE/1C8A        XNEG/1CE2
 XNEG1/1CE4      XNOT/1CFC       XPOS/1CF0       XREF/0000       XRT/1C8E        XSHF/1C46
 XSHF0/1C48      XSHF1/1C58      XSHF2/1C5E      XSHFR/1C4C      XSUB/1C3E       XT:FREF/0001
 XT:UNDF/0004    XT:UNEV/0002    XTYPE/0059      ZAPCHN/1A08     ZAPCHN0/1A0D    ZAPCHN1/1A0F
 ZAPCHN2/1A1F    ZEROES/2A0D




ASM/6800 1.3H4: 329B ASM/6800 1.4       - - - S Y M B O L    T A B L E    D U M P - - -
08/16/82 00:00:00; Page 372; Form 1     Symbols Sorted by Value
ASM14A.CTRL.ASM
Symbols Sorted by Value:

 CONS/0000       D27/0000        DIREND/0000     DT:/0000        ERB:NEXT/0000   G2NE/0000
 INCLB:NEXT/0000                *M6801/0000      M6801.I/0000    M6809/0000      OBH/0000
 OPT19/0000      P:EOX/0000      R$BASE/0000     RTYPE$SKIP/0000                 S:NEXT/0000
 STRINGS/0000    T:MOND/0000     TEMPA/0000     *TEMPX/0000      XREF/0000       BIGMSG/0001
 C:ALPH/0001     CONDASM/0001    DEBUG/0001      DUMPOK/0001     DUMPV/0001      ERRLINES/0001
 F:ILLF/0001     LF:ERR/0001     LL:LIST/0001    M6800/0001      NICE/0001       O:SYM/0001
 OBL/0001        OP:EOX/0001     OPT1:DO/0001    OPT1DFLT/0001   OPT:MCM/0001    REPEAT/0001
 RTYPE$START/0001                SHIFT/0001      SI/0001         T:FREF/0001     T:NIL/0001
 TEMPB/0001      TITLES/0001     TYPE1RECORD/0001                XT:FREF/0001    C:NUM/0002
 D:AF/0002       ERB:FPGE/0002   F:SYNTX/0002    INCLB:ERRCHN/0002               LF:PTD/0002
 LL:GEN/0002     LO/0002         O:NUM/0002      OPT1:6801/0002  OPT:LO/0002     R$LEN/0002
 RTYPE$LOAD/0002                 S:VAL/0002      T:DYDX/0002     T:SET/0002      X:OP/0002
 XT:UNEV/0002    BO/0003         C:CR/0003       F$ERRMAX/0003  *O:STR/0003      OAH/0003
 RTYPE$LOADGO/0003               T:BRA/0003     *C:QQ/0004       D:LF/0004       ERB:LINEN/0004
 F:ILLAF/0004    G2DIV/0004      INCLB:PREVB/0004                LF:CC/0004      LL:PCC/0004
 O:LP/0004       OAL/0004        OPT:BO/0004     R$FILEBASE/0004                 R$SHORT:/0004
*S:TYP/0004      S:TYPE/0004     T:JMP/0004      T:UNDF/0004     XT:UNDF/0004    C:Q/0005        O:RP/0005
 S:LEN/0005      T:DXNI/0005     C:LP/0006       ERB:SIZE:/0006  INCLB:FPGE/0006
 O:TERM/0006     S:TEXT/0006     SENT:L/0006     C:RP/0007       NUMHASHBKTS/0007                O:OP/0007
 C:TERM/0008     D:CC/0008       F:UNDF/0008     G2OR/0008       INCLB:LINEN/0008
 LF:SKP/0008    *LL:DO/0008      O:UNKN/0008     OPT:LST/0008    R$VALID/0008    T:USED/0008
 TABMAX/0008     C:BL/0009       R$LONG:/0009    TAB/0009        C:UNK/000A      DIGMAX/000A
 INCLB:FPOS/000A                 CTRLL/000C      G2MOD/000C      INCLB:NUM/000E  INCLB:LEN/000F
 LBSIZ/000F      MINDEP/000F     NUMSTRT/000F    D:DO/0010       F:DDEF/0010     G2LT/0010
 INCLB:SIZE:/0010                INCLB:TEXT/0010                *LF:DO/0010      LL:SKP/0010
 OPT:LN/0010     P:BOX/0010      T:DDEF/0010     OP:BOX/0011     MAXINCLVL/0014  RELEASE/0014
 HDRNAME/0015    LSTSTRT/0015    G2GT/0016       G2EQ/001E       NAMESZ/001E     BLANK/0020
 D:CA/0020       F:UDDF/0020     INPTR/0020     *LF:MAC/0020    *LL:MAC/0020     OPT:LF/0020
 P:LOG/0020      PZBASE/0020     T:SPEC/0020     OP:IOR/0021     SYMMAX/0021     LFPTR/0022
 OP:EOR/0022     CFPTR/0024      OP:AND/0024     AFPTR/0026      EXPTR/0028      HDRTTL/0028
 FLAMOUT/002A    ASCII:COMMA/002C                MLA/002C        MLB/002E        MLC/0030
 P:REL/0030      OP:GT/0031      MLD/0032        OP:LT/0032      OP:GE/0033      OP:LE/0034
 TPTR/0034       OP:EQ/0035      OP:NE/0036      TPTR1/0036      OP:HI/0037      OP:LO/0038
 SYMPT/0038      OP:HS/0039      DIRPT/003A      OP:LS/003A      IOXSAVE/003C    INFLINK/003E
 BBSIZE/0040     D:SS/0040       F:NST/0040      LF:CA/0040      LL:PCA/0040     LTPTR/0040
 OPT:DMP/0040    P:ADD/0040      ASSEMBLY/0041   OP:ADD/0041    *PRERELEASE/0041
 DDEPTH/0042     LTPTR2/0042     OP:SUB/0042     RTNPTR/0044     SCHAIN/0046     BUCKET/0048
 LAST/004A       THIS/004C       NEW/004E        LLDFLT/0050     P:MUL/0050      SORTAIL/0050




ASM/6800 1.3H4: 329B ASM/6800 1.4       - - - S Y M B O L    T A B L E    D U M P - - -
08/16/82 00:00:00; Page 373; Form 1     Symbols Sorted by Value
ASM14A.CTRL.ASM
 OP:MUL/0051     OP:DIV/0052    *OPPTR/0052      OP:MOD/0053     OP:CQU/0054     PASS/0054       LLTP/0055
 REG/0056        OP/0057         GRP/0058        XTYPE/0059      RJA/005A        RJB/005B
 RJOBJ/005C      CUROP/005D      SYM:BLK/005D    RJCH/005E       VAL/005F        P:SH/0060
 OP:SHF/0061     TYPE/0061       SYM/0062        TTLMAX/0069     P:UN/0070       OP:PLS/0071
 OP:MNS/0072     OP:COM/0073     OP:NOT/0074     HASH:M/007F     D:SI/0080       F:END/0080
*LL:THRO/0080    OPT:EL/0080     DOCOPY/0084     DWIDTH/0084     PVARZ/0084      INLLINK/0085
 INCNT/0087      ERRCHAIN/0088   ERR:F/008A      ERRC/008D       SKPFLG/008E     FPGE/008F
 LINEN/0091      PAGEN/0093      EOFF/0095       PC/0096         LINEPC/0098     SKPLVL/009A
 DOLVL/009B      INCLVL/009C     INCLNUM/009D   *DPRSET/009E     EVAFBIAS/009F   PVARE/009F
 LIST:P/00A0     RPTF/00A1       INCLHEAD/00A3   INCLTAIL/00A5  *PZSIZE/00A5     .CURINCLB/00A7
 COLNO/00A9      IOERRLOC/00AA   STPTR/00AC      INBUF/00AE      PZ1I/00AE       INBUFE/00B0
 WIDTH/00B2      DEPTH/00B3      TABTBL/00B4     LBBEG/00B6      EOLBF/00B8      OPTF/00BA
 OPT1F/00BB      STLOW/00BC      BBPTR/00BE      PZ1E/00BE       BBCNT/00C0      LIST:T/00C1
 LBFPT/00C2      PCPUT/00C4      PZEND/00C5      OPTDFLT/00C8    PZMAX/00F0      IOPKGBASE/00FC
 T:BASE/00FD     T:DRNI/00FD     MAXINCLNUM/00FE                 T:PSH/00FE      IBUFS/00FF
 T:DYDR/00FF     CODE/0100       START/0100      F:OVF/0101      F:BRA/0102      F:ILV/0104
 F:BADD/0108     OPEN$/0108      CLOSE$/010B     CREATE$/010E    F:SYMOV/0110    GETPOS$/0111
 GETWD$/0114     ISCONSOLE$/0117                 RASCII$/011A   *RBIN$/011D      F:ILST/0120
 WASCII$/0120    WRITEREC$/0123  POSITION$/0126  EXIT$/0129      EOF$/012C       GTSIZE$/012F
 RESET$/0132     DATE$/0135      TIME$/0138      STACK$/013B    *STACKM/013D     ERROR$/013F
 F:PHASE/0140    CRAPOUT$/0142   F:ILLCF/0180    DT:AF/0200      F$ERRGROUP/0200
 F:ILTRUNC/0201  F:FILNOTF/0202  F:FRCREF/0204   F:SAERR/0208    DT:LF/0400      ASM/0724
 LOOP1/072D      LOOP/0730       ENDIT/0739      RENDIT/073E     INCLEOF/0751    READC1/0756
 READE/0759      READC/0762      READC2/076E     READC3/0771     READ/0774       READ1/0780
*READ20/0780    *READ2/0784      READ2L/079C     FAKEEQU/07B1    RGNUM/07B7      RGNUM1/07BD
 RGRTS/07D7      READ3A/07DC     READ3/07E0      READ3L/07E1    *READR/07F9      RENDEND/07FA
 DT:CC/0800      FORMFEED/0815   INCBCD/0823     WHICH/0832      WHCH1/0837      WHCHX/0844
 CHRANGE/0848    CHRLP/084D      CHRNX/0859      CRSCAN/0863     ILLF/0863       SYNTAX/0867
 ILLAF/086B      UNDEF/086F      DDEF/0873       UDDEF/0877      NSTER/087B      ENDER/087F
 OVRFLW/0883     BRANERR/0887    ILLVAL/088B     BADDIG/088F     SYMOV/0893      ILLSTR/0897
 PHASERR/089B    ILLCF/089F      ILTRUNC/08A3    FILNOTF/08A7   *FRCREFERR/08AB  SAERR/08AF
 ERROR/08B3      ERROR$1/08D4    RTERR/08DA      ISIT/08DE       ISITL/08E3      ISITR/08EF
 DOIT/08F6       DOMANY/0904     DORPTER/0913    DONORM/0916     DOSKR/0919      DOSK1/0922
 DOSK2/0928      DOSKP/0931      CDOSKP/0937     DOSKPL/094A     DOSKPL1/095D    DOSKP1/0961
 DOSK1R/096B     DOSKPT/096D     DOSKPT1/098D    DOSKD/0993      DOSK1A/099E     DOSKE/09A0
 DOSK2A/09C7     DOSKX/09CA      DOSKF/09D0      DOSKF1/09D9     DOITDR9/09E0    DOITEX9/09E3
 DOITL/09E6      DOITL$1/0A13    DOITO3/0A21     DOITOL/0A24     DOITO4/0A36     DOOPC/0A3F
 DOOPCX/0A41     DOOCR/0A68      DOOCGO/0A6C     DOOCG1/0A82     DOOC2/0A8A      DOOCNR/0A98
 DOITDR/0AA0    *DIR1/0AA8       DIR2/0AB7       DIR31/0AC0      DIR3/0AD1       DIR32/0ADB
 DIR33/0AE5      DIR4/0AF2       DIR5/0B05       DOITEX/0B08     DOITMM/0B08     DOEXPL/0B12




ASM/6800 1.3H4: 329B ASM/6800 1.4       - - - S Y M B O L    T A B L E    D U M P - - -
08/16/82 00:00:00; Page 374; Form 1     Symbols Sorted by Value
ASM14A.CTRL.ASM
 DOEXP0/0B33     DOEXP1/0B36     DOEX1B/0B43     DOEX1B1/0B55    DOEX2B/0B5A     BTBL/0B61
 DYADRSCN/0B73   DYADR/0B7F      DYOVF/0B91      DYADR1/0B94     OUT2/0B94       OUT2O/0B95
 OUT2A/0B97      OUTVL/0B9D      OUT1A/0B9F     *OUTL/0B9F      *OUTX/0BA2       DYADRNI/0BA5
 DYADR4/0BA7     DYADXNI/0BA7    CHIMM/0BAE      CHIRTS/0BBD     CHIRTN/0BBE     CHINDX/0BC0
 CHINDCL/0BCD    CHIN2/0BD2      CHIN0/0BDB      CHIND1/0BE4     ISITX/0C05      OUT2A1/0C0F
 DYADR41/0C11    CHDIR/0C13      MONAD/0C27      NILAD/0C31      MONAD0/0C32     MONAD1/0C37
 JMPJSR/0C3A    *DOEXTV/0C3D     DOEXT/0C40      OUT3A/0C42      DYADX/0C4B      PSHPUL/0C53
 BRANCH/0C57     BRAN1/0C63      BRAN2/0C6D      BRANE/0C7F      OUT222/0C86     BRANN/0C89
 BRANP/0C8D      OPTBL/0C92      M6801OPS/0E0F   M6801.2/0E1A    M6801.3/0E24    M6801.4/0E2E
 M6801.5/0E37    M6801.6/0E40    M6801.7/0E49    M6801.8/0E52    M6801.9/0E5C    M6801.A/0E66
 M6801.B/0E70    M6801.C/0E7A    M6801.D/0E83    M6801.E/0E8D    M6801.F/0E97    M6801.G/0EA0
 D0/0EAA         D1/0EAC         D2/0EB5         D3/0EBE         D4/0EC7         D5/0ED0         D5A/0ED9
 D6/0EE2         D7/0EEB         D8/0EF4         D9/0EFE         D10/0F08        D11/0F11        D11A/0F1B
 D12/0F26        D13/0F31        D14/0F3A        D14B/0F43       D14C/0F4D       D14D/0F56       D14E/0F5F
 D14F/0F69       D14G/0F72       D14H/0F7B      *D15/0F7B        D16/0F83        D17/0F8D        D18/0F96
 D20/0F9E        D21/0FAA        D22/0FB4        D22B/0FBF       D23/0FCA        D24/0FD4        D25/0FDD
 D26/0FE6        FFC:/0FF3       DT:DO/1000      FCONVOVERFLOW/1002              BUFERP/1005
 DIGCNT/1007     DIGFLG/1008     ML/1009         MSIGN/100A      MEXP/100B       FAC1/100C       FAC2/100D
 FAC3/100E      *FAC4/100F       FAC5/1010      *FAC6/1011       FACEXT1/1012    DPFLAG/1018
 DPCOUNT/1019    EXPOVF/101A     CTNB/101B       FACX/101C       FCVIRT/101E     LOOPX/1020
 FCONVI31/1022   LEFTDIG/1024    FCONVI32/1037   FCONVI36/103E   FCONVI37/104D   FCONVI33/104E
 FCONVI34/1055   RIGHTDIG/1057   FCONVI35/106A   ISDIG/1071      ISDIG2/107F     GETCHAR/108C
 GETCHAR2/109E   GETCHAR0/10A5   FCONVI/10AC     FCONVI1/10D1    FCONVI2/10E8    FCONVI3/10EA
 FCONVI50/10FE   FCONVI51/1107   FCONVI4/1111    FCONVI4A/1114   FCONVI5/111B    FCONVI6/1125
 FCONVI7/1131    FCONVI7A/1136   FCONVI7B/1142   FCONVI8/114A    SYNERRJ/114F    FCONVI26/1152
 FCONVI26A/116D  FCONVI9/117D    FCONVI10/1182   FCONVI11/1185   FCONVI12/118C   FCONVI91/11A1
 FCONVI90/11A8   FCONVI13/11B3   FCONVI14/11BD   FCONVI15/11D1   FCONVI16/11D2   UNDERFLOW/11F0
 FCONVI22/11F5   FCONVI18/1217   OVERFLOW/1228   FCONVI20/1232   FCONVI25/1235   FCONVI21/123D
 FCONVI21A/123F  SYNERR/1251     MULDIV100/1260  MULDIV100.A/1288                MULBASE100/12B0
*CONVERTTOBASE100/12E5           FDIVNORM/1303   FDIVNORMDIGIT/1335              FZERO/1351
 MINFINITY/1357  INFINITY/135E   FLOUT/1365      FLOUTLOOP/136A  FCB:/137C       FCB2/1389       FCB1/138C
 FCB3/138E       FDB:/1397       NOP/13A8        EVNUL/13A9      EVSEC/13B9      EVIT/13BB
 LIST:/13C6      LIST:1/13CF     LIST:2/13E7     LIST:ILV/13EB   PCC:/13F0       PSR:/13F4       PCA:/13F8
 PGEN:/13FC      RPT:/1400       RPT:0/1409      RPT:1/140C      ORG:/1410       ORG1/141C       ORG2/1422
 EQU:/1425       SET:/1430       RMB:/143B       FCC:/1455       FCC0/1461       FCC01/1478
 FCC02/147B      FCC1/147E       FCCD/1483       FCC2/1491       FCC3/14A2       FCCN/14B4
 TABS:/14BA      NTAB/14C7       TABOVF/14D0    *TABERR/14D3     TABRET/14D6     TABRTS/14D8
 TABOK/14D9      TITLE:/14F9     NAME:/14FE      SPACE:/1505     SPC1/1510       SKIP/1518
 PAGE:/151E      PAGE0/1521      PAGE0A/1527     PAGE0B/153C     PAGE1/1546      PAGEL/1549
 PAGE11/155E     PAGE2/1560      EJECT/1561      SKIP1/1565      SKIP2/156B      SKIPR/1573




ASM/6800 1.3H4: 329B ASM/6800 1.4       - - - S Y M B O L    T A B L E    D U M P - - -
08/16/82 00:00:00; Page 375; Form 1     Symbols Sorted by Value
ASM14A.CTRL.ASM
 INCLUDE:/1574   INCLUDE1/1582   INCLUDE2/158E   INCLUDE3/1591   INCLUDE:NSTER/159D
 INCLUDE4/15A0   OPENCURINCLB/15BC               INCLERRESET/15D4                INCLB@NAME/15DD
 AB.CURINCLB/15DF               *TABX/15E9       TABXX/15EB      INCLUDE%/15F0   MAKEINCLBABORT/15F1
 INCLRLNMS1/15FB                 MAKEINCLB/15FE  MAKEINCLB1/1616                 MAKEINCLB2/1622
*MAKEINCLB%/1643                 MAKEINCLB3/1644                 FINDINCLB/1653  FINDINCLB1/165B
 FINDINCLB%/1663                 FINDINCLB2/1667                 INCLSAVE/166A   INCLNOTFOUND/1687
 POPINCL/168D    INCLRLNMS/16A4 *INCLWATCHOUT/16AF               INCLWATCHOUT%/16B6
 INCLCOPYOUT/16B7                DO:/16C8        DO:1/16D7       IF:/16DC        IF:1/16DF
 IFAIL/16E3      IF:T/16E9       IF:X/16E9       IFUND:/16EC     NDEFD/1709      IFUERR/170E
 IFDEF:/1713     ISDEFD/172F     ELSIF:/1734     ELSE:/1735      ELSE:0/173A     ELSE:1/1748
 FIN:/174B       CASE:/1753      CASEOK/1769     OPT:/176F       CONT/177B       OPTERR/177F
 OSEARCH/1784    DEPSET/1794     DEPRTS/179E     WIDSET/179F     NUMSET/17A1     OPTVF/17AE
 OPTV2/17B4      NUMERR/17CC     OPTTABLE/17CF   OPT1/17D1       OPT2/17DA       OPT3/17E4       OPT4/17EC
 OPT5/17F5       OPT6/17FD       OPT7/1806       OPT8/180F       OPT9/1819       OPT10/1821
 OPT11/182A      OPT12/1832      OPT13/183A      OPT14/1843      OPT15/184D      OPT16/1855
 OPT17/185E      OPT18/1869      END:/1875       END:0/1881      END:01/188B     END:00/1897
 ENDALL/18B7     END:1/18BA      SACHECK/18C9    SACHECK1/18E6   SACHECK2/18F2   SACHECKRTS/18F7
 SABOMB/18F8     SADDR/18FC      SADDRFLG/18FE   SUMM/18FF       NAT/1925        SUMM0/192E
 SUMM1/193E      SUMMONE/1943    CERRN/1948      CERR/194A       ATLEAST/195D    ONEERR/1967
 PRTLNS/197C     PRTLNS0/1991    PRTLNS2/19A2    PRTLNS1/19B3    PRTLNS%/19B9    NERRLN/19BA
 NERR/19BD       NERR0/19E8      NERR1/19F0      ERRHDR/19FA     ZAPCHN/1A08     ZAPCHN0/1A0D
 ZAPCHN1/1A0F    ZAPCHN2/1A1F   *EDONE/1A26      ERFIN/1A26      PINIT/1A27      PIN1/1A2A       PIN2/1A42
 P1INIT/1A57     P1I1/1A5A       P1I2/1A65       P1I5/1A7A       P1I6/1AB1       P1I7/1AB6
 PZ1I:/1ABC      P2INIT/1ACC     PZ1E:/1ACC      MCSYMINT/1ADD   SYMZIP/1AED     EVAF/1AF3
 EVAFX/1AF5      EVAF9/1AFE      EVAF1/1B08      EVAF3/1B21      EVRTS/1B23      EVAL/1B24
 EVAFCT/1B33     EVALCT/1B3A     ISCTR/1B3C      EXP/1B4E        EXP:R/1B53      EXST1/1B56
 EXPSE/1B68      EXST2SY/1B75    EXST2/1B80      EXST21/1B84    *EXST7/1B92      EXST31/1B97
 EXST3/1B99     *ES3SO/1BA8      ES3SO1/1BAA     EXST5/1BAD      GNOB:SJ/1BB8    EXST4/1BBE
*EXPSE1/1BCB     EXPC/1BD1       EXST8/1BD7      ES3XO/1BDA      XADD/1C2E       OPFNSH/1C34
*OPFN1/1C38      OPFN2/1C3A      XSUB/1C3E       XSHF/1C46       XSHF0/1C48      XSHFR/1C4C
 XSHF1/1C58      XSHF2/1C5E      XIOR/1C6A       XAND/1C72       XEOR/1C7A       GTA/1C82        XNE/1C8A
 XRT/1C8E        XEQ/1C91        XGT/1C97        XLT/1C9D        XGE/1CA3        XLE/1CA9
 OPFNSH1/1CAD    XLO/1CAF        XHI/1CB5        XLS/1CBB        XHS/1CC1        CPRAB/1CC7
 CPRAB1/1CDD     XNEG/1CE2       XNEG1/1CE4      OPFN3/1CE9      XPOS/1CF0       XCOM/1CF7       XNOT/1CFC
 XBOX1/1D07      XBOX/1D0A       XMUL/1D18       XMUL1/1D1C      XMUL2/1D20      XDIV/1D23       XCQU/1D27
 XMOD/1D37       GMDARG/1D3F     DODIV/1D43      DODIV1/1D44     DIVIDE/1D52     DIV1/1D5D       DIVL/1D68
 DIV2/1D84       DIV3/1D85       MULTPLY/1D89    MULLP/1D96      MUL1/1DA2       MULV1/1DAF
 GTCHT/1DB0      GTCH1L/1DC9     GTCH1/1DCB      GTCH2/1DCE      CHTBL/1DD1      TBJMP/1DEF
 CKEOF/1E06      RTEOF/1E14      ECKEOF/1E15     GTCMA/1E1C      GTCRET/1E2B     GNOBJ/1E2C
 GNOBC/1E34      GNOBX/1E38      GNOB1/1E3C      GNTBL/1E44      GHEX/1E58       GHXE/1E59       GHX0/1E69




ASM/6800 1.3H4: 329B ASM/6800 1.4       - - - S Y M B O L    T A B L E    D U M P - - -
08/16/82 00:00:00; Page 376; Form 1     Symbols Sorted by Value
ASM14A.CTRL.ASM
 GHXL/1E6D       GHX1/1E78       GHX2/1E80       GOTNUM/1E84     GOTOBJ/1E86     GHXI/1E8D
 GHXI1/1E99      GHXI2/1E9D      GTXD/1EA2       GTXD2/1EBC      GTXD1/1EBE      GNUM/1EC3
 GNUML/1ECE      GNUMYCH/1EF6    GNUMY1/1EFD     GNUMY11/1F14    GNUMY2/1F1D     GNUMQ/1F2F
 GSYMT/1F38      GSYM0/1F3F      GSYM/1F42       GSYML/1F4F      GSYML1/1F56     GSYM1/1F61
 GSYMD/1F6C      GOTOBJ1/1F71    GCH/1F74        GCH1/1F85       GCHD/1F8D       GOTOBJ2/1F93
 GETXC/1F95      REJCH/1F9E      REJXC/1F9E      RJXCH/1F9E      GETLP/1FA4      GETRP/1FA8
 GBLK/1FAC       GTRM/1FBA       GEOL/1FBF       GUNK/1FC6       GILGL/1FD5      GOPTR/1FDA
 GOPTR1/1FDE     GOPTR2/1FE2     FINDAXL/1FF6    FINDAX/1FF8     DT:CA/2000      FINDAXX/2000
 LDAXB/2001      LDAXB$1/2017    GOPTB/201C      G2OTB/2033      CHCFSYM/2057    CHCFRTS/2065
 CHSYMD/2066    *CHSYMD1/2066    FINDAF/206C     FINDAFE/2073    FINDAFL/2076    FINDAF1/2079
 HASH/2088       HASH:PTR/208B   HASHL/208E      GTBLK/20A6      GTBLK1/20BB     FSYM/20C3
 FSYME/20C7      FSYM1/20C9      FSYM2/20CB      FSYM3/20DE      FSYM4/20E0      FSYMX/20F5
 ENTSYM/20F8     NULLSYM/211A    ENTSYM1/211F    ENTSYML/2125    ENTSYM2/2146    SYMLK/2149
 SYMLK1/2159     SYMLK2A/216C    SYMLK3/2173     ENTIT/2174     *SYMSET/2177    *SYMEQU/217B
 SYMEQU1/217C    SYMDEF/2180     OLDSYM/218E     SYMDEF0/219E    SYMDEF1/21B7    SYMDEF3/21CA
 SYMDEF2/21D0    SYMDDEF/21D8    LFPC/21DB       LFEQU/21E2      LFSET/21E5      LFSET1/21E7
*LFEQ0/21E9      LFEQL/21F3     *LFEQE/21FD      LFEQ1/2200      LFEQ2/2205      LST:/220A       LIST/220D
*LIST05/221F     LIST10/2224     LIST11/222C     LIST1/2232      LIST2/2256      LIST21/225D
 LISTR/2267      LSTSUP/226D     LISTE/2276      LIST30/2279     LIST30$/227C    LIST31/229B
 SVERL/22A7      SVERL0/22B7     SVERLR/22CD     SVERL1/22CE     EMSG/22F6       STARS/24A0
 LSTCP/24A6      LSTC/24AB      *LSTC3/24B2      LSTC5/24C8      CRLF/24CA       TOLO/24CC       TOL3/24DC
 TOL31/24E9      PUTLO/24F0      TOL4/24F0       NOPUT/2503      TOLR/250A       TOL1/250B       TOL2/2517
 LSTC2/2518      LSTC2L/2529     LSTC21/2530     TABTB:/253A     SETDATIM/2545   MOVEL/255B
 MOVEIN/255D     PHL/256F        PUTTAB/2578     PHL.LSTC/257A   ASMBF/257D      ASMBF1/257E
 ASMPATCH/258E   PNUM/2593       FSMI/259B       HDRTABS/25A3    PUTHDR/25A6     PUTHDR1/25B3
 PUTHDR2/25D0    PUTHDR5/25D3    PUTHDR3/25DB    PUTHDR4/262B    PTTL/2650      *PTTL0/2650
 PTTL1/2655      PTNL/2668       PTNLB/266D      PTNLE/2671     *PTNL1/2676      PTNL2/2687
 PTNL21/2698     PTNL3/269D     *COLRTN/26A4     PUTB/26A5       PUTB1/26AD      PUTB01/26B7
 PUTB2/26CC      PUTB3/26CF      PUTB4/26D4      CLRLST/26D9     ATX2/26DE       ATX/26E7
 PUTPC/26F2      MRKSKP/2709     PUTV/2717       PUTV1/2722      STUFFB/272E     STFFBL/2733
 STFFBR/2745     PNCHB/2749      PNCH1/2752     *PNCHR/275F      PNCHIT/2760     PNCSET/2775
 PNCSPC/2776     PNCEOF/278A     PNCEOF1/279A    PNCER/27C2      OUTPUTSDOSRECORD/27C3
 OUTSDOS$1/27DC  OUTSDOS$2/27E4  OUTSDOS%/280D   CHECKSDOSALIGN/280E             CKSDOSALIGN:NO/2847
 CKSDOSALIGN:YES/2849            CKNEWRECORD/284C                CKNEWREC:POOF/286D
 CKNEWREC%/2871  PUTRECORDHDR/2872               ALIGNSDOSRECORD/2888            ALIGNSDOS$1/28A6
 ALIGNSDOS%/28FB                 UPDATEFILEBASE/28FC             UPDATEFILEBASE%/2912
 FINISHCURREC/2913               FINISHCURREC1/292A              FINISHCURREC2/293A
 FINISHCURREC%/2952              FILEPOSITION/2953               SUBFILEBASE/2974
 SECTORNUM/298C  SECTORREM/2993  DP$ADD/299A     DP$CC/299E      DP$CC1/29A7     DP$CC%/29A9
 DP$SUB/29AA     DP$CMP/29B0     DP$MAX/29B7     DP$MAX%/29BF    GETNEWRECEND/29C0




ASM/6800 1.3H4: 329B ASM/6800 1.4       - - - S Y M B O L    T A B L E    D U M P - - -
08/16/82 00:00:00; Page 377; Form 1     Symbols Sorted by Value
ASM14A.CTRL.ASM
 GETCURRECEND/29C5               GETRECEND/29C8  GETNEWRECBASE/29D1              GETCURRECBASE/29D8
 GETCS/29DF      GETCS1/29E3     GETNLF/2A01     REWSI/2A05      REWANY/2A07     ZEROES/2A0D
 PUTCC/2A11      PUTC3/2A22      PUTC/2A26      *WRTOUT/2A29     GETC/2A30       GETC2/2A33
 IORET/2A3B      PUTT/2A3F       PUTT1/2A46      GETL/2A4F       NCHR/2A50       GETOPT/2A5F
 ASMPAT/2A91     RSI/2A9E        RLO/2ACB        WANTLO/2AEB     RBO/2AF4        WANTBO/2B13
 OPTEND/2B33     GETNAME/2B39    OPTOR/2B43      OPTAND/2B47     OPTAND1/2B49    OPT1OR/2B4C
 OPT1AND/2B50    OPT1AND1/2B52   EXIT/2B55       NCLBO/2B65      NCLLO/2B70      AXEIT/2B7F
 IOERROR/2B82    INLINE/2B90     OUTLINE/2BC9    P2INPUT/2BCA    P2INDONE/2BDB   STDLINE/2BE1
*STDLINE1/2BE5   READL1/2BF1     READL3/2BF4     READ98/2BFD     READ99/2C06     MOVEB0/2C0D
 MOVEB/2C10      MOVEB1/2C12     DUMPTBL/2C1F    DUMPTBL0/2C39   DUMPTBL2/2C3C   DUMPEX/2C42
 DUMPTBL1/2C43   DUMPTBL3/2C4B   NOSYM/2C54      ONESYM/2C57     WEREDEF/2C63    SYMTABS/2C6D
 DUMPHDR/2C75    DNHDR/2C88      DVHDR/2C8D      DUMPTRLR/2C93   DUMPNAME/2C96   DUMPVAL/2CA0
 DUMP1/2CA8      DUMP2/2CDA      DUMPX/2CEC      SORT/2CEF       SORT0/2CFE      SORT1/2D03
 SORT2/2D09      SORT3/2D22      SORT4/2D27      TBLSORT/2D4B    TBLSORTL/2D4E   SORTRTS/2D65
 SORTCHAIN/2D66  SORTCHAIN0/2D6C                 SORTCHAIN1/2D7E                 SPTST/2D9C
 SEV/2DA6        SPOK/2DA7       NNEW/2DA8       CLV/2DAA        SORTVAL/2DAC    SORTNAME/2DC0
 SORTNAM1/2DD2   SORTNAM2/2DE4   REHASH/2DF0     REHASH0/2DF5    REHASH1/2DFD    REHASH2/2E01
 DUMPRINT/2E10   DMPTCR/2E2A     DMPT1/2E2C      DMPT2/2E3A      DMPT3/2E40      DUMPRINT1/2E46
 DPUTLO/2E54     DUMPRINT2/2E57  UNDFTXT/2E69    DUMPRINT3/2E6E  OUTX2/2E78      SYM6800/2E80
 SYM6801/2E8B    SYM6809/2E96   *PATCH/2EA1      DATBEG/2F21     DATIME/2F21     NULLTMP/2F35
 TBTB/2F3A       NAMEBF/2F45     TTLBUF/2F63     SBTTBF/2FCC     BBST/3035       BBEND/3077
 FPBUFFER/3078   SECTORMASK/307C                 NOTSECTORMASK/307E              NEWREC/3080
 CURREC/3084     HSHTBL/308D     HSHEND/318D     LBBEG:/318D     EOLBF:/3199     IBUFI/319C
 INBUFE:/329B    ASMEND/329D     DATEND/329D     VERS/37EC       DT:SS/4000      DT:SI/8000

1294 Symbols.


 *** No Assembly Errors.
