



ASM/6800 1.4A0: 0000 METAM14C.ASM       
08/16/82 00:00:00; Page 1; Form 1       *** SDOS 1.1 DEFINITIONS ***
SDOSUSERDEFS.ASM
                  0:         INCLUDE SDOSUSERDEFS.ASM




ASM/6800 1.4A0: 0000 METAM14C.ASM       
08/16/82 00:00:00; Page 2; Form 1       *** SDOS 1.1 DEFINITIONS ***
SDOSUSERDEFS.ASM
                  2: *       SDOS 1.1 DEFINITIONS FILE (AS OF 8/16/82)
                  3: *
  0011            4: SDOSVERSION     EQU     $11     1.1 IN HEX
                  5: *
                  6: *
                  7: *       The Definitions are broken into 3 parts:
                  8: *               A) THOSE NEEDED TO ASSEMBLE SDOS PROPER OR SYSTEM PROGRAMS
                  9: *               B) THOSE NEEDED TO BUILD AN I/O PACKAGE (A SUBSET OF "A")
                 10: *               C) THOSE NEEDED BY EVERYDAY USER PROGRAMS (A SUBSET OF "B")
                 11: *
  00FB           12: SYSCALL$        EQU     $FB     JMP TO SDOS; RESERVED SYSCALL ENTRY POINT
                 13: *       CONTENTS OF ($FC,$FD) POINTS TO END OF USER RAM
                 14: *       CONTENTS OF ($FE,$FF) ARE SACRED; THEY BELONG TO THE ROM




ASM/6800 1.4A0: 0000 METAM14C.ASM       
08/16/82 00:00:00; Page 3; Form 1       *** SDOS 1.1 DEFINITIONS ***
SDOSUSERDEFS.ASM
                 16: *       SYSCALL$ OPCODE DEFINITIONS
                 17: *
  0000           18:         ORG     0
0000 0001        19: SYSCALL:OPEN    RMB     1       OPEN FILE
0001 0001        20: SYSCALL:CREATE  RMB     1       CREATE A NEW FILE
0002 0001        21: SYSCALL:CLOSE   RMB     1       CLOSE A FILE
0003 0001        22: SYSCALL:RENAME  RMB     1       RENAME A FILE
0004 0001        23: SYSCALL:DELETE  RMB     1       DELETE A FILE
0005 0001        24: SYSCALL:LOAD    RMB     1       LOAD AN OVERLAY
0006 0001        25: SYSCALL:CHAIN   RMB     1       CHAIN TO A FILE
0007 0001        26: SYSCALL:CREATELOG       RMB     1       CREATE THE LOG FILE
0008 0001        27: SYSCALL:CLOSELOG        RMB     1       CLOSE THE LOG FILE
0009 0001        28: SYSCALL:DISKDEFAULT     RMB     1       SELECT DEFAULT DISK DEVICE
000A 0001        29: SYSCALL:READA   RMB     1       READ ASCII BYTES FROM A FILE
000B 0001        30: SYSCALL:READB   RMB     1       READ BINARY BYTES FROM A FILE
000C 0001        31: SYSCALL:WRITEA  RMB     1       WRITE ASCII BYTES TO A FILE
000D 0001        32: SYSCALL:WRITEB  RMB     1       WRITE BINARY BYTES TO A FILE
000E 0001        33: SYSCALL:CONTROL RMB     1       PERFORM A CONTROL OPERATION ON A FILE/DEVICE
000F 0001        34: SYSCALL:STATUS  RMB     1       READ FILE/DEVICE STATUS
0010 0001        35: SYSCALL:WAITDONE        RMB     1       WAIT FOR I/O ON CHANNEL TO COMPLETE
0011 0001        36: SYSCALL:EXIT    RMB     1       GIVE CONTROL BACK TO THE OPERATING SYSTEM
0012 0001        37: SYSCALL:ERROREXIT       RMB     1       EXIT TO SYSTEM WITH ERROR CODE
0013 0001        38: SYSCALL:SETERROR        RMB     1       REPORT AN ERROR TO THE SYSTEM
0014 0001        39: SYSCALL:GETERROR        RMB     1       READ BACK THE LAST ERROR CODE
0015 0001        40: SYSCALL:DISPERROR       RMB     1       DISPLAY ERROR MESSAGE CORRESPONDING TO LAST ER
0016 0001        41: SYSCALL:KILLPROOF       RMB     1       PREVENT USER PROGRAM FROM BEING KILLED
0017 0001        42: SYSCALL:KILLENABLE      RMB     1       ALLOW USER PROGRAM TO BE KILLED
0018 0001        43: SYSCALL:DEBUG   RMB     1       CALL SYSTEM DEBUGGER
0019 0001        44: SYSCALL:ATTNCHECK       RMB     1       OPERATOR ATTENTION REQUEST CHECK
001A 0001        45: SYSCALL:ISCONSOLE       RMB     1       CHECK FOR CHANNEL 0 INPUT DEVICE = CONSOLE:
001B 0001        46: SYSCALL:INTERLOCK       RMB     1       PERFORM INTERLOCK FUNCTIONS ON OBJECTS
001C 0001        47: SYSCALL:DELAY   RMB     1       DELAY FOR n 1/60ths OF A SECOND
001D 0001        48: SYSCALL:READLUN RMB     1       CONVERT LOGICAL UNIT NUMBER TO DEVICE NAME
001E 0001        49: SYSCALL:GETSERIALNUMBER RMB     1       GET PROCESSOR SERIAL NUMBER
001F 0001        50: SYSCALL:JOBCONTROL      RMB     1       CREATE/TEST/DESTROY OTHER JOBS




ASM/6800 1.4A0: 001F METAM14C.ASM       
08/16/82 00:00:00; Page 4; Form 1       *** SDOS 1.1 DEFINITIONS ***
SDOSUSERDEFS.ASM
                 52: *
                 53: *       SYSCALL BLOCK DISPLACEMENTS
                 54: *
  0000           55:         ORG     0
0000 0001        56: SCBLK:OPCODE    RMB     1       PRIMARY SYSCALL FUNCTION (OPEN, READ, ETC.)
0001 0001        57: SCBLK:WLEN      RMB     1       WAIT FLAG BIT (0=WAIT) AND SYSCALL BLOCK LENGTH (0..12
0002 0002        58: SCBLK:PARAMS    RMB     2       PARAMETER BYTES TO OPCODE (SECONDARY OPCODE, CHANNEL #
0004 0002        59: SCBLK:WRBUF     RMB     2       POINTER TO WRITE DATA BUFFER
0006 0002        60: SCBLK:WRLEN     RMB     2       NUMBER OF BYTES IN WRITE DATA BUFFER
0008 0002        61: SCBLK:RPLEN     RMB     2       LENGTH OF REPLY (RESULT OF SYSCALL)
000A 0002        62: SCBLK:RDBUF     RMB     2       POINTER TO READ DATA BUFFER (WHERE RESULT GOES)
000C 0002        63: SCBLK:RDLEN     RMB     2       CEILING ON SIZE OF REPLY (READ DATA BUFFER)
000E 0000        64: SCBLK:DATA      RMB     0       OTHER PARAMETERS FOR SYSCALL; UP TO 127-12 BYTES
000E 0000        65: SCBLK:END       RMB     0       END OF SYSCALL BLOCK; ASSERT SCBLK:WLEN[1..7]=SCBLK:EN
                 66: *
                 67: *       SYSCALL PARAMETER LIST DEFINITIONS
                 68: *
  0002           69: OPEN:CHANNEL    EQU     SCBLK:PARAMS    CHANNEL NUMBER
  0006           70: OPEN:LENGTH     EQU     SCBLK:WRLEN     FILE NAME LENGTH
  0004           71: OPEN:NAMEP      EQU     SCBLK:WRBUF     POINTER TO FILE NAME
  000E           72: OPEN:SCLEN      EQU     SCBLK:DATA      OPEN SYSCALL BLOCK LENGTH
                 73: *
  0002           74: CREATE:CHANNEL  EQU     SCBLK:PARAMS    CHANNEL NUMBER
  0006           75: CREATE:LENGTH   EQU     SCBLK:WRLEN     FILE NAME LENGTH
  0004           76: CREATE:NAMEP    EQU     SCBLK:WRBUF     POINTER TO FILE NAME
  000E           77: CREATE:SCLEN    EQU     SCBLK:DATA      CREATE SYSCALL BLOCK LENGTH
  000E           78: CREATE:FILESIZE EQU     SCBLK:DATA      4 BYTE FILE SIZE INITIAL ALLOCATION
  0012           79: CREATE:FILESIZESCLEN    EQU     CREATE:FILESIZE+4       END OF CREATE BLOCK WITH FILE 
                 80: *
  0002           81: CLOSE:CHANNEL   EQU     SCBLK:PARAMS    CHANNEL NUMBER
  0003           82: CLOSE:SCLEN     EQU     SCBLK:PARAMS+1  CLOSE SYSCALL BLOCK LENGTH
                 83: *
  0002           84: RENAME:CHANNEL  EQU     SCBLK:PARAMS    CHANNEL NUMBER
  0006           85: RENAME:LENGTH   EQU     SCBLK:WRLEN     NEW FILE NAME LENGTH
  0004           86: RENAME:NAMEP    EQU     SCBLK:WRBUF     POINTER TO NEW FILE NAME
  000E           87: RENAME:SCLEN    EQU     SCBLK:DATA      RENAME SYSCALL BLOCK LENGTH
                 88: *
  0006           89: DELETE:LENGTH   EQU     SCBLK:WRLEN     FILE NAME LENGTH
  0004           90: DELETE:NAMEP    EQU     SCBLK:WRBUF     POINTER TO NAME
  000E           91: DELETE:SCLEN    EQU     SCBLK:DATA      DELETE SYSCALL BLOCK LENGTH




ASM/6800 1.4A0: 000E METAM14C.ASM       
08/16/82 00:00:00; Page 5; Form 1       *** SDOS 1.1 DEFINITIONS ***
SDOSUSERDEFS.ASM
                 92: *
  0006           93: LOAD:LENGTH     EQU     SCBLK:WRLEN     LENGTH OF FILE NAME
  0004           94: LOAD:NAMEP      EQU     SCBLK:WRBUF     POINTER TO FILE NAME
  000E           95: LOAD:SCLEN      EQU     SCBLK:DATA      LOAD SYSCALL BLOCK LENGTH
                 96: *
  0006           97: CHAIN:LENGTH    EQU     SCBLK:WRLEN     LENGTH OF FILE NAME
  0004           98: CHAIN:NAMEP     EQU     SCBLK:WRBUF     POINTER TO FILE NAME
  000E           99: CHAIN:SCLEN     EQU     SCBLK:DATA      CHAIN SYSCALL BLOCK LENGTH
                100: *
  0006          101: CREATELOG:LENGTH        EQU     SCBLK:WRLEN     LENGTH OF FILE NAME
  0004          102: CREATELOG:NAMEP EQU     SCBLK:WRBUF     POINTER TO FILE NAME
  000E          103: CREATELOG:SCLEN EQU     SCBLK:DATA      CREATELOG SYSCALL BLOCK LENGTH
                104: *
  0002          105: CLOSELOG:SCLEN  EQU     SCBLK:PARAMS    CLOSELOG SYSCALL BLOCK LENGTH
                106: *
  0006          107: DISKDEFAULT:LENGTH      EQU     SCBLK:WRLEN     FILE NAME LENGTH
  0004          108: DISKDEFAULT:NAMEP       EQU     SCBLK:WRBUF     POINTER TO FILE NAME
  000E          109: DISKDEFAULT:SCLEN       EQU     SCBLK:DATA      DISKDEFAULT SYSCALL BLOCK LENGTH
                110: *
  0002          111: READA:CHANNEL   EQU     SCBLK:PARAMS    CHANNEL NUMBER
  0003          112: READA:LMFLAG    EQU     SCBLK:PARAMS+1  LINE MODE FLAG BYTE
  000A          113: READA:BUFFERP   EQU     SCBLK:RDBUF     BUFFER POINTER
  000C          114: READA:MAXCOUNT  EQU     SCBLK:RDLEN     BYTE COUNT
  0008          115: READA:ACTUALCOUNT       EQU     SCBLK:RPLEN     ACTUAL NUMBER OF BYTES TRANSFERRED
  000E          116: READA:SCLEN     EQU     SCBLK:DATA      READA SYSCALL BLOCK LENGTH
  000E          117: RW:POSITION     EQU     SCBLK:DATA      READ/WRITE IMPLICIT FILE POSITION
  0012          118: RWPOSITION:SCLEN        EQU     RW:POSITION+4   END OF R/W SYSCALL WITH IMPLICIT FILE 
                119: *
  0002          120: READB:CHANNEL   EQU     SCBLK:PARAMS    CHANNEL NUMBER
  000A          121: READB:BUFFERP   EQU     SCBLK:RDBUF     BUFFER POINTER
  000C          122: READB:MAXCOUNT  EQU     SCBLK:RDLEN     BYTE COUNT
  0008          123: READB:ACTUALCOUNT       EQU     SCBLK:RPLEN     ACTUAL NUMBER OF BYTES TRANSFERRED
  000E          124: READB:SCLEN     EQU     SCBLK:DATA      READB SYSCALL BLOCK LENGTH
                125: *
  0002          126: WRITEA:CHANNEL  EQU     SCBLK:PARAMS    CHANNEL NUMBER
  0004          127: WRITEA:BUFFERP  EQU     SCBLK:WRBUF     BUFFER POINTER
  0006          128: WRITEA:COUNT    EQU     SCBLK:WRLEN     BYTE COUNT
  0008          129: WRITEA:SCLEN    EQU     SCBLK:RPLEN     WRITEA SYSCALL BLOCK LENGTH
                130: *
  0002          131: WRITEB:CHANNEL  EQU     SCBLK:PARAMS    CHANNEL NUMBER




ASM/6800 1.4A0: 000E METAM14C.ASM       
08/16/82 00:00:00; Page 6; Form 1       *** SDOS 1.1 DEFINITIONS ***
SDOSUSERDEFS.ASM
  0004          132: WRITEB:BUFFERP  EQU     SCBLK:WRBUF     BUFFER POINTER
  0006          133: WRITEB:COUNT    EQU     SCBLK:WRLEN     BYTE COUNTER
  0008          134: WRITEB:SCLEN    EQU     SCBLK:RPLEN     WRITEB SYSCALL BLOCK LENGTH
                135: *
  0002          136: CONTROL:CHANNEL EQU     SCBLK:PARAMS    CHANNEL NUMBER
  0003          137: CONTROL:CODE    EQU     SCBLK:PARAMS+1  CONTROL CODE
  0004          138: CONTROL:SCLEN   EQU     SCBLK:WRBUF     CONTROL SYSCALL BLOCK MINIMUM LENGTH
  0000          139: CONTROL:DATA    EQU     0       DISPLACEMENT INTO WRITE BUFFER FOR CONTROL DATA
                140: *
  0002          141: STATUS:CHANNEL  EQU     SCBLK:PARAMS    CHANNEL NUMBER
  0003          142: STATUS:CODE     EQU     SCBLK:PARAMS+1  STATUS SELECTOR CODE
  000A          143: STATUS:BUFFERP  EQU     SCBLK:RDBUF     POINTER TO STATUS TARGET BUFFER
  000C          144: STATUS:MAXCOUNT EQU     SCBLK:RDLEN     SIZE OF STATUS READ-BACK BUFFER
  0008          145: STATUS:ACTUALCOUNT      EQU     SCBLK:RPLEN     ACTUAL # STATUS BYTES READ
  000E          146: STATUS:SCLEN    EQU     SCBLK:DATA      STATUS SYSCALL BLOCK MINIMUM LENGTH
  0000          147: STATUS:DATA     EQU     0       DISPLACEMENT INTO READ BUFFER FOR READ-BACK STATUS
                148: *
  0002          149: WAITDONE:CHANNEL        EQU     SCBLK:PARAMS    CHANNEL NUMBER
  0003          150: WAITDONE:SCLEN  EQU     SCBLK:PARAMS+1  WAITDONE SYSCALL BLOCK LENGTH
                151: *
  0002          152: EXIT:SCLEN      EQU     SCBLK:PARAMS    EXIT SYSCALL BLOCK LENGTH
                153: *
  0002          154: ERROREXIT:CODE  EQU     SCBLK:PARAMS    ERROR CODE NUMBER
  0004          155: ERROREXIT:SCLEN EQU     SCBLK:WRBUF     ERROREXIT SYSCALL BLOCK LENGTH
                156: *
  0002          157: SETERROR:CODE   EQU     SCBLK:PARAMS    ERROR CODE NUMBER
  0004          158: SETERROR:SCLEN  EQU     SCBLK:WRBUF     SETERROR SYSCALL BLOCK LENGTH
                159: *
  000A          160: GETERROR:BUFFERP        EQU     SCBLK:RDBUF     POINTER TO ERROR READ-BACK AREA
  000C          161: GETERROR:MAXCOUNT       EQU     SCBLK:RDLEN     SHOULD BE 2
  0008          162: GETERROR:ACTUALCOUNT    EQU     SCBLK:RPLEN     SHOULD BE RETURNED AS 2
  000E          163: GETERROR:SCLEN  EQU     SCBLK:DATA      GETERROR SYSCALL BLOCK LENGTH
                164: *
  0002          165: DISPERROR:SCLEN EQU     SCBLK:PARAMS    DISPERROR SYSCALL BLOCK LENGTH
                166: *
  0002          167: KILLPROOF:SCLEN EQU     SCBLK:PARAMS    KILLPROOF SYSCALL BLOCK LENGTH
                168: *
  0002          169: KILLENABLE:SCLEN        EQU     SCBLK:PARAMS    KILLENABLE SYSCALL BLOCK LENGTH
                170: *
  0002          171: DEBUG:SCLEN     EQU     SCBLK:PARAMS    DEBUG SYSCALL BLOCK LENGTH




ASM/6800 1.4A0: 000E METAM14C.ASM       
08/16/82 00:00:00; Page 7; Form 1       *** SDOS 1.1 DEFINITIONS ***
SDOSUSERDEFS.ASM
                172: *
  0002          173: ATTNCHECK:SCLEN EQU     SCBLK:PARAMS    ATTNCHECK SYSCALL BLOCK LENGTH
                174: *
  0002          175: ISCONSOLE:SCLEN EQU     SCBLK:PARAMS    ISCONSOLE SYSCALL BLOCK LENGTH
                176: *
  0002          177: INTERLOCK:FUNCTION      EQU     SCBLK:PARAMS    INTERLOCK FUNCTION
  0004          178: INTERLOCK:BUFFERP       EQU     SCBLK:WRBUF     POINTER TO OBJECT
  0006          179: INTERLOCK:COUNT EQU     SCBLK:WRLEN     LENGTH OF OBJECT
  0008          180: INTERLOCK:SCLEN EQU     SCBLK:RPLEN     INTERLOCK SYSCALL BLOCK LENGTH
                181: *
  0002          182: DELAY:PERIOD    EQU     SCBLK:PARAMS    DELAY PERIOD
  0004          183: DELAY:SCLEN     EQU     SCBLK:WRBUF     DELAY SYSCALL BLOCK LENGTH
                184: *
                185: *READLUNNAME:LUN        EQU     SCBLK:PARAMS    LOGICAL UNIT NUMBER
                186: *READLUNNAME:BUFFERP    EQU     SCBLK:RDBUF     WHERE TO READ NAME BACK
                187: *READLUNNAME:MAXCOUNT   EQU     SCBLK:RDLEN     MAXIMUM LENGTH OF REPLY
                188: *READLUNNAME:ACTUALCOUNT        EQU     SCBLK:RPLEN     ACTUAL NAME LENGTH
  000E          189: READLUNNAME:SCLEN       EQU     SCBLK:DATA      READLUN SYSCALL BLOCK LENGTH
                190: *
  000A          191: GETSERIALNUMBER:BUFFERP EQU     SCBLK:RDBUF     POINTER TO SERIAL NUMBER REPLY BUFFER
  000C          192: GETSERIALNUMBER:MAXCOUNT        EQU     SCBLK:RDLEN     SIZE OF BUFFER
  0008          193: GETSERIALNUMBER:ACTUALCOUNT     EQU     SCBLK:RPLEN     SIZE OF REPLY
  000E          194: GETSERIALNUMBER:SCLEN   EQU     SCBLK:DATA      MINIMUM SIZE OF BLOCK
                195: *
  0002          196: JOBCONTROL:FUNCTION     EQU     SCBLK:PARAMS    JOB CONTROL FUNCTION
  0004          197: JOBCONTROL:BUFFERP      EQU     SCBLK:WRBUF     POINTER TO JOB CAPABILITY
  0006          198: JOBCONTROL:COUNT        EQU     SCBLK:WRLEN     SIZE OF CAPABILITY
  000C          199: JOBCONTROL:MAXCOUNT     EQU     SCBLK:RDLEN     MAXIMUM LENGTH OF REPLY
  0008          200: JOBCONTROL:ACTUALCOUNT  EQU     SCBLK:RPLEN     ACTUAL SIZE OF CAPABILITY
  0008          201: JOBCONTROL:SCLEN        EQU     SCBLK:WRLEN+2   JOBCONTROL SYSCALL MINIMUM BLOCK LENGT




ASM/6800 1.4A0: 000E METAM14C.ASM       
08/16/82 00:00:00; Page 8; Form 1       *** SDOS 1.1 DEFINITIONS ***
SDOSUSERDEFS.ASM
  0003          203: LSN:SIZE        EQU     3       # BYTES OCCUPIED BY AN LSN
  0002          204: LCN:SIZE        EQU     2       # BYTES OCCUPIED BY AN LCN
                205: *
                206: *       STANDARD STATUS SYSCALL SUB-CODES
                207: *
  0000          208:         ORG     0
0000 0001       209: SC:GETPOS       RMB     1       GET BYTE POSITION
0001 0001       210: SC:GETCOL       RMB     1       GET COLUMN COUNT
0002 0001       211: SC:GETEOF       RMB     1       GET EOF FLAG
0003 0001       212: SC:GETFILESIZE  RMB     1       GET FILE SIZE
0004 0001       213: SC:GETTYPE      RMB     1       GET DEVICE TYPE AND CHARACTERISTICS
0005 0001       214: SC:GETPARAMS    RMB     1       GET DEVICE SPECIFIC PARAMETERS
                215: 
  0010          216: SC:DEVICESPECIFICOP     EQU     $10     BASE FOR DEVICE SPECIFIC STATUS CODES
                217: *
                218: *       STANDARD CONTROL SYSCALL SUB-CODES
                219: *
  0000          220:         ORG     0
0000 0001       221: CC:POSITION     RMB     1       POSITION TO THIS PLACE IN THE FILE
0001 0001       222: CC:DUMPBUFFERS  RMB     1       DUMP BUFFERS TO THE DEVICE (MAINLY FOR DISK)
                223: 
  0010          224: CC:DEVICESPECIFICOP     EQU     $10     BASE FOR DEVICE-SPECIFIC CONTROL CODES
                225: *
                226: *       STANDARD INTERLOCK SYSCALL SUB-CODES
                227: *
  0000          228:         ORG     0
0000 0001       229: IC:CREATE       RMB     1       CREATE AN OBJECT IDENTIFIER
0001 0001       230: IC:DESTROY      RMB     1       DESTROY AN OBJECT IDENTIFIER
0002 0001       231: IC:RESET        RMB     1       RESET OBJECT REFERENCE LIST
0003 0001       232: IC:LOCK RMB     1       LOCK AN OBJECT OR BLOCK UNTIL AVAILABLE
0004 0001       233: IC:RELEASE      RMB     1       RELEASE A LOCKED OBJECT
0005 0001       234: IC:TEST RMB     1       LOCK AN OBJECT OR ERROR IF UNAVAILABLE




ASM/6800 1.4A0: 0005 METAM14C.ASM       
08/16/82 00:00:00; Page 9; Form 1       *** SDOS 1.1 DEFINITIONS ***
SDOSUSERDEFS.ASM
                236: *       VIRTUAL TERMINAL SPECIFIC STATUS REQUESTS
                237: *
                238: *
  0010          239:         ORG     SC:DEVICESPECIFICOP
0010 0001       240: SC:GETPROFILE   RMB     1       GET CURRENT DEVICE PROFILE NAME
0011 0001       241: SC:GETACTCOL    RMB     1       GET ACTIVATION COLUMN
0012 0001       242: SC:GETPROFILEALTERATION RMB 1   GET PROFILE ALTERATION INFORMATION
0013 0001       243: SC:GETOUTPUTTIMEOUT RMB  1      GET OUTPUT TIMEOUT
0014 0001       244: SC:GETBAUDRATE  RMB     1       GET CURRENT BAUD RATE
0015 0001       245:                 RMB     1       (RESERVED)
0016 0001       246: SC:GETTABS      RMB     1       GET CURRENT TAB SETTINGS
0017 0001       247: SC:GETIDLES     RMB     1       GET NUMBER OF IDLES SENT AFTER NEWLINE
0018 0001       248: SC:GETWRAP      RMB     1       GET WRAP/NO WRAP FLAG
0019 0001       249: SC:GETCOLORING  RMB     1       GET CURRENT COLORING INFORMATION
001A 0001       250: SC:GETBACKGROUND RMB    1       GET BACKGROUND COLORING INFORMATION
001B 0001       251: SC:GETPROFILENAME RMB   1       GET NAME OF CURRENT PROFILE
                252: 
  002C          253:         ORG     SC:DEVICESPECIFICOP+$1C (DON'T ASK!!!)
002C 0001       254: SC:GETLINEFLAGS RMB     1       GET LINE FLAGS
                255: *
                256: *       DISK FILE SPECIFIC STATUS REQUESTS
                257: *
  0010          258:         ORG     SC:DEVICESPECIFICOP
0010 0001       259: SC:GETFILEDATE  RMB     1       READ BACK CREATION DATE OF FILE IN CLOCK FORMAT
0011 0001       260: SC:GETFILEPROT  RMB     1       READ BACK FILE PROTECTION BYTE
                261: *
                262: *       DISK DEVICE STATUS REQUESTS
                263: *
  0010          264:         ORG     SC:DEVICESPECIFICOP
0010 0001       265: SC:GETLASTBADLSN        RMB     1       READ BACK LSN THAT CAUSED DRIVER A PROBLEM
0011 0001       266: SC:GETERRORSTATS        RMB     1       GET DEVICE ERROR (HISTORY) STATISTICS
                267: *
                268: *       VIRTUAL TERMINAL SPECIFIC CONTROL OPERATIONS
                269: *
  0010          270:         ORG     CC:DEVICESPECIFICOP
0010 0001       271: CC:ECHO RMB     1       TURN ECHO ON
0011 0001       272: CC:NOECHO       RMB     1       TURN ECHO OFF
0012 0001       273: CC:IDLES        RMB     1       SET TTY IDLES
0013 0001       274: CC:TABS RMB     1       SET TTY TABS
0014 0001       275: CC:SETACTBLOCK  RMB     1       DECLARE ACTIVATION SET




ASM/6800 1.4A0: 0015 METAM14C.ASM       
08/16/82 00:00:00; Page 10; Form 1      *** SDOS 1.1 DEFINITIONS ***
SDOSUSERDEFS.ASM
0015 0001       276: CC:CLRINPUT     RMB     1       CLEAR INPUT BUFFER
0016 0001       277: CC:CLROUTPUT    RMB     1       CLEAR OUTPUT BUFFER
0017 0001       278: CC:SETREADTIMEOUT       RMB     1       SET TIMEOUT PERIOD FOR READA
0018 0001       279: CC:SETPROFILE   RMB     1       DECLARE DEVICE PROFILE
0019 0001       280: CC:ALTERPROFILE RMB     1       ALTER MALLEABLE DEVICE PROFILE
001A 0001       281: CC:WRITEEDITLINE        RMB     1       PUT LINE IN TYPE-AHEAD BUFFER
001B 0001       282: CC:SETFIELDSIZE RMB     1       DECLARE WIDTH OF INPUT FIELD
001C 0001       283: CC:SETPARAMS    RMB     1       DECLARE DEVICE WIDTH AND DEPTH
001D 0001       284: CC:ACTIVATIONCK RMB     1       CHECK FOR READA DATA READY
001E 0001       285: CC:WRAP RMB     1       ALLOW FORE- AND BACK-WRAP
001F 0001       286: CC:NOWRAP       RMB     1       DISALLOW FORE- AND BACK-WRAP
0020 0001       287: CC:COLORING     RMB     1       DECLARE AND SET FOREGROUND COLORING
0021 0001       288: CC:BACKGROUND   RMB     1       DECLARE AND SET BACKGROUND COLORING
0022 0001       289: CC:KILLPROOF    RMB     1       KILLPROOF VT DEVICE
0023 0001       290: CC:KILLENABLE   RMB     1       KILLENABLE VT DEVICE
0024 0001       291: CC:SETOUTPUTTIMEOUT RMB 1       SET OUTPUT TIMEOUT FOR DEVICE
0025 0001       292: CC:SETBAUDRATE  RMB     1       SET BAUD RATE FOR DEVICE
0026 0001       293: CC:SETINPUTTRANSLATION RMB 1    SET INPUT TRANSLATION
                294: *
                295: *       DISK FILE SPECIFIC CONTROL OPERATIONS
                296: *
  0010          297:         ORG     CC:DEVICESPECIFICOP
0010 0001       298: CC:SETFILEDATE  RMB     1       SET CREATION DATE OF FILE (USE CLOCK FORMAT)
0011 0001       299: CC:SETFILEPROT  RMB     1       SET FILE PROTECTION BYTE
0012 0001       300: CC:SETFILESIZE  RMB     1       SET SIZE OF FILE
0013 0001       301: CC:POSITIONTOEND        RMB     1       POSITION TO END OF FILE
                302: *
                303: *       DISK DEVICE SPECIFIC CONTROL OPS
                304: *
  0010          305:         ORG     CC:DEVICESPECIFICOP
0010 0001       306: CC:UNLOCKDISK   RMB     1       UNLOCK THE DISK DEVICE FOR WRITING
0011 0001       307: CC:DISMOUNTDISK RMB     1       DISMOUNT THE DISK
0012 0001       308: CC:SETMAPALGORITHM      RMB     1       SET MAP ALGORITHM NUMBER FOR DRIVE
0013 0001       309: CC:MULTISECTORREAD      RMB     1       READ MULTIPLE SECTORS
0014 0001       310: CC:MULTISECTORWRITE     RMB     1       WRITE MULTIPLE, ACCORDING TO SYSCALL EXTENSION
0015 0001       311: CC:FORMAT       RMB     1       FORMAT DISK
0016 0001       312: CC:WAITDONE     RMB     1       WAIT FOR CONTROLLER OPERATION COMPLETE




ASM/6800 1.4A0: 0016 METAM14C.ASM       
08/16/82 00:00:00; Page 11; Form 1      *** SDOS 1.1 DEFINITIONS ***
SDOSUSERDEFS.ASM
                314: *       RETURNED STATUS DISPLACEMENTS
                315: *
  0000          316:         ORG     0
0000 0004       317: STATUS:DIST     RMB     4       POSITION IN DISK FILE
                318: *
  0000          319:         ORG     0
0000 0001       320: STATUS:COLUMN   RMB     1       COLUMN NUMBER
                321: *
  0000          322:         ORG     0
0000 0001       323: STATUS:EOFFLAG  RMB     1       END OF FILE FLAG
                324: *
  0000          325:         ORG     0
0000 0001       326: STATUS:DEVTYPE  RMB     1       DEVICE TYPE DATA FOR DIRECTORIED DISK
                327: *
  0000          328:         ORG     0
0000 0002       329: STATUS:NBPS     RMB     2       NUMBER OF BYTES PER SECTOR
0002 0000       330: STATUS:NSPC     RMB     0       NUMBER OF SECTORS PER CLUSTER FOR DISK FILE
0002 0002       331: STATUS:NSPT     RMB     2       NUMBER OF SECTORS PER TRACK
0004 0002       332: STATUS:NTPC     RMB     2       NUMBER OF TRACKS PER CYLINDER
0006 0002       333: STATUS:NCYL     RMB     2       NUMBER OF CYLINDERS
                334: *
  0000          335:         ORG     0
0000 0004       336: STATUS:FILESIZE RMB     4       SIZE OF DISK FILE IN BYTES
                337: *
  0000          338:         ORG     0
0000 0003       339: STATUS:LASTBADLSN       RMB     3       LSN OF LAST BAD SECTOR ON DISK
                340: *
                341: *       SC:GETFILEDATE REPLY BUFFER
                342: *
  0000          343:         ORG     0
0000 0003       344: STATUS:DATETICKS        RMB     3       24 BITS OF TICKS SINCE MIDNITE
0003 0001       345: STATUS:DATEDAY  RMB     1       BCD VALUE OF DAY (1..31)
0004 0001       346: STATUS:DATEMONTH        RMB     1       BCD VALUE OF MONTH (1..12)
0005 0001       347: STATUS:DATEYEAR RMB     1       BCD VALUE OF YEAR MOD 100 (00.99)
                348: *
                349: *       SC:GETFILEPROT REPLY BUFFER
                350: *
  0000          351:         ORG     0
0000 0001       352: STATUS:PROT     RMB     1       PROTECTION BYTE FROM FILE




ASM/6800 1.4A0: 0000 METAM14C.ASM       
08/16/82 00:00:00; Page 12; Form 1      *** SDOS 1.1 DEFINITIONS ***
SDOSUSERDEFS.ASM
                354: *       SC:GETERRORSTATS REPLY BUFFER
                355: *
  0000          356:         ORG     0
0000 0002       357: STATUS:SEEKERRCNT       RMB     2       # SEEK ERRORS SINCE MOUNT
0002 0002       358: STATUS:SEEKERRSTS       RMB     2       16 BITS OF LAST "SEEK" STATUS IN ERROR
0004 0002       359: STATUS:WRITEERRCNT      RMB     2       # WRITE ERRORS SINCE MOUNT
0006 0002       360: STATUS:WRITEERRSTS      RMB     2       16 BITS OF LAST "WRITE" STATUS IN ERROR
0008 0002       361: STATUS:READERRCNT       RMB     2       # READ ERRORS SINCE MOUNT
000A 0002       362: STATUS:READERRSTS       RMB     2       16 BITS OF LAST "READ" STATUS IN ERROR
000C 0003       363: STATUS:OPSCOUNT RMB     3       24 BITS OF # DRIVER OPERATIONS SINCE MOUNT
000F 0003       364: STATUS:ERRLSN   RMB     LSN:SIZE        LSN CAUSING ANY SOFT OR HARD ERROR




ASM/6800 1.4A0: 000F METAM14C.ASM       
08/16/82 00:00:00; Page 13; Form 1      *** SDOS 1.1 DEFINITIONS ***
SDOSUSERDEFS.ASM
                366: *       CC:POSITION WRITE BUFFER
                367: *
  0000          368:         ORG     0
0000 0004       369: CONTROL:DIST    RMB     4       VALUE OF POSITIONING COMMANDS
                370: *
                371: *       CC:SETFILEDATE WRITE BUFFER
                372: *
  0000          373:         ORG     0
0000 0003       374: CONTROL:DATETICKS       RMB     3       24 BITS OF TICKS SINCE MIDNITE
0003 0001       375: CONTROL:DATEDAY RMB     1       BCD VALUE OF DAY (1..31)
0004 0001       376: CONTROL:DATEMONTH       RMB     1       BCD VALUE OF MONTH (1..12)
0005 0001       377: CONTROL:DATEYEAR        RMB     1       BCD VALUE OF YEAR MOD 100 (00..99)
                378: *
                379: *       CC:SETFILEPROT WRITE BUFFER
                380: *
  0000          381:         ORG     0
0000 0001       382: CONTROL:PROT    RMB     1       PROTECTION BYTE FOR FILE
                383: *
                384: *       CC:SETMAPALGORITHM WRITE BUFFER
                385: *
  0000          386:         ORG     0
0000 0002       387: CONTROL:MAPALGORITHM    RMB     2       PARAMETER BLOCK FOR SET MAP ALGORITHM CALL
                388: *
                389: *       JOB CONTROL SUB-CODES
                390: *
  0000          391:         ORG     0
0000 0001       392: JC:CREATE       RMB     1       CREATE A NEW JOB
0001 0001       393: JC:TESTDONE     RMB     1       TEST TO SEE IF A JOB IS DONE
0002 0001       394: JC:DESTROY      RMB     1       DESTROY A JOB




ASM/6800 1.4A0: 0002 METAM14C.ASM       
08/16/82 00:00:00; Page 14; Form 1      *** SDOS 1.1 DEFINITIONS ***
SDOSUSERDEFS.ASM
                396: *
                397: *       SYSTEM-DEFINED ERROR CODES
                398: *
  0000          399:         ORG     0
0000 0001       400: ERR:NONE        RMB     1       CODE 0 --> NO ERROR
0001 0001       401: ERR:ATTENTION   RMB     1       OPERATOR REQUESTED ATTENTION
                402: 
  0064          403:         ORG     100
0064 0001       404: ERR:FATALCOMPILE        RMB     1       COMPILATION OR ASSEMBLY HAD FATAL ERRORS
0065 0001       405: ERR:WARNINGCOMPILE      RMB     1       COMPILATION OR ASSEMBLY HAD NON-FATAL ERRORS
0066 0001       406: ERR:BADCMDFORMAT        RMB     1       BAD COMMAND FORMAT (SYNTAX ERROR!)
0067 0001       407: ERR:CANTGOTO    RMB     1       CAN'T DO GOTO FROM CONSOLE:
0068 0001       408: ERR:ABNORMALSTOP        RMB     1       PROGRAM TERMINATED ABNORMALLY
0069 0001       409: ERR:NOTENUFMEM  RMB     1       NOT ENOUGH MEMORY TO EXECUTE COMMAND
                410: *
                411: *       SDOS ERROR CODES
                412: *
                413: *
                414: *       ERROR CODES FOR SDOS ARE RESERVED BETWEEN 1000-1999
                415: *
  03E8          416:         ORG     1000
03E8 0001       417: ERR:BOOTCKSUMFAIL       RMB     1       BOOT SECTOR DISKINFO CHECK SUM FAILED
03E9 0001       418: ERR:EOFHIT      RMB     1       END OF FILE HIT
03EA 0001       419: ERR:FILEISOPEN  RMB     1       A FILE IS OPEN DURING DISMOUNT REQUEST
03EB 0001       420: ERR:NODEBUGGER  RMB     1       NO DEBUGGER TO CALL!
03EC 0001       421: ERR:BADPOSITION RMB     1       BAD POSITIONING REQUEST
03ED 0001       422: ERR:NBPCTOOBIG  RMB     1       NUMBER OF BYTES PER CLUSTER >= 65536
03EE 0001       423: ERR:NODISKMAP   RMB     1       NO DISK MAP, CAN'T ALLOC OR FREE
03EF 0001       424: ERR:NOMATCHFCB  RMB     1       NO MATCHING FILE CONTROL BLOCK FOUND
03F0 0001       425: ERR:NODEFAULTPROGRAM    RMB     1       NO "DEFAULTPROGRAM" ON THIS DISK
03F1 0001       426:         RMB     1       **** UNUSED ****
03F2 0001       427: ERR:FILEWRTPROT RMB     1       FILE IS WRITE PROTECTED
03F3 0001       428: ERR:FILENOTFOUND        RMB     1       FILE NOT FOUND
03F4 0001       429: ERR:ILLEGALLCN  RMB     1       LCN OUT OF RANGE
03F5 0001       430: ERR:BADFNAMESIZE        RMB     1       LENGTH OF FILE NAME > 16 CHARACTERS
03F6 0001       431: ERR:NEWFILEEXISTS       RMB     1       NEW FILE ALREADY EXISTS!
03F7 0001       432: ERR:NODISKSPACE RMB     1       DISK SPACE EXHAUSTED
03F8 0001       433: ERR:LCNWASNTALLOCATED   RMB     1       LCN ENCOUNTERED BY FREECLUSTERS WASN'T ALLOCAT
03F9 0001       434: ERR:NOFREEFCBS  RMB     1       RAN OUT OF FCBS (*SYSTEM*)
03FA 0001       435: ERR:WRONGFILESYSTEM     RMB     1       FILE SYSTEM INCOMPATIBLE WITH THIS VERSION OF 




ASM/6800 1.4A0: 03FB METAM14C.ASM       
08/16/82 00:00:00; Page 15; Form 1      *** SDOS 1.1 DEFINITIONS ***
SDOSUSERDEFS.ASM
03FB 0001       436: ERR:FILEINCREATE        RMB     1       FILE IS BEING CREATED
03FC 0001       437: ERR:DISKMOUNTED RMB     1       DISK IS MOUNTED, CAN'T CHANGE MAPALGORITHM
03FD 0001       438: ERR:CANTOPENMUSTCREATE  RMB     1       MUST CREATE TO OPEN OUTPUT ONLY DEVICE
03FE 0001       439: ERR:NOERRORMSGS RMB     1       NO $ERRORMESSAGES FILE ON DRIVE 0
03FF 0001       440: ERR:BADFILENAME RMB     1       FILENAME DOESN'T START WITH A-Z OR $
0400 0001       441: ERR:ILLFILESIZE RMB     1       ILLEGAL FILE SIZE SPECIFICATION (SYNTAX OR OVFLOW)
0401 0001       442: ERR:HCSICTOOSMALL       RMB     1       HEADER CLUSTER NOT INITZED FOR RDCN FETCH
0402 0001       443: ERR:NOTENOUGHPOOL       RMB     1       NOT ENOUGH DISKBUFFER POOL (*SYSTEM*)
0403 0001       444: ERR:PWRFAILDISKF        RMB     1       DISK FILE HANDLERS DON'T IMPLEMENT POWER FAIL
0404 0001       445: ERR:NOTALOADFILE        RMB     1       CAN'T LOAD THAT - WRONG FORMAT
0405 0001       446: ERR:BADFILEVERSION      RMB     1       FILE VERSION NUMBER HAS NO DIGITS OR IS >255!
0406 0001       447: ERR:CHTOOBIG    RMB     1       CHANNEL # IS TOO BIG
0407 0001       448: ERR:CHBUSY      RMB     1       CHANNEL IS ALREADY OPEN
0408 0001       449: ERR:CLOSED      RMB     1       CHANNEL IS ALREADY CLOSED
0409 0001       450: ERR:ILLEGALSYSCALL      RMB     1       ILLEGAL SYSCALL #
040A 0001       451: ERR:ILLDEVICEOP RMB     1       ILLEGAL DEVICE OPERATION
040B 0001       452: ERR:RENAMEDEVICE        RMB     1       CAN'T RENAME TO DIFFERENT DEVICE
040C 0001       453: ERR:BADLOADRECORD       RMB     1       LOAD RECORD FORMAT ERROR
040D 0001       454: ERR:NOTENOUGHROOM       RMB     1       PROGRAM TOO BIG TO LOAD
040E 0001       455: ERR:ILLLSN      RMB     1       ILLEGAL LSN PASSED TO PHYSICAL DISK DRIVERS
040F 0001       456: ERR:DIRECTORYDAMAGED    RMB     1       DIRECTORY.SYS DIRECTORY ENTRY IS DAMAGED
0410 0001       457: ERR:IBUFOVERFLOW        RMB     1       INPUT BUFFER OVERFLOW IN THE DRIVERS
0411 0001       458: ERR:PROGRAMKILLED       RMB     1       PROGRAM KILLED BY OPERATOR
0412 0001       459: ERR:DEVICETIMEDOUT      RMB     1       DEVICE TIMED OUT
0413 0001       460: ERR:SECTORSIZE2 RMB     1       SECTORSIZE IS NOT A POWER OF 2!
0414 0001       461: ERR:SYSTEMCROAKED       RMB     1       ...WHILE DOING AN EXIT OR CHAIN (*SYSTEM*)
0415 0001       462: ERR:DISKREAD    RMB     1       DISK READ ERROR
0416 0001       463: ERR:DISKWRITE   RMB     1       DISK WRITE ERROR
0417 0001       464: ERR:DISKSEEK    RMB     1       DISK SEEK ERROR
0418 0001       465: ERR:DSKWRTPROT  RMB     1       DISK IS WRITE PROTECTED
0419 0001       466: ERR:DISKWRITELOCKED     RMB     1       DISK DEVICE IS SOFTWARE WRITE LOCKED
041A 0001       467: ERR:SDOSCKSUM   RMB     1       SDOS GOT A KNIFE IN THE RIBS!
041B 0001       468: ERR:NLSNGE224   RMB     1       NLSN >= 2^24, ILLEGAL
041C 0001       469: ERR:CLUSTERSIZELIMITSFILE       RMB     1       CLUSTER SIZE IS TOO SMALL TO SUPPORT A
041D 0001       470: ERR:SYSCALLTOOSHORT     RMB     1       SYSCALL BLOCK IS TOO SMALL FOR SPECIFIED SYSCA
041E 0001       471: ERR:RDBUFTOOSMALL       RMB     1       READ BUFFER SPECIFIED BY SYSCALL IS TOO SHORT 
041F 0001       472: ERR:WRBUFTOOSMALL       RMB     1       WRITE BUFFER SPECIFIED BY SYSCALL IS TOO SHORT
0420 0001       473: ERR:NOSUCHDEVICE        RMB     1       NO SUCH DEVICE IN THIS CONFIGURATION
0421 0001       474: ERR:DEVICEERRORED       RMB     1       DEVICE HARDWARE DID NOT RESPOND REASONABLY
0422 0001       475: ERR:MUSTBEDISK  RMB     1       MUST SELECT DISK DEVICE




ASM/6800 1.4A0: 0423 METAM14C.ASM       
08/16/82 00:00:00; Page 16; Form 1      *** SDOS 1.1 DEFINITIONS ***
SDOSUSERDEFS.ASM
0423 0001       476: ERR:NOTOPENTOCONSOLE    RMB     1       CHANNEL 0 IS NOT OPEN TO CONSOLE DEVICE
0424 0001       477: ERR:DEVICENOTREADY      RMB     1       DEVICE IS NOT READY
0425 0001       478: ERR:TIMENOTSET  RMB     1       TIME NOT SET TO NON-ZERO DAY/MONTH!
0426 0001       479: ERR:NOSUCHLUN   RMB     1       NO SUCH LOGICAL UNIT NUMBER
0427 0001       480: ERR:ZEROSTARTADDRESS    RMB     1       OBJECT FILE HAS NO (ZERO) START ADDRESS
0428 0001       481: ERR:NOSUCHPROGRAM       RMB     1       NO SUCH PROGRAM EXISTS (ERROR ISSUED BY LOADER
0429 0001       482: ERR:OLDFILEEXISTS       RMB     1       OLD FILE BY SAME NAME ALREADY EXISTS
042A 0001       483:         RMB     1       *** UNUSED ***
042B 0001       484: ERR:ALLOC0CLUSTERS      RMB     1       "ALLOC" CALL WITH REQUEST FOR 0 CLUSTERS!
042C 0001       485: ERR:FILEALREADYDELETED  RMB     1       FILE WAS DELETED BUT NOT CLOSED BEFORE RENAME 
042D 0001       486: ERR:PRINTERNOTREADY     RMB     1       PRINTER IS NOT READY
042E 0001       487: ERR:INPUTTIMEOUT        RMB     1       INPUT TIMED OUT, ABORTED
042F 0001       488: ERR:ENDOFMEDIUM RMB     1       END OF MEDIUM ON DEVICE
0430 0001       489: ERR:SELFTESTCKSUM       RMB     1       PROGRAM SELF-TEST CHECKSUM FAILED
0431 0001       490: ERR:NOTIMEOUTBLKS       RMB     1       ZERO TIME OUT BLOCKS IN I/O PKG NOT LEGAL
0432 0001       491: ERR:SERIALNOWRONG       RMB     1       THIS CPU HAS WRONG SERIAL NUMBER TO RUN PROGRA
0433 0001       492: ERR:NOSUCHKEY   RMB     1       NO SUCH KEY EXISTS IN INDEX
0434 0001       493: ERR:DUPLICATEKEY        RMB     1       KEY ALREADY EXISTS IN INDEX
0435 0001       494: ERR:BRANCHFACTORSIZE    RMB     1       KEY BRANCHING FACTOR IS TOO SMALL
0436 0001       495: ERR:SDOSNOTREGISTERED   RMB     1       THIS COPY OF SDOS NOT REGISTERED WITH SD YET
0437 0001       496: ERR:DECRYPTIONKEYSDONTMATCH     RMB     1       LAST FILE LOADED HAS DIFFERENT DECRYPT
                497: *
  076E          498: ERR:WRONGDISKTYPE       EQU     1902    WRONG DISK TECHNOLOGY (DENSITY, SIDES, ETC.)
                499: *
                500: *       VIRTUAL TERMINAL DRIVER ERROR CODES
                501: *
  0771          502:         ORG     1905
0771 0001       503: ERR:IOINPROGRESS        RMB     1       LAST REQUEST HAS NOT COMPLETED
0772 0001       504: ERR:BUSYFORANOTHERPROCESS       RMB     1       DCB OPEN TO ANOTHER PROCESS
0773 0001       505: ERR:ACTIVATIONNOTINBUFFER       RMB     1       RDBUF DOES NOT HOLD ACTIVATION
0774 0001       506: ERR:BADFIELDWIDTH       RMB     1       CRT SCREEN FEILD SPECIFICATION IS TOO WIDE
0775 0001       507: ERR:ACTIVATIONRECEIVED  RMB     1       ACTIV. REC'D PER CC:ACTIVATIONCK
0776 0001       508: ERR:TIMEDINPUTEXPIRED   RMB     1       TIMED INPUT PERIOD EXPIRED
0777 0001       509: ERR:PROFILENOTFOUND     RMB     1       DEVICE PROFILE NOT FOUND
0778 0001       510: ERR:PROFILENOTMALLEABLE RMB     1       DEVICE PROFILE NOT MALLEABLE
0779 0001       511:         RMB     1       *** RESERVED ***
                512: *
  04B0          513:         ORG     1200    SDOS/MT ERROR CODES
04B0 0001       514: ERR:BADREADBUF  RMB     1       SYSCALL REPLY BUFFER NOT WITHIN USER SPACE
04B1 0001       515: ERR:BADWRITEBUF RMB     1       SYSCALL WRITE BUFFER NOT WITHIN USER SPACE




ASM/6800 1.4A0: 04B2 METAM14C.ASM       
08/16/82 00:00:00; Page 17; Form 1      *** SDOS 1.1 DEFINITIONS ***
SDOSUSERDEFS.ASM
04B2 0001       516: ERR:RDBUFTOOBIG RMB     1       SYSCALL REPLY BUFFER > 255 BYTES
04B3 0001       517: ERR:WRBUFTOOBIG RMB     1       SYSCALL WRITE BUFFER > 255 BYTES
04B4 0001       518: ERR:NOTENOUGHCHANNELS   RMB     1       AVAILABLE I/O CHANNELS EXHAUSTED
04B5 0001       519: ERR:NOTUNDERTIMESHARE   RMB     1       FUNCTION NOT AVAILABLE UNDER SDOS/MT
04B6 0001       520: ERR:MTNOROOM    RMB     1       NOT ENOUGH ROOM TO RUN SDOS/MT
04B7 0001       521: ERR:MTBADCONFIG RMB     1       INCORRECT CONFIGURATION FOR SDOS/MT
04B8 0001       522: ERR:ALREADYLOCKED       RMB     1       INTERLOCK OBJECT IS ALREADY LOCKED
04B9 0001       523: ERR:NOSUCHOBJECT        RMB     1       BAD CAPABILITY GIVEN
04BA 0001       524: ERR:NOTLOCKED   RMB     1       INTERLOCK OBJECT IS NOT LOCKED
04BB 0001       525: ERR:OBJECTDESTROYED     RMB     1       INTERLOCK OBJECT DESTROYED WHILE WAITING FOR I
04BC 0001       526: ERR:LOCKRESET   RMB     1       INTERLOCK OBJECT WAS RESET WHILE WAITING FOR IT
04BD 0001       527: ERR:IMPLEMENTATIONLIMITREACHED  RMB     1       CAN'T HANDLE MORE INTERLOCK OBJECTS NO
04BE 0001       528: ERR:ILLEGALINTERLOCKFUNCTION    RMB     1       ILLEGAL INTERLOCK FUNCTION REQUESTED
04BF 0001       529: ERR:MEMORYMGMTFAIL      RMB     1       SDOS/MT INTERNAL MEMORY MANAGEMENT FAILURE
04C0 0001       530: ERR:NOMOREJOBS  RMB     1       ALL AVAILABLE JOBS ARE BUSY NOW
04C1 0001       531: ERR:ILLEGALJOBCONTROL   RMB     1       ILLEGAL JOB CONTROL REQUEST
04C2 0001       532: ERR:CAPABILITYFAILURE   RMB     1       CAPABILITY DOES NOT HAVE RIGHTS TO PERFORM OPE
04C3 0001       533: ERR:JOBKILLED   RMB     1       THIS JOB HAS BEEN KILLED BY ANOTHER
04C4 0001       534: ERR:JOBCOMPLETED        RMB     1       JOB SUCCESSFULLY COMPLETED 
                535: *       DEVICE TYPE DEFINITIONS 
                536: *
  0000          537:         ORG     0
0000 0001       538: DVTYP.FILE      RMB     1       FILE (MANAGED BY SDOS)
0001 0001       539: DVTYP.DISK      RMB     1       DISK DEVICE (MANAGED BY SDOS)
0002 0001       540: DVTYP.STAPE     RMB     1       SERIAL TAPE DEVICE
0003 0001       541: DVTYP.DTAPE     RMB     1       DIRECTORIED TAPE DEVICE
0004 0001       542: DVTYP.CONSOLE   RMB     1       CONSOLE (HUMAN'S INTERFACE)
0005 0001       543: DVTYP.PRINTER   RMB     1       LINE PRINTER DEVICE
0006 0001       544: DVTYP.SERIALOUT RMB     1       ILL-DEFINED
0007 0001       545: DVTYP.SERIALIN  RMB     1
0008 0001       546: DVTYP.PAROUT    RMB     1       PARALLEL OUT
0009 0001       547: DVTYP.PARIN     RMB     1       PARALLEL IN
000A 0001       548: DVTYP.DUMMY     RMB     1       BLACK HOLE FOR DATA BYTES
000B 0001       549: DVTYP.CLOCK     RMB     1       CLOCK DEVICE
                550: *
                551: *
                552: *
                553: *
                554: *       DEVICE TYPE DATA DISPLACEMENTS
                555: *




ASM/6800 1.4A0: 000B METAM14C.ASM       
08/16/82 00:00:00; Page 18; Form 1      *** SDOS 1.1 DEFINITIONS ***
SDOSUSERDEFS.ASM
  0000          556:         ORG     0
0000 0001       557: DVTYP:TYPE      RMB     1       DEVICE TYPE
                558: *
                559: *       DEVICE-TYPE SPECIFIC DATA
                560: *
  0000          561:         ORG     0       DISK DEVICE SPECIFIC DATA
0000 0002       562: DVDAT:NBPS      RMB     2       NUMBER OF BYTES PER SECTOR
0002 0002       563: DVDAT:NSPT      RMB     2       NUMBER OF SECTORS PER TRACK
0004 0002       564: DVDAT:NTPC      RMB     2       NUMBER OF TRACKS PER CYLINDER
0006 0002       565: DVDAT:NCYL      RMB     2       NUMBER OF CYLINDERS
                566: *
  0000          567:         ORG     0       CONSOLE/PRINTER DEVICE SPECIFIC DATA
0000 0001       568: DVDAT:WIDTH     RMB     1       LINE WIDTH IN CHARACTERS
0001 0001       569: DVDAT:DEPTH     RMB     1       PAGE DEPTH (DEFAULT DEPTH FOR PRINTERS)
                570: *                               (0=INFINITY)
                571: *
  0002          572:         ORG     DVDAT:NBPS+2    (DISK) FILE DEVICE SPECIFIC DATA
0002 0001       573: DVDAT:NSPC      RMB     1       NUMBER OF SECTORS PER CLUSTER




ASM/6800 1.4A0: 0002 METAM14C.ASM       
08/16/82 00:00:00; Page 19; Form 1      *** SDOS 1.1 DEFINITIONS ***
SDOSUSERDEFS.ASM
                575: **********************************************************************
  0010          576: FILESYSTEMVERSION       EQU     $10     VERSION 1.0 OF FILESYSTEM FORMAT
                577: ********************************************************************
                578: *
                579: *       FUNNY VALUES TO MAKE DATA STORAGE ALLOCATION USES MORE CLEAR
                580: *
  0000          581: IGNORED EQU     0       SO I CAN MARK PLACES AS IGNORED
  0000          582: CHANGED EQU     0       SO I CAN MARK PLACES AS CHANGED
                583: *
                584: *       LOCATIONS 0-7 ARE TREATED AS PART OF TASK'S CONTEXT
                585: *       AND SAVED DURING A CONTEXT SWITCH
                586: *
                587: *       DEFINED TEMPORARIES
                588: *       USED TO PUSH (X) ONTO STACK IN INTERRUPTABLE WAY
                589: *       FOR USE BY TASK-LEVEL SUBROUTINES
                590: *
  0000          591:         ORG     $0
0000 0002       592: TEMPX   RMB     2       ANY SUBROUTINE MAY STEP ON THIS!!!
  0000          593: TEMP    EQU     TEMPX   FOR CONVENIENCE
  0000          594: TEMPA   EQU     TEMPX   TEMP STORAGE FOR A REGISTER
  0001          595: TEMPB   EQU     TEMPX+1 TEMP STORAGE FOR B REGISTER
                596: 
                597: *
                598: *       PROTECTION BITS FOR DIR:PROTECTION
                599: *
  0040          600: PROT::WRITE     EQU     $40     PROTECT AGAINST WRITES
  0001          601: PROT::BACKUP    EQU     $1      PROTECT AGAINST BACKING UP




ASM/6800 1.4A0: 0000 METAM14C.ASM       
08/16/82 00:00:00; Page 20; Form 1      *** SDOS 1.1 DEFINITIONS ***
SDOSUSERDEFS.ASM
                603: *       ASCII CHARACTER SET
                604: *
  0000          605: ASCII:NULL      EQU     0       ^@ NULL
  0001          606: ASCII:SOH       EQU     1       ^A START OF HEADING
  0002          607: ASCII:STX       EQU     2       ^B START OF TEXT
  0003          608: ASCII:ETX       EQU     3       ^C END OF TEXT
  0004          609: ASCII:EOT       EQU     4       ^D END OF TRANSMISSION
  0005          610: ASCII:ENQ       EQU     5       ^E ENQUIRY (WRU- WHO ARE YOU)
  0006          611: ASCII:ACK       EQU     6       ^F ACKNOWLEDGE
  0007          612: ASCII:BEL       EQU     7       ^G BELL
  0008          613: ASCII:BS        EQU     8       ^H BACKSPACE
  0009          614: ASCII:HT        EQU     9       ^I HORIZONTAL TAB
  000A          615: ASCII:LF        EQU     $A      ^J LINE FEED
  000B          616: ASCII:VT        EQU     $B      ^K VERTICAL TAB
  000C          617: ASCII:FF        EQU     $C      ^L FORM FEED
  000D          618: ASCII:CR        EQU     $D      ^M CARRIAGE RETURN
  000E          619: ASCII:SO        EQU     $E      ^N SHIFT OUT
  000F          620: ASCII:SI        EQU     $F      ^O SHIFT IN
  0010          621: ASCII:DLE       EQU     $10     ^P DATA LINK ESCAPE
  0011          622: ASCII:DC1       EQU     $11     ^Q DEVICE CONTROL 1
  0012          623: ASCII:DC2       EQU     $12     ^R DEVICE CONTROL 2
  0013          624: ASCII:DC3       EQU     $13     ^S DEVICE CONTROL 3
  0014          625: ASCII:DC4       EQU     $14     ^T DEVICE CONTROL 4
  0015          626: ASCII:NAK       EQU     $15     ^U NEGATIVE ACKNOWLEDGE
  0016          627: ASCII:SYN       EQU     $16     ^V SYNCHRONOUS IDLE
  0017          628: ASCII:ETB       EQU     $17     ^W END OF TRANSMISSION BLOCK
  0018          629: ASCII:CAN       EQU     $18     ^X CANCEL
  0019          630: ASCII:EM        EQU     $19     ^Y END OF MEDIUM
  001A          631: ASCII:SUB       EQU     $1A     ^Z SUBSTITUTE
  001B          632: ASCII:ESC       EQU     $1B     ^[ ESCAPE
  001C          633: ASCII:FS        EQU     $1C     ^\ FILE SEPERATOR
  001D          634: ASCII:GS        EQU     $1D     ^] GROUP SEPERATOR
  001E          635: ASCII:RS        EQU     $1E     ^^ RECORD SEPERATOR
  001F          636: ASCII:US        EQU     $1F     ^_ UNIT SEPERATOR
  0020          637: ASCII:SPACE     EQU     $20     SPACE (WORD SEPERATOR)
  007F          638: ASCII:RUBOUT    EQU     $7F     DELETE (RUBOUT)
  007F          639: ASCII:MASK      EQU     $7F     TO MASK OFF ALL BUT 7 LEGAL ASCII BITS




ASM/6800 1.4A0: 0000 METAM14C.ASM       
08/16/82 00:00:00; Page 21; Form 1      *** SDOS 1.1 DEFINITIONS ***
SDOSUSERDEFS.ASM
                641: *
                642: *       SDOS LOADER FORMAT:  RECORD TYPE DEFINITIONS
                643: *
  0000          644: LOAD:TYPE0      EQU     0       "SKIP" RECORD
  0001          645: LOAD:TYPE1      EQU     1       STARTUP RECORD
  0002          646: LOAD:TYPE2      EQU     2       LOAD BYTES RECORD
  0003          647: LOAD:TYPE3      EQU     3       LOAD BYTES AND STOP RECORD
  0005          648: LOAD:ENCRYPTED  EQU     5       "THIS FILE IS ENCRYPTED" LOAD RECORD
                649: *
                650: *       BOOT SECTOR DISPLACEMENTS
                651: *
  0000          652:         ORG     0
0000 0010       653: BOOT:IPLDATA    RMB     16      CONTAINS "JMP BOOTSIZE" OR OTHER BOOTSTRAP DATA
0010 0000       654: BOOT:DISKINFO   RMB     0       SPACE FOR DISKINFO TABLES
  0010          655: BOOT:DISKINFOLEN        EQU     16
0010 0001       656: BOOT:FILESYSTEMVERSION  RMB     1       SDOS FILE SYSTEM FORMAT VERSION NUMBER $AB = A
0011 0001       657: BOOT:NSPC       RMB     1       NUMBER OF SECTORS PER CLUSTER
0012 0002       658: BOOT:MINALLOC   RMB     LCN:SIZE        ALLOCATION MINIMUM FOR NEW FILES
0014 0002       659: BOOT:MIDALLOC   RMB     LCN:SIZE        ALLOCATION MIN FOR FILE EXTENSION
0016 0002       660: BOOT:MAPALGORITHM       RMB     2       LOGICAL TO PHYSICAL CONVERSION ALGORITHM #
0018 0003       661: BOOT:CREATIONDATE       RMB     3       DD/MM/YY IN HEX
001B 0003       662: BOOT:DIRLSN     RMB     LSN:SIZE        LSN OF DIRECTORY SECTOR CONTAINING "DIRECTORY.
001E 0001       663:         RMB     BOOT:DISKINFOLEN+BOOT:DISKINFO-*-1
001F 0001       664: BOOT:CHECKSUM   RMB     1       SUCH THAT SUM OF DISKINFO BYTES (INCL CKSUM) = $FF
  0020          665: BOOT:DISKIDSIZE EQU     32      # BYTES RESERVED FOR ASCII DISK IDENTIFICATION
0020 0020       666: BOOT:DISKID     RMB     BOOT:DISKIDSIZE TEXT NAME OF DISK (TRAILING BLANK PADDED)
  0040          667: BOOT:SIZE       EQU     *




ASM/6800 1.4A0: 0020 METAM14C.ASM       
08/16/82 00:00:00; Page 22; Form 1      *** SDOS 1.1 DEFINITIONS ***
SDOSUSERDEFS.ASM
                669: *
                670: *       DIRECTORY ENTRY DISPLACEMENTS
                671: *
                672: 
  0000          673:         ORG     0
  0010          674: DIR:NAMESIZE    EQU     16      LENGTH OF DIRECTORY NAME
0000 0010       675: DIR:FILENAME    RMB     DIR:NAMESIZE    FILENAME IN ASCII
0010 0000       676: DIR:FCBDATA     RMB     0       FCB DATA FOR FILE MANAGEMENT STARTS HERE
0010 0002       677: DIR:HLCN        RMB     LCN:SIZE        LCN OF HEADER CLUSTER
0012 0001       678: DIR:HCSIC       RMB     1       HEADER CLUSTER INITIALIZED COUNT
0013 0002       679: DIR:NCLUSTERS   RMB     LCN:SIZE        NUMBER OF CLUSTERS ALLOCATED TO FILE
0015 0004       680: DIR:FILESIZE    RMB     4       LOGICAL SIZE OF FILE IN BYTES
0019 0001       681: DIR:PROTECTION  RMB     1       PROTECTION BITS
001A 0001       682: DIR:DAY RMB     1       CREATION DATE OF FILE
001B 0001       683: DIR:MONTH       RMB     1       MONTH OF FILE CREATION
001C 0001       684: DIR:YEAR        RMB     1       YEAR OF FILE CREATION
001D 0001       685: DIR:VERSION     RMB     1       VERSION NUMBER OF FILE (0-255)
  000E          686: DIR:FCBDATASIZE EQU     *-DIR:FCBDATA   # BYTES REQUIRED TO MANAGE FILES IN FCBS
001E 0002       687:         RMB     32-*    SPACE FOR SLOP
  0020          688: DIR:ENTRYSIZE   EQU     *




ASM/6800 1.4A0: 001E METAM14C.ASM       
08/16/82 00:00:00; Page 23; Form 1      *** SDOS 1.1 DEFINITIONS ***
SDOSUSERDEFS.ASM
                690: *
                691: *
                692: *       DISKMAP DISPLACEMENTS
                693: *
  0000          694:         ORG     0
0000 0001       695: DISKMAP:BYTE    RMB     1
  0008          696: NMBPB   EQU     8       # MAP BITS PER BYTE
                697: *
  0000          698: SECTOR:BYTE     EQU     0       USED AS DISPLACEMENT ON SECTOR BYTE FETCH
                699: *
  0003          700: READAHEADRDSIMIN        EQU     3       READ-AHEAD HAPPENS ONLY IF MORE BUFFERS AVAILA
  FFFF          701: DUMMYLCN        EQU     $FFFF   "NO LCN" CODE
                702: *
                703: *       HEADER CLUSTER DISPLACEMENTS
                704: *
  0000          705:         ORG     0
0000 0002       706: HEADER:LCN      RMB     LCN:SIZE
                707: *
  0008          708: SERIALNUMBER:SIZE       EQU     8       SIZE OF SERIAL NUMBERS
                709: *
                710: *       WEIRD CHANNEL DEFINITIONS
                711: *
  00FF          712: LOGCHANNEL      EQU     $FF     (LOG CHANNEL MUST BE LOWEST OF THESE)
  00FE          713: SYSCHANNEL      EQU     $FE     SYSTEM I/O CHANNEL (RESERVED)
                714: 
                  1: 
                  2:         NAME    METAM14C.ASM
                  3: *
                  4: *               METAPLUS -- META MACHINE FOR 6800 SERIES
                  5: *               COPYRIGHT (C) 1977 SOFTWARE DYNAMICS
                  6: *               ALL RIGHTS RESERVED
                  7: *               IMPROVEMENTS?   1)COUNT SOURCE LINES AND DISPLAY AT ERROR TIME
                  8: *
                  9: *
                 10: *       REV 14C 3/22/82 I.B.
                 11: *               CLEAN UP AND MOVE TO '09
                 12: *               ALLOW MTEST TO MATCH STRINGS CONTIANING LOWER CASE
                 13: *               MADE REPLY BUFFER OF SYSCALLS NOT POINT INTO SCRATCHPAD
                 14: *               FIXED "INCLUDE" EDGE CONDITIONS
                 15: *               SIMPLIFIED PROCESS OF GENERATING CHECKSUMS




ASM/6800 1.4A0: 0000 METAM14C.ASM       
08/16/82 00:00:00; Page 24; Form 1      *** SDOS 1.1 DEFINITIONS ***
M.ASM
                 16: *       REV 14B 12/1/80 ALLOW MNOTTEST TO FOLLOW MKEYWORDTEST
                 17: *       REV 14A 10/6/80 UPPER/LOWER CASE KEYWORD TEST
                 18: *                       CHECKSUM TEST ON METAMACHINE
                 19: *                       CONVERTED TO M680C
                 20: *                       ERROR IN INCLUDE DISPLAYS ERROR LINE
                 21: *       REVISION 13E 3/13/80    ALLOWS 0 PARAMETERS TO BE PASSED TO SUBROUTINE
                 22: *                       ALSO CAUSES REALIZATION OF LABEL # AT CALL SITE...
                 23: *                       WHEN PASSED TO SUBROUTINE AND NOT YET GENERATED
                 24: *       REVISION 13D 2/16/80    FIXES ERROR DISPLAY AND RECOVERY
                 25: 
                 26:         WITH    WI=107,DE=51
                 27: *




ASM/6800 1.4A0: 0000 METAM14C.ASM       
08/16/82 00:00:00; Page 25; Form 1      *** SDOS 1.1 DEFINITIONS ***
M.ASM
                 29: *
  0001           30:         IFUND   PZBASE  SELECT PAGE ZERO VARIABLES BASE
  0020           31: PZBASE  EQU     $20     THIS IS A GOOD DEFAULT SINCE IT AVOIDS 6801 PAGE ZERO PIAS
                 32:         FIN
  0001           33:         IFUND   CODE    SELECT CODE BASE
  0100           34: CODE    EQU     $100    NORMAL DEFAULT
                 35:         FIN
  0001           36:         IFUND   INPUTBUFFERSIZE
  0190           37: INPUTBUFFERSIZE EQU     400
                 38:         FIN
  0C80           39: EST:METAMSIZE   EQU     $C80    ESTIMATED SIZE OF METAMACHINE
                 40: *
                 41: *
                 42: *       CHANNEL ASSIGNMENTS
                 43: *
  0002           44: SI      EQU     2       SOURCE IN
  0001           45: SO      EQU     1       SOURCE OUT
  0000           46: CO      EQU     0       CONSOLE OUT
  0000           47: CI      EQU     0       CONSOLE IN
                 48: *
                 49: *       STRING DICTIONARY NODE DISPLACEMENTS
                 50: *
  0000           51:         ORG     0
0000 0002        52: STRINGNODE:FLAGS        RMB     2       16 BITS OF TAG BITS FOR THIS NODE
0002 0001        53: STRINGNODE:TYPE RMB     1       TYPE OF NODE
0003 0002        54: STRINGNODE:NEXT RMB     2       POINTER TO NEXT NODE IN THIS HASH BUCKETCHAIN
0005 0001        55: STRINGNODE:KEYLEN       RMB     1       MSB IS "I'M A KEYWORD" FLAG; LOWER 7 BITS IS L
0006 0000        56: STRINGNODE:BODY RMB     0       1ST BYTE OF BODY OF STRING




ASM/6800 1.4A0: 0006 METAM14C.ASM       
08/16/82 00:00:00; Page 26; Form 1      *** SDOS 1.1 DEFINITIONS ***
M.ASM
  0020           58:         ORG     PZBASE
0020 0002        59: METAPC  RMB     2       METAMACHINE P COUNTER
0022 0001        60: FLAG    RMB     1       META MACHINE TRUE/FALSE FLAG
0023 0002        61: STAR    RMB     2       POINTEJR TO STAR STRING
0025 0001        62: NUMSTR  RMB     1       NUMBER OF STACKED STRINGS
0026 0002        63: INCLBL  RMB     2       INCARNATION LABEL
0028 0002        64: LABGEN  RMB     2       LABEL GENERATOR
                 65: 
002A 0002        66: RECOVERYMETAPC  RMB     2       DISTINGUISHED RULE (RECOVERY POINT)
002C 0002        67: RECOVERYSTACK   RMB     2       RECOVERY POINT'S STACK POINTER
002E 0001        68: RECOVERYNUMSTR  RMB     1       NUMBER OF STACKED STRINGS
                 69: 
002F 0002        70: TOKENPOINTER    RMB     2       THE ONE FOUND BY FINDSTRING
0031 0002        71: DECODEADD       RMB     2       POINTER TO META INSTRUCTION DECODE JMP TABLE
0033 0002        72: STATEVARBASE    RMB     2       USED TO COMPUTE ADDRESS OF STATE VARIABLE
0035 0002        73: POINTER1        RMB     2
0037 0002        74: POINTER2        RMB     2
0039 0002        75: SAVEX   RMB     2       JUST A TEMPORARY
003B 0002        76: FILLPOINTER     RMB     2       INPUT BUFFER FILL POINTER
003D 0002        77: EMPTYPOINTER    RMB     2       INPUT BUFFER EMPTY POINTER
003F 0002        78: SCANPOINTER     RMB     2       INPUT SCAN POINTER
                 79: 
0041 0002        80: OUTPUTPOINTER   RMB     2       OUTPUT BUFFER POINTER
0043 0001        81: OUTFLAG RMB     1       OUTPUT ENABLED FLAG
                 82: 
0044 0002        83: CCODE   RMB     2       COMPILER COMPLETION CODE
0046 0001        84: STRINGLENGTH    RMB     1       SIZE OF STRING TO BE INSERTED IN DICTIONARY
                 85: 
0047 0001        86: CASECONVERSION  RMB     1       =$0 IF STRING TOKEN, ='a-'A IF NOT STRING TOKEN
                 87: 
0048 0002        88: INCLUDEERROR    RMB     2       ERROR CODE RETURNED BY SDOS WHEN OPENING INCLUDE FILE




ASM/6800 1.4A0: 0048 METAM14C.ASM       
08/16/82 00:00:00; Page 27; Form 1      *** SDOS 1.1 DEFINITIONS ***
M.ASM
  0100           90:         ORG     CODE
  0100           91: BEGIN   ;JMP    MINIT   GO DO THE INITIALIZATION
0100 7E0AED      92:         JMP     MINIT
0103 00          93: CHECKSUM        FCB     0       SUM OF THIS BYTE PLUS REST OF METAM = 0.
                 94: *
                 95: *       META MACHINE ENTRY POINT JUMP TABLE
                 96: *       USED BY TOKEN BUSTERS AND SPECIAL PURPOSE OUTPUT ROUTINES
                 97: *
                 98:         ;JMP    STARTTOKEN      RESTART TOKEN SCAN FROM BEGINNING OF INPUT
0104 7E02E8      99:         JMP     STARTTOKEN
                100:         ;JMP    GETTOKENCHAR    READ NEXT CHARACTER FROM INPUT BUFFER
0107 7E0968     101:         JMP     GETTOKENCHAR
                102:         ;JMP    BACKUP  REJECT LAST CHARACTER READ FROM INPUT BUFFER
010A 7E02FB     103:         JMP     BACKUP
                104:         ;JMP    EATTOKEN        THROW AWAY CONTENTS OF INPUT BUFFER SCANNED
010D 7E02F6     105:         JMP     EATTOKEN
                106:         ;JMP    FINDSTAR        RETURN (X) POINTING TO STRING BODY, (B) = L
0110 7E04D9     107:         JMP     FINDSTAR
                108:         ;JMP    FINDSTARN       LIKE FINDSTAR, BUT FOR nTH STAR STRING
0113 7E04C2     109:         JMP     FINDSTARN
                110:         ;JMP    PUTCHAR  SEND A CHARACTER TO THE OUTPUT STREAM
0116 7E0929     111:         JMP     PUTCHAR
                112:         ;JMP    ENTERMETA       RE-ENTER META INSTRUCTION CODE
0119 7E0381     113:         JMP     ENTERMETA
011C 4D455441   114:         FCC     'METAMACHINE Version 1.4 Copyright (c) 1982 Software Dynamics'
0158 0D         115:         FCB     $D




ASM/6800 1.4A0: 0158 METAM14C.ASM       
08/16/82 00:00:00; Page 28; Form 1      *** SDOS 1.1 DEFINITIONS ***
M.ASM
                117: *
                118: *       THIS IS A DECODE-BRANCH TABLE FOR THE FIRST 64 META-INSTRUCTIONS
                119: *
  0159          120: DECODE  EQU     *
0159 0255       121:         FDB     MFIN    0 TERMINATES COMPILATION
                122: *
                123: *       CALL SUBROUTINE # 64 TO 319
                124: *       00000001 XXXXXXXX
                125: *
015B 03E9       126:         FDB     CALLSEXTENDED   META-OPCODE $01
                127: *
                128: *       CALL SUBROUTINE # 320 TO 575
                129: *       00000010 XXXXXXXX
                130: *
015D 03E9       131:         FDB     CALLSEXTENDED   META-OPCODE $02




ASM/6800 1.4A0: 015D METAM14C.ASM       
08/16/82 00:00:00; Page 29; Form 1      *** SDOS 1.1 DEFINITIONS ***
M.ASM
                133: *       CALL TOKEN RECOGNIZER
                134: *       000XXXXX        TOKEN # 0 TO 28
                135: *
015F 028C       136:         FDB     CALLT   META-OPCODE $03
0161 028C       137:         FDB     CALLT   META-OPCODE $04
0163 028C       138:         FDB     CALLT   META-OPCODE $05
0165 028C       139:         FDB     CALLT   META-OPCODE $06
0167 028C       140:         FDB     CALLT   META-OPCODE $07
0169 028C       141:         FDB     CALLT   META-OPCODE $08
016B 028C       142:         FDB     CALLT   META-OPCODE $09
016D 028C       143:         FDB     CALLT   META-OPCODE $0A
016F 028C       144:         FDB     CALLT   META-OPCODE $0B
0171 028C       145:         FDB     CALLT   META-OPCODE $0C
0173 028C       146:         FDB     CALLT   META-OPCODE $0D
0175 028C       147:         FDB     CALLT   META-OPCODE $0E
0177 028C       148:         FDB     CALLT   META-OPCODE $0F
0179 028C       149:         FDB     CALLT   META-OPCODE $10
017B 028C       150:         FDB     CALLT   META-OPCODE $11
017D 028C       151:         FDB     CALLT   META-OPCODE $12
017F 028C       152:         FDB     CALLT   META-OPCODE $13
0181 028C       153:         FDB     CALLT   META-OPCODE $14
0183 028C       154:         FDB     CALLT   META-OPCODE $15
0185 028C       155:         FDB     CALLT   META-OPCODE $16
0187 028C       156:         FDB     CALLT   META-OPCODE $17
0189 028C       157:         FDB     CALLT   META-OPCODE $18
018B 028C       158:         FDB     CALLT   META-OPCODE $19
018D 028C       159:         FDB     CALLT   META-OPCODE $1A
018F 028C       160:         FDB     CALLT   META-OPCODE $1B
0191 028C       161:         FDB     CALLT   META-OPCODE $1C
0193 028C       162:         FDB     CALLT   META-OPCODE $1D
0195 028C       163:         FDB     CALLT   META-OPCODE $1E
0197 028C       164:         FDB     CALLT   META-OPCODE $1F




ASM/6800 1.4A0: 0197 METAM14C.ASM       
08/16/82 00:00:00; Page 30; Form 1      *** SDOS 1.1 DEFINITIONS ***
M.ASM
                166: *       META OPCODE
                167: *       001XXXXX
0199 08BA       168:         FDB     BADMETAOP       :20 *** NOT CURRENTLY USED ***
019B 0309       169:         FDB     MTEST   :21 COMPARE INPUT TO STRING, SET FLAG
  0022          170: :MNOTTEST       EQU     (*-DECODE)/2    SHOULD NEVER EXECUTE THIS
019D 08BA       171:         FDB     BADMETAOP       :22 INVERT TOKEN & STRING TEST
019F 047C       172:         FDB     MTAG    :23 TURN ON DICTIONARY FLAG BIT
01A1 0478       173:         FDB     MTAGN   :24 TAG THE NTH STRING
01A3 048E       174:         FDB     MUNTAG  :25 TURN ENTRY FLAG BITS OFF, SET FLAG
01A5 048A       175:         FDB     MUNTAGN :26 TURN FLAG OFF FOR NTH STRING
01A7 046A       176:         FDB     MQUERY  :27 QUERY THE STAR STRING
01A9 0465       177:         FDB     MQUERYN :28 QUERY THE NTH STRING
01AB 05A9       178:         FDB     MR      :29 RETURN FROM META SUBROUTINE
01AD 059B       179:         FDB     MRT     :2A RETURN IF FLAG SET
01AF 05A2       180:         FDB     MRF     :2B RETURN IF FLAG CLEAR
01B1 0207       181:         FDB     MBE     :2C COMPILATION FAILURE IF FLAG FALSE
01B3 0216       182:         FDB     MERR    :2D DISPLAY STRING AND RULE
01B5 05E5       183:         FDB     MTAB    :2E OUTPUT TAB
01B7 05DD       184:         FDB     MCR     :2F OUTPUT CARRIAGE RETURN
01B9 0349       185:         FDB     MCL     :30 OUTPUT STRING
01BB 05F5       186:         FDB     MOUT    :31 OUTPUT STRING
01BD 05ED       187:         FDB     MOUTN   :32 OUTPUT NTH STACKED STRING
01BF 0618       188:         FDB     MGENL   :33 GENERATE AND OUTPUT LABEL
01C1 0461       189:         FDB     MSET    :34 SET FLAG
01C3 01FA       190:         FDB     MRECOVERYMETAPC :35 REMEMBER DISTINGUISHED PHRASE
01C5 0568       191:         FDB     MINCLUDE        :36 OPEN * STRING AS NEW INPUT CHANNEL
01C7 0526       192:         FDB     MOVESTRINGUP    :37 PASS STRING TO CALLING ROUTINE
  0038          193: :MPARAMS        EQU     (*-DECODE)/2    SHOULD NEVER EXECUTE THIS
01C9 08BA       194:         FDB     BADMETAOP       :38 PASS PARAMETERS
01CB 037D       195:         FDB     MASM    :39 ENTER ASSEMBLY CODE
01CD 01D9       196:         FDB     MSETSTATE       :3A SET STATE VARIABLE
01CF 01E0       197:         FDB     MQUERYSTATE     :3B QUERY STATE VARIABLE
01D1 049C       198:         FDB     MSETTYPEN       :3C SET TYPE OF *N STRING
01D3 04A5       199:         FDB     MQUERYTYPEN     :3D QUERY TYPE OF *N STRING
01D5 0269       200:         FDB     MKEYWORDTEST    :3E TEST FOR KEYWORD
  0001          201:         RPT     $40-(*-DECODE)/2
01D7 08BA       202:         FDB     BADMETAOP       *** AVAILABLE META INSTRUCTIONS ***
                203: *




ASM/6800 1.4A0: 01D7 METAM14C.ASM       
08/16/82 00:00:00; Page 31; Form 1      *** SDOS 1.1 DEFINITIONS ***
M.ASM
                205: *
                206: *       MSETSTATE -- SET STATE VARIABLE
                207: *       (:3A) (8 BIT STATE VARIABLE NUMBERS) (8 BIT VALUE)
                208: *
01D9 8D14       209: MSETSTATE       BSR     GETSTATEADDRESS HOW OBVIOUS
01DB E749       210:         STAB    STATEVARS&$FF,X
                211:         ;JMP    METAINCPC2
01DD 7E0388     212:         JMP     METAINCPC2
                213: *
                214: *       MQUERYSTATE -- QUERY STATE VARIABLE
                215: *       SETS FLAG TO "TRUE" IF MATCH
                216: *       (:3B) (8 BIT STATE VARIABLE NUMBER) (8 BIT VALUE)
                217: *
  01E0          218: MQUERYSTATE     ;CLR    FLAG    ASSUME THE WORST!
01E0 7F0022     219:         CLR     FLAG
01E3 8D0A       220:         BSR     GETSTATEADDRESS LIKEWISE...
                221:         ;CMPB   STATEVARS&$FF,X
01E5 E149       222:         CMPB    STATEVARS&$FF,X
01E7 2603       223:         BNE     MQUERYSTATE1    B/ NO MATCH
                224:         ;INC    FLAG    A MATCH, REMEMBER THAT!
01E9 7C0022     225:         INC     FLAG
  01EC          226: MQUERYSTATE1    ;JMP    METAINCPC2
01EC 7E0388     227:         JMP     METAINCPC2
                228: *
  01EF          229: GETSTATEADDRESS ;LDX    METAPC  COMPUTE ADDRESS OF STATE VARIABLE
01EF DE20       230:         LDX     METAPC
                231:         ;LDD    0,X     ALSO GRAB 8 BIT VALUE FOR STORE/COMPARISON
01F1 E601       232:         LDAB    (0)+1,X
01F3 A600       233:         LDAA    0,X
01F5 9734       234:         STAA    STATEVARBASE+1
                235:         ;LDX    STATEVARBASE
01F7 DE33       236:         LDX     STATEVARBASE
01F9 39         237:         RTS
                238: *
  01FA          239: MRECOVERYMETAPC ;LDX    METAPC  THIS IS THE ERROR RECOVERY POINT
01FA DE20       240:         LDX     METAPC
01FC DF2A       241:         STX     RECOVERYMETAPC  SAVE THE ADDRESS
01FE 9625       242:         LDAA    NUMSTR  SAVE THE STACKED STRING COUNT
0200 972E       243:         STAA    RECOVERYNUMSTR
0202 9F2C       244:         STS     RECOVERYSTACK   SAVE THE STACK POINTER




ASM/6800 1.4A0: 0202 METAM14C.ASM       
08/16/82 00:00:00; Page 32; Form 1      *** SDOS 1.1 DEFINITIONS ***
M.ASM
                245:         ;JMP    METAM
0204 7E0399     246:         JMP     METAM




ASM/6800 1.4A0: 0207 METAM14C.ASM       
08/16/82 00:00:00; Page 33; Form 1      *** SDOS 1.1 DEFINITIONS ***
M.ASM
0207 9622       248: MBE     LDAA    FLAG    SYNTAX ERROR IF FLAG FALSE
0209 2703       249:         BEQ     MBE1    B/ SYNTAX ERROR
                250:         ;JMP    METAM   B/ ALL IS OK
020B 7E0399     251:         JMP     METAM
  020E          252: MBE1    ;LDX    #M:SYNTAX
020E CE0755     253:         LDX     #M:SYNTAX
                254:         ;JSR    PRINT
0211 BD08B0     255:         JSR     PRINT
0214 2017       256:         BRA     MERR3
                257: *
                258: *       MERR -- DISPLAY ERROR MESSAGE
                259: *
  0216          260: MERR    ;LDX    METAPC
0216 DE20       261:         LDX     METAPC
0218 2004       262:         BRA     MERR2
  021A          263: MERR1   ;JSR    PUTELOG
021A BD0918     264:         JSR     PUTELOG
021D 08         265:         INX
021E A600       266: MERR2   LDAA    0,X
0220 2AF8       267:         BPL     MERR1
0222 08         268:         INX
0223 DF20       269:         STX     METAPC
0225 847F       270:         ANDA    #$7F
                271:         ;JSR    PUTELOG
0227 BD0918     272:         JSR     PUTELOG
                273:         ;JSR    CRLF
022A BD0916     274:         JSR     CRLF
  022D          275: MERR3   ;JSR    DUMPLINE
022D BD08D0     276:         JSR     DUMPLINE
                277:         ;LDX    #ERR:FATALCOMPILE
0230 CE0064     278:         LDX     #ERR:FATALCOMPILE
0233 DF44       279:         STX     CCODE
                280:         ;LDX    RECOVERYMETAPC  IS THE DISTINGUISHED RULE STILL VALID?
0235 DE2A       281:         LDX     RECOVERYMETAPC
0237 271C       282:         BEQ     MFIN    B/ NO, QUIT
0239 DF20       283:         STX     METAPC  YES, USE RECOVERY POINT TO CONTINUE EXECUTION
023B 9E2C       284:         LDS     RECOVERYSTACK   RESTORE THE STACK
023D 962E       285:         LDAA    RECOVERYNUMSTR  RESTORE THE STACKED STRING COUNT
023F 9725       286:         STAA    NUMSTR
0241 8601       287:         LDAA    #1




ASM/6800 1.4A0: 0243 METAM14C.ASM       
08/16/82 00:00:00; Page 34; Form 1      *** SDOS 1.1 DEFINITIONS ***
M.ASM
0243 9743       288:         STAA    OUTFLAG TURN OFF THE OUTPUT
  0245          289: MERRLOOP        ;JSR    STARTTOKEN      START ERROR TOKEN AT THE EMPTYPOINTER!
0245 BD02E8     290:         JSR     STARTTOKEN
                291:         ;JSR    ERRORTOKEN      DO THE ERROR TOKEN SWALLOWER
0248 BD0C83     292:         JSR     ERRORTOKEN
024B 2405       293:         BCC     MERR5   B/ NO MORE STUFF TO SWALLOW!
                294:         ;JSR    EATTOKEN        EAT AN ERROR SOMETHING
024D BD02F6     295:         JSR     EATTOKEN
0250 20F3       296:         BRA     MERRLOOP        B/ GO EAT SOME MORE
  0252          297: MERR5   ;JMP    METAM
0252 7E0399     298:         JMP     METAM




ASM/6800 1.4A0: 0252 METAM14C.ASM       
08/16/82 00:00:00; Page 35; Form 1      *** SDOS 1.1 DEFINITIONS ***
M.ASM
  0255          300: MFIN    ;JSR    PURGEBUFFER     PURGE THE OUTPUT BUFFER
0255 BD094A     301:         JSR     PURGEBUFFER
                302:         ;LDX    CCODE   GET THE COMPLETION CODE
0258 DE44       303:         LDX     CCODE
025A FF0A42     304: MFIN1   STX     IOERROR
                305:         ;LDX    #M:IMDONE
025D CE0761     306:         LDX     #M:IMDONE
                307:         ;JSR    PRINT
0260 BD08B0     308:         JSR     PRINT
                309:         ;LDX    #IOERRORBLOCK
0263 CE0A40     310:         LDX     #IOERRORBLOCK
                311:         ;JMP    SYSCALL$
0266 7E00FB     312:         JMP     SYSCALL$
                313: *
                314: *       TEST FOR PRESENCE OF SELECTED KEYWORD
                315: *       (OPCODE)(POINTER TO KEYWORD IN HASH TABLE)
                316: *
  0269          317: MKEYWORDTEST    ;JSR    DEBLANK SKIP UNWANTED BLANKS
0269 BD02E0     318:         JSR     DEBLANK
                319:         ;CLR    FLAG    ASSUME FAILURE TO MATCH KEYWORD
026C 7F0022     320:         CLR     FLAG
                321:         ;JSR    KEYWORDTOKEN    GO PICK UP TOKEN
026F BD0C86     322:         JSR     KEYWORDTOKEN
0272 2410       323:         BCC     METAKEYWORDEXIT B/ NOT A KEYWORDTOKEN, CAN'T BE KEYWORD SELECTED
                324:         ;JSR    FINDSTRING      LOOKS RATIONAL, GO LOOK IT UP IN HASH TABLE
0274 BD067B     325:         JSR     FINDSTRING
0277 DF39       326:         STX     SAVEX   SAVE POINTER TO HASH TABLE LOCATION
                327:         ;LDX    [METAPC]        FOUND KEYWORD = DESIRED KEYWORD ?
0279 DE20       328:         LDX     METAPC
027B EE00       329:         LDX     0,X
027D 9C39       330:         CPX     SAVEX   ...?
027F 2603       331:         BNE     METAKEYWORDEXIT B/ NO, LEAVE FLAG RESET
                332:         ;DEC    FLAG    MATCHED DESIRED KEYWORD! SET THE FLAG
0281 7A0022     333:         DEC     FLAG
  0284          334: METAKEYWORDEXIT ;LDX    METAPC  ADVANCE METAPC PAST KEYWORD POINTER
0284 DE20       335:         LDX     METAPC
                336:         ;LEAX   2,X
  0000          337:         IF      2<0
 *S*            338:         RPT     -2
 *S*            339:         DEX




ASM/6800 1.4A0: 0284 METAM14C.ASM       
08/16/82 00:00:00; Page 36; Form 1      *** SDOS 1.1 DEFINITIONS ***
M.ASM
                340:         ELSE
  0002          341:         RPT     2
0286 08         342:         INX
                343:         FIN
0288 DF20       344:         STX     METAPC
028A 203A       345:         BRA     FAILRETURN      GO CHECK FOR MNOTTEST, EAT INPUT IF REQ'D




ASM/6800 1.4A0: 028A METAM14C.ASM       
08/16/82 00:00:00; Page 37; Form 1      *** SDOS 1.1 DEFINITIONS ***
M.ASM
                347: *       "CALL TOKEN" INSTRUCTION INTERPRETER
                348: *
  028C          349: CALLT   ;CLR    FLAG    ASSUME TOKEN WILL NOT BE RECOGNIZED
028C 7F0022     350:         CLR     FLAG
028F 860C       351:         LDAA    #(TOKENADD-6)/256
                352:         ;PSHD           SAVE POINTER TO TOKEN ROUTINE
0291 37         353:         PSHB
0292 36         354:         PSHA
                355:         ;JSR    DEBLANK SKIP OVER UNWANTED INPUT
0293 BD02E0     356:         JSR     DEBLANK
                357:         ;PULX           GRAB SAVED POINTER TO TOKEN ROUTINE
0296 30         358:         TSX
0297 EE00       359:         LDX     0,X
0299 31         360:         INS
029A 31         361:         INS
                362:         ;JSR    [(TOKENADD-6)&$FF,X]
029B EE89       363:         LDX     (TOKENADD-6)&$FF,X
029D AD00       364:         JSR     0,X
029F 2425       365:         BCC     FAILRETURN      B/ CARRY CLEAR --> DIDN'T SEE DESIRED TOKEN TYPE
  02A1          366: SUCCESSRETURN   ;JSR    FINDSTRING      NOW FIND THE STRING IN THE DICTIONARY
02A1 BD067B     367:         JSR     FINDSTRING
02A4 A605       368:         LDAA    STRINGNODE:KEYLEN,X IS IT A KEYWORD ?
02A6 2B1E       369:         BMI     FAILRETURN      B/ YEP, CAN'T BE A SUCCESS!
02A8 DF23       370:         STX     STAR    SAVE THE POINTER TO THE STAR STRING
                371:         ;LDD    STAR
02AA D624       372:         LDAB    STAR+1
02AC 9623       373:         LDAA    STAR
                374:         ;PSHD
02AE 37         375:         PSHB
02AF 36         376:         PSHA
02B0 9F39       377:         STS     SAVEX   STACKM >= LIMIT?
                378:         ;LDD    SAVEX
02B2 D63A       379:         LDAB    SAVEX+1
02B4 9639       380:         LDAA    SAVEX
02B6 F00C8A     381:         SUBB    DICT+1  (NOTE: THIS CODE CANNOT BE OPTIMIZED ON 6809)
02B9 B20C89     382:         SBCA    DICT
02BC 272F       383:         BEQ     CALLT4  B/ TOO MANY STRINGS
                384:         ;INC    NUMSTR
02BE 7C0025     385:         INC     NUMSTR
02C1 2B2D       386:         BMI     CALLT5  B/ TOO MANY STRINGS




ASM/6800 1.4A0: 02C1 METAM14C.ASM       
08/16/82 00:00:00; Page 38; Form 1      *** SDOS 1.1 DEFINITIONS ***
M.ASM
  02C3          387: CALLT6  ;DEC    FLAG    REMEMBER THAT WE SUCCESSFULLY OBTAINED A TOKEN
02C3 7A0022     388:         DEC     FLAG
  02C6          389: FAILRETURN      ; RE-ENTRY POINT FOR "TOKEN NOT RECOGNIZED"
                390:         ;LDX    METAPC  INVERT THE FLAG IF NOTTST
02C6 DE20       391:         LDX     METAPC
02C8 E600       392:         LDAB    0,X
                393:         ;CMPB   #:MNOTTEST
02CA C122       394:         CMPB    #:MNOTTEST
02CC 2709       395:         BEQ     MNOTTEST        B/ IT'S A NOTTEST
02CE 9622       396:         LDAA    FLAG    IS THE INPUT RECOGNIZED ?
02D0 2702       397:         BEQ     CALLT2  B/ NO
02D2 8D22       398:         BSR     EATTOKEN        YES, EAT IT UP!
  02D4          399: CALLT2  ;JMP    METAM
02D4 7E0399     400:         JMP     METAM
                401: 
  02D7          402: MNOTTEST        ;COM    FLAG    DON'T EAT THE INPUT
02D7 730022     403:         COM     FLAG
                404:         ;JMP    METAINXPC
02DA 7E0393     405:         JMP     METAINXPC
                406: *
  02DD          407: DEBLANKLOOP     ;JSR    EATTOKEN        EAT UP THE BLANK
02DD BD02F6     408:         JSR     EATTOKEN
  02E0          409: DEBLANK ;JSR    STARTTOKEN      START SCAN AT BUFFER START
02E0 BD02E8     410:         JSR     STARTTOKEN
                411:         ;JSR    DEBLANKTOKEN    GO SEE IF A BLANK TOKEN IS GIVEN
02E3 BD0C80     412:         JSR     DEBLANKTOKEN
02E6 25F5       413:         BCS     DEBLANKLOOP     B/ YEP, EAT IT AND TRY AGAIN
  02E8          414: STARTTOKEN      ;LDX    EMPTYPOINTER
02E8 DE3D       415:         LDX     EMPTYPOINTER
02EA DF3F       416:         STX     SCANPOINTER
02EC 39         417:         RTS
                418: *
  02ED          419: CALLT4  ;JMP    ERRCALLSTKOVFLW
02ED 7E03DD     420:         JMP     ERRCALLSTKOVFLW
                421: 
  02F0          422: CALLT5  ;LDX    #M:TOOMANYSTRINGS
02F0 CE07B5     423:         LDX     #M:TOOMANYSTRINGS
                424:         ;JMP    CROAK
02F3 7E08BD     425:         JMP     CROAK
                426: **




ASM/6800 1.4A0: 02F3 METAM14C.ASM       
08/16/82 00:00:00; Page 39; Form 1      *** SDOS 1.1 DEFINITIONS ***
M.ASM
  02F6          427: EATTOKEN        ;LDX    SCANPOINTER
02F6 DE3F       428:         LDX     SCANPOINTER
02F8 DF3D       429:         STX     EMPTYPOINTER
02FA 39         430:         RTS
                431: *
  02FB          432: BACKUP  ;LDX    SCANPOINTER
02FB DE3F       433:         LDX     SCANPOINTER
02FD 09         434:         DEX
02FE 8C0A9D     435:         CPX     #INPUTBUFFER-1
0301 2603       436:         BNE     BACKUP1
                437:         ;LDX    #INPUTBUFFEREND-1
0303 CE0C33     438:         LDX     #INPUTBUFFEREND-1
0306 DF3F       439: BACKUP1 STX     SCANPOINTER
0308 39         440:         RTS




ASM/6800 1.4A0: 0308 METAM14C.ASM       
08/16/82 00:00:00; Page 40; Form 1      *** SDOS 1.1 DEFINITIONS ***
M.ASM
  0309          442: MTEST   ;CLR    FLAG    ASSUME FAILURE
0309 7F0022     443:         CLR     FLAG
                444:         ;JSR    DEBLANK TEST FOR PRESENCE OF STRING
030C BD02E0     445:         JSR     DEBLANK
                446:         ;LDX    METAPC
030F DE20       447:         LDX     METAPC
0311 09         448:         DEX
0312 DF20       449:         STX     METAPC
  0314          450: MTEST1  ;JSR    GETTOKENCHAR    GET A CHAR FROM THE INPUT STREAM
0314 BD0968     451:         JSR     GETTOKENCHAR
                452:         ;LDX    METAPC  GET A CHAR FROM THE META STRING
0317 DE20       453:         LDX     METAPC
0319 08         454:         INX
031A DF20       455:         STX     METAPC
                456:         ;CMPA   0,X
031C A100       457:         CMPA    0,X
031E 27F4       458:         BEQ     MTEST1  B/ MATCHED SO FAR, KEEP GOING
                459:         ;CMPA   #'a     DIDN'T MATCH, PERHAPS CASE IS INCORRECT
0320 8161       460:         CMPA    #'a
0322 2D0A       461:         BLT     MTEST1A B/ STRINGS DON'T MATCH
                462:         ;CMPA   #'z     ...(checking for lower case)
0324 817A       463:         CMPA    #'z
0326 2E06       464:         BGT     MTEST1A B/ STRINGS DON'T MATCH
0328 8020       465:         SUBA    #'a-'A  CONVERT TO UPPER CASE
                466:         ;CMPA   0,X     MATCH AGAINST STRING ?
032A A100       467:         CMPA    0,X
032C 27E6       468:         BEQ     MTEST1  B/ MATCHED SO FAR, KEEP GOING
032E E600       469: MTEST1A LDAB    0,X     WAS THIS THE LAST CHAR?
0330 2A07       470:         BPL     MTEST2  B/ NOPE, NO MATCH
0332 C47F       471:         ANDB    #$7F    YES, COMPARE IT AGAIN
0334 11         472:         CBA
0335 270C       473:         BEQ     MTEST3  B/ STRING MATCHES
0337 2005       474:         BRA     MTEST2A
                475: 
0339 08         476: MTEST2  INX
033A A600       477:         LDAA    0,X
033C 2AFB       478:         BPL     MTEST2  B/ NOT DONE YET
033E 08         479: MTEST2A INX             FAILED TO MATCH
033F DF20       480:         STX     METAPC
0341 2083       481:         BRA     FAILRETURN




ASM/6800 1.4A0: 0341 METAM14C.ASM       
08/16/82 00:00:00; Page 41; Form 1      *** SDOS 1.1 DEFINITIONS ***
M.ASM
                482: 
0343 08         483: MTEST3  INX             SUCCESSFUL MATCH
0344 DF20       484:         STX     METAPC
                485:         ;JMP    CALLT6  GO EAT THE INPUT
0346 7E02C3     486:         JMP     CALLT6




ASM/6800 1.4A0: 0346 METAM14C.ASM       
08/16/82 00:00:00; Page 42; Form 1      *** SDOS 1.1 DEFINITIONS ***
M.ASM
  0349          488: MCL     ;LDX    METAPC
0349 DE20       489:         LDX     METAPC
034B 2004       490:         BRA     MCL2
                491: 
  034D          492: MCL1    ;JSR    PUTCHAR
034D BD0929     493:         JSR     PUTCHAR
0350 08         494:         INX
0351 A600       495: MCL2    LDAA    0,X
0353 2AF8       496:         BPL     MCL1
0355 847F       497:         ANDA    #$7F
                498:         ;JSR    PUTCHAR
0357 BD0929     499:         JSR     PUTCHAR
                500:         ;JMP    METAINXPC
035A 7E0393     501:         JMP     METAINXPC




ASM/6800 1.4A0: 035A METAM14C.ASM       
08/16/82 00:00:00; Page 43; Form 1      *** SDOS 1.1 DEFINITIONS ***
M.ASM
                503: *       BRANCH TRUE, SIGNED DISPLACEMENT
                504: *       01XXXXXX XXXXXXXX
                505: *
035D 9622       506: BT      LDAA    FLAG
035F 2715       507:         BEQ     METAINXPC2      B/ FLAG IS FALSE, DON'T BRANCH
  0361          508: BT1     ;TFR    B,A     COPY UPPER BYTE OF DISPLACE TO (A)
0361 17         509:         TBA
0362 48         510:         ASLA            SIGN EXTEND THE BRANCH DISPLACEMENT
0363 47         511:         ASRA            NOTE: RELATIVE DISPLACEMENT IS FROM ADDRESS
0364 47         512:         ASRA            OF THE OPCODE BYTE
0365 E601       513:         LDAB    1,X
                514:         ;ADDD   METAPC
0367 DB21       515:         ADDB    METAPC+1
0369 9920       516:         ADCA    METAPC
                517:         ;STD    METAPC
036B D721       518:         STAB    METAPC+1
036D 9720       519:         STAA    METAPC
                520:         ;JMP    METAM
036F 7E0399     521:         JMP     METAM
                522: *
                523: *       BRANCH FALSE, SIGNED DISPLACEMENT
                524: *       10XXXXXX XXXXXXXX
                525: *
0372 9622       526: BF      LDAA    FLAG    IS THE FLAG FALSE?
0374 27EB       527:         BEQ     BT1     B/ YES, TAKE THE BRANCH
  0376          528: METAINXPC2      ;LEAX   2,X     BUMP (X) TWICE AND USE FOR META PC
  0000          529:         IF      2<0
 *S*            530:         RPT     -2
 *S*            531:         DEX
                532:         ELSE
  0002          533:         RPT     2
0376 08         534:         INX
                535:         FIN
0378 DF20       536:         STX     METAPC
                537:         ;JMP    METAMX
037A 7E039B     538:         JMP     METAMX
                539: *
                540: *       MASM -- ENTER ASSEMBLY CODE
                541: *
  037D          542: MASM    ;JMP    [METAPC]        RE-ENTRY IS THRU "ENTERMETA" ENTRY POINT




ASM/6800 1.4A0: 037D METAM14C.ASM       
08/16/82 00:00:00; Page 44; Form 1      *** SDOS 1.1 DEFINITIONS ***
M.ASM
037D DE20       543:         LDX     METAPC
037F 6E00       544:         JMP     0,X
                545: *
  0381          546: ENTERMETA       ;LDX    ,S++    RE-ENTER META-CODE
0381 30         547:         TSX
0382 EE00       548:         LDX     0,X
0384 31         549:         INS
0385 31         550:         INS
                551: *                       CALLED VIA: JSR ENTERMETA
0386 200C       552:         BRA     METASTXPC       FOLLOWED BY META CODE




ASM/6800 1.4A0: 0386 METAM14C.ASM       
08/16/82 00:00:00; Page 45; Form 1      *** SDOS 1.1 DEFINITIONS ***
M.ASM
  0388          554: METAINCPC2      ;LDX    METAPC  BUMP META PC BY TWO AND CONTINUE EXECUTION
0388 DE20       555:         LDX     METAPC
                556:         ;LEAX   2,X
  0000          557:         IF      2<0
 *S*            558:         RPT     -2
 *S*            559:         DEX
                560:         ELSE
  0002          561:         RPT     2
038A 08         562:         INX
                563:         FIN
038C DF20       564:         STX     METAPC
                565:         ;JMP    METAMX
038E 7E039B     566:         JMP     METAMX
                567: 
  0391          568: METAINCPC       ;LDX    METAPC  BUMP META PC AND CONTINUE EXECUTION
0391 DE20       569:         LDX     METAPC
0393 08         570: METAINXPC       INX             BUMP (X) AND USE FOR META PC
0394 DF20       571: METASTXPC       STX     METAPC  USE (X) FOR META PC
                572:         ;JMP    METAMX  WHICH IS 1 CYCLE FASTER THAN FALLING INTO
0396 7E039B     573:         JMP     METAMX
                574: 
  0399          575: METAM   ;LDX    METAPC  GET THE META PROGRAM COUNTER
0399 DE20       576:         LDX     METAPC
039B E600       577: METAMX  LDAB    0,X     PICK UP THE META OPCODE
039D 58         578:         ASLB            WHICH HALF OF THE TABLE?
039E 250D       579:         BCS     METAM1  B/ MUST BE "BRANCH FALSE" OR "CALL SUBR 0 T
03A0 2BBB       580:         BMI     BT      B/ MUST BE BRANCH IF TRUE
03A2 08         581:         INX             BUMP THE META PC
03A3 DF20       582:         STX     METAPC
  0001          583:         IF      M6800!M6801
03A5 D732       584:         STAB    DECODEADD+1
                585:         ;LDX    DECODEADD       COMPUTE THE DISPLACEMENT
03A7 DE31       586:         LDX     DECODEADD
                587:         ;JMP    [DECODE&$FF,X]  GO TO META ROUTINE
03A9 EE59       588:         LDX     DECODE&$FF,X
03AB 6E00       589:         JMP     0,X
  0001          590:         ELSE    (M6809)
 *S*            591:         ;LDX    #DECODE
 *S*            592:         LDX     #DECODE
 *S*            593:         ;JMP    [B,X]




ASM/6800 1.4A0: 03AB METAM14C.ASM       
08/16/82 00:00:00; Page 46; Form 1      *** SDOS 1.1 DEFINITIONS ***
M.ASM
 *S*            594:         LDX     B,X
 *S*            595:         JMP     0,X
                596:         FIN
                597: 
03AD 2AC3       598: METAM1  BPL     BF      B/ MUST BE "BRANCH IF FALSE"
                599: *       BRA     CALLS0TO63      B/ MUST BE "CALL SUBROUTINE 0 TO 63"




ASM/6800 1.4A0: 03AD METAM14C.ASM       
08/16/82 00:00:00; Page 47; Form 1      *** SDOS 1.1 DEFINITIONS ***
M.ASM
                601: *       CALL SUBROUTINE 0 TO 63
                602: *       11XXXXXX
                603: *
                604: *       STRING N ADD HIGH
                605: *       STRING N ADD LOW
                606: *       :
                607: *       :
                608: *       STRING 1 ADD HIGH
                609: *       STRING 1 ADD LOW
                610: *       NUMSTR
                611: *       INCLBL HIGH
                612: *       INCLBL LOW
                613: *       METPC HIGH
                614: *       METAPC LOW
                615: *
03AF 860C       616: CALLS0TO63      LDAA    #(SUBRADD-$C0*2+$100)/256 COMPUTE SUBROUTINE ADDRESS
  03B1          617: CALLS0  ;STD    SAVEX   THIS CODE IS TRICKY, SO WATCH OUT!
03B1 D73A       618:         STAB    SAVEX+1
03B3 9739       619:         STAA    SAVEX
                620:         ;LDX    SAVEX
03B5 DE39       621:         LDX     SAVEX
                622:         ;LDX    (SUBRADD-$C0*2+$100)&$FF,X
03B7 EE49       623:         LDX     (SUBRADD-$C0*2+$100)&$FF,X
03B9 2728       624:         BEQ     ERRUNDEFSUBR
                625:         ;LDD    METAPC  SAVE THE METAPC
03BB D621       626:         LDAB    METAPC+1
03BD 9620       627:         LDAA    METAPC
                628: *       (NOTE: IT MUST BE INCREMENTED BEFORE USED AGAIN)
                629:         ;PSHD
03BF 37         630:         PSHB
03C0 36         631:         PSHA
03C1 DF20       632:         STX     METAPC
                633:         ;LDD    INCLBL  SAVE THE INCARNATION LABEL
03C3 D627       634:         LDAB    INCLBL+1
03C5 9626       635:         LDAA    INCLBL
                636:         ;PSHD
03C7 37         637:         PSHB
03C8 36         638:         PSHA
03C9 9625       639:         LDAA    NUMSTR  SAVE NUMBER OF STACKED STRINGS
03CB 36         640:         PSHA




ASM/6800 1.4A0: 03CB METAM14C.ASM       
08/16/82 00:00:00; Page 48; Form 1      *** SDOS 1.1 DEFINITIONS ***
M.ASM
                641:         ;CLR    NUMSTR  SET NUMBER OF STRINGS TO 'NONE"
03CC 7F0025     642:         CLR     NUMSTR
03CF 9F39       643:         STS     SAVEX   CHECK ENOUGH ROOM FOR AT LEAST 256 BYTES
                644:         ;LDD    SAVEX
03D1 D63A       645:         LDAB    SAVEX+1
03D3 9639       646:         LDAA    SAVEX
03D5 F00C8A     647:         SUBB    DICT+1  (NOTE: THIS CODE CANNOT BE OPTIMIZED ON 6809)
03D8 B20C89     648:         SBCA    DICT
03DB 262A       649:         BNE     MPARAMS B/ ALL IS OK, CHECK FOR PARAMETERS
  03DD          650: ERRCALLSTKOVFLW ;LDX    #M:CALLSTACKOVERFLOW
03DD CE0795     651:         LDX     #M:CALLSTACKOVERFLOW
                652:         ;JMP    CROAK
03E0 7E08BD     653:         JMP     CROAK
                654: *
  03E3          655: ERRUNDEFSUBR    ;LDX    #M:UNDEFSUBR
03E3 CE0874     656:         LDX     #M:UNDEFSUBR
                657:         ;JMP    CROAK
03E6 7E08BD     658:         JMP     CROAK
                659: *
                660: *       CALL SUBROUTINE # 64 TO 319 / 320 TO 575
                661: *       00000001 XXXXXXXX
                662: *       00000010 XXXXXXXX
                663: *
03E9 17         664: CALLSEXTENDED   TBA             COPY OPCODE * 2 TO (A,B)
                665:         ;LDX    METAPC
03EA DE20       666:         LDX     METAPC
03EC E600       667:         LDAB    0,X     FETCH 2ND BYTE OF OPCODE
03EE 58         668:         ASLB
03EF 890B       669:         ADCA    #0+(SUBRADD-$C0*2)/256
03F1 20BE       670:         BRA     CALLS0  OOOH... TALK ABOUT PROGRAMMING TRICKS...
                671: *       WHAT HAPPENS NEXT IS THE "LDX..(SUBR..)&$FF,X" TRICK
                672: *       WHICH JUST SO HAPPENS TO HAVE THE CORRECT DISPLACEMENT!




ASM/6800 1.4A0: 03F1 METAM14C.ASM       
08/16/82 00:00:00; Page 49; Form 1      *** SDOS 1.1 DEFINITIONS ***
M.ASM
  03F3          674: MPARAMSL        ;JSR    REALIZELABEL    FORCE LABEL GENERATION
03F3 BD060C     675:         JSR     REALIZELABEL
                676:         ;LDD    INCLBL  SAVE IT IN THE STACK SO WE GET IT BACK WHEN WE RETURN
03F6 D627       677:         LDAB    INCLBL+1
03F8 9626       678:         LDAA    INCLBL
                679:         ;STD    1,S     THIS IS WHERE IT IS!
03FA 30         680:         TSX
03FB E702       681:         STAB    (1)+1,X
03FD A701       682:         STAA    1,X
                683:         ;LDX    POINTER1        MUST GET PARAMETER LIST LENGTH AGAIN
03FF DE35       684:         LDX     POINTER1
0401 E602       685:         LDAB    2,X     GET THE LIST LENGTH
0403 C47F       686:         ANDB    #$7F    DUMP THE "PASS GEN'D LABEL#" FLAG
0405 2014       687:         BRA     MPARAMS0
                688: 
  0407          689: MPARAMS ;LDX    3,S     SEE IF ANY PARAMETERS (GET THE RETURN METAPC)
0407 30         690:         TSX
0408 EE03       691:         LDX     3,X
040A E601       692:         LDAB    1,X     GET THE METAOP AT THE RETURN ADDRESS
                693:         ;CMPB   #:MPARAMS       AND SEE IF ANY PARAMETERS
040C C138       694:         CMPB    #:MPARAMS
040E 2643       695:         BNE     MPARAMS5        B/ NO
0410 DF35       696:         STX     POINTER1        YES, REMEMBER THE PARAMETER LIST
0412 E602       697:         LDAB    2,X     GET THE LIST LENGTH
0414 2BDD       698:         BMI     MPARAMSL        B/ MUST PASS GENERATED LABEL NUMBER, TOO!
                699:         ;LDX    #0      SET THE INCARNATION LABEL TO 'NONE'
0416 CE0000     700:         LDX     #0
0419 DF26       701:         STX     INCLBL
041B D725       702: MPARAMS0        STAB    NUMSTR  REMEMBER THE LIST LENGTH
                703: *                       BUMP THE RETURN METAPC PAST THE ARG LIST
041D 4F         704:         CLRA            EXTEND LIST LENGTH TO 16 BITS
041E CB02       705:         ADDB    #2              +2 FOR METAOP AND LIST LENGTH
                706:         ;ADDD   3,S
0420 30         707:         TSX
0421 EB04       708:         ADDB    (3)+1,X
0423 A903       709:         ADCA    3,X
  0000          710:         IF      M6809
 *S*            711:         ;STD    3,S
 *S*            712:         TSX
 *S*            713:         STAB    (3)+1,X




ASM/6800 1.4A0: 0423 METAM14C.ASM       
08/16/82 00:00:00; Page 50; Form 1      *** SDOS 1.1 DEFINITIONS ***
M.ASM
 *S*            714:         STAA    3,X
                715:         ELSE
                716:         ;STD    3,X
0425 E704       717:         STAB    (3)+1,X
0427 A703       718:         STAA    3,X
                719:         FIN
0429 D625       720:         LDAB    NUMSTR
042B 2723       721:         BEQ     MPARAMS2        B/ NO ARGUMENTS TO COPY!




ASM/6800 1.4A0: 042B METAM14C.ASM       
08/16/82 00:00:00; Page 51; Form 1      *** SDOS 1.1 DEFINITIONS ***
M.ASM
  042D          723: MPARAMS1        ;LDX    SAVEX
042D DE39       724:         LDX     SAVEX
042F A601       725:         LDAA    0+1-M6809,X     GET THE STACKED NUMSTR
                726:         ;LDX    POINTER1        GET NEXT STRING NUMBER FROM METAPROGRAM
0431 DE35       727:         LDX     POINTER1
0433 A003       728:         SUBA    3,X
0435 2524       729:         BCS     MPARAMS6        B/ STRING SELECTOR OUT OF RANGE
0437 08         730:         INX
0438 DF35       731:         STX     POINTER1
043A 48         732:         ASLA
043B 9B3A       733:         ADDA    SAVEX+1
043D 9701       734:         STAA    TEMPX+1
043F 9639       735:         LDAA    SAVEX
0441 8900       736:         ADCA    #0
0443 9700       737:         STAA    TEMPX
                738:         ;LDX    TEMPX
0445 DE00       739:         LDX     TEMPX
0447 A607       740:         LDAA    6+1-M6809,X
0449 36         741:         PSHA
044A A606       742:         LDAA    5+1-M6809,X
044C 36         743:         PSHA
044D 5A         744:         DECB            ARE WE DONE?
044E 26DD       745:         BNE     MPARAMS1        B/ NO
  0450          746: MPARAMS2        ;JMP    METAM
0450 7E0399     747:         JMP     METAM
                748: 
  0453          749: MPARAMS5        ;LDX    #0      SET THE INCARNATION LABEL TOJ 'NONO'
0453 CE0000     750:         LDX     #0
0456 DF26       751:         STX     INCLBL
                752:         ;JMP    METAM
0458 7E0399     753:         JMP     METAM
                754: 
  045B          755: MPARAMS6        ;LDX    #M:STRINGSELECTOR
045B CE07FF     756:         LDX     #M:STRINGSELECTOR
                757:         ;JMP    CROAK
045E 7E08BD     758:         JMP     CROAK




ASM/6800 1.4A0: 0461 METAM14C.ASM       
08/16/82 00:00:00; Page 52; Form 1      *** SDOS 1.1 DEFINITIONS ***
M.ASM
0461 86FF       760: MSET    LDAA    #$FF    SET THE FLAG
0463 200E       761:         BRA     MQUERY2
                762: *
                763: *
                764: *
  0465          765: MQUERYN ;JSR    FINDSTRINGADD   GET ADD OF NTH STRING
0465 BD04E8     766:         JSR     FINDSTRINGADD
0468 2004       767:         BRA     MQUERY1
                768: 
  046A          769: MQUERY  ;LDX    STAR
046A DE23       770:         LDX     STAR
046C 27ED       771:         BEQ     MPARAMS6        B/ NO STAR STRING !
  046E          772: MQUERY1 ;JSR    FINDFLAG        ADD IN X, BIT # IN A
046E BD050B     773:         JSR     FINDFLAG
0471 A400       774:         ANDA    STRINGNODE:FLAGS,X
0473 9722       775: MQUERY2 STAA    FLAG
                776:         ;JMP    METAM
0475 7E0399     777:         JMP     METAM
                778: *
                779: *
                780: *
0478 8D6E       781: MTAGN   BSR     FINDSTRINGADD
047A 2004       782:         BRA     MTAG1
                783: 
  047C          784: MTAG    ;LDX    STAR
047C DE23       785:         LDX     STAR
047E 27DB       786:         BEQ     MPARAMS6        B/ NO STAR STRING !
  0480          787: MTAG1   ;JSR    FINDFLAG
0480 BD050B     788:         JSR     FINDFLAG
0483 AA00       789:         ORAA    STRINGNODE:FLAGS,X
0485 A700       790:         STAA    STRINGNODE:FLAGS,X
                791:         ;JMP    METAM
0487 7E0399     792:         JMP     METAM
                793: *
                794: *
                795: *
048A 8D5C       796: MUNTAGN BSR     FINDSTRINGADD
048C 2004       797:         BRA     MUNTAGN1
                798: 
  048E          799: MUNTAG  ;LDX    STAR




ASM/6800 1.4A0: 048E METAM14C.ASM       
08/16/82 00:00:00; Page 53; Form 1      *** SDOS 1.1 DEFINITIONS ***
M.ASM
048E DE23       800:         LDX     STAR
0490 2773       801:         BEQ     ERRSTRINGSELRNG B/ NO STAR STRING !
0492 8D77       802: MUNTAGN1        BSR     FINDFLAG
0494 43         803:         COMA
0495 A400       804:         ANDA    STRINGNODE:FLAGS,X
0497 A700       805:         STAA    STRINGNODE:FLAGS,X
                806:         ;JMP    METAM
0499 7E0399     807:         JMP     METAM




ASM/6800 1.4A0: 049C METAM14C.ASM       
08/16/82 00:00:00; Page 54; Form 1      *** SDOS 1.1 DEFINITIONS ***
M.ASM
049C 8D4A       809: MSETTYPEN       BSR     FINDSTRINGADD   SET TYPE OF *N STRING
049E 8D16       810:         BSR     FETCH2ND        GET THE 2ND PARAMETER BYTE OF OPCODE
04A0 A702       811:         STAA    STRINGNODE:TYPE,X
                812:         ;JMP    METAM
04A2 7E0399     813:         JMP     METAM
                814: 
04A5 8D41       815: MQUERYTYPEN     BSR     FINDSTRINGADD   QUERY TYPE OF *N STRING
04A7 8D0D       816:         BSR     FETCH2ND
                817:         ;CLR    FLAG    ASSUME NO MATCH
04A9 7F0022     818:         CLR     FLAG
                819:         ;CMPA   STRINGNODE:TYPE,X
04AC A102       820:         CMPA    STRINGNODE:TYPE,X
04AE 2603       821:         BNE     MQUERYTYPEN1    B/ NO MATCH
                822:         ;INC    FLAG    MATCH!
04B0 7C0022     823:         INC     FLAG
  04B3          824: MQUERYTYPEN1    ;JMP    METAM
04B3 7E0399     825:         JMP     METAM
                826: 
04B6 DF39       827: FETCH2ND        STX     SAVEX   FETCH 2ND PARAMETER BYTE OF OPCODE
                828:         ;LDX    METAPC
04B8 DE20       829:         LDX     METAPC
                830:         ;LDA    ,X+
04BA A600       831:         LDAA    0,X
04BC 08         832:         INX
04BD DF20       833:         STX     METAPC
                834:         ;LDX    SAVEX
04BF DE39       835:         LDX     SAVEX
04C1 39         836:         RTS




ASM/6800 1.4A0: 04C2 METAM14C.ASM       
08/16/82 00:00:00; Page 55; Form 1      *** SDOS 1.1 DEFINITIONS ***
M.ASM
04C2 9625       838: FINDSTARN       LDAA    NUMSTR  FIND NTH STRING, N IN (B)
04C4 10         839:         SBA
04C5 253E       840:         BCS     ERRSTRINGSELRNG B/ STRING SELECTOR OUT OF RANGE
04C7 48         841:         ASLA            #2
04C8 9F39       842:         STS     SAVEX
04CA 9B3A       843:         ADDA    SAVEX+1
04CC 973A       844:         STAA    SAVEX+1
04CE 2403       845:         BCC     FINDSTARN1
                846:         ;INC    SAVEX
04D0 7C0039     847:         INC     SAVEX
  04D3          848: FINDSTARN1      ;LDX    SAVEX
04D3 DE39       849:         LDX     SAVEX
                850: *       THE 3,X ALLOWS 1 FOR STACK, 2 FOR RETURN ADDRESS
                851:         ;LDX    3-M6809,X       GET ADDRESS OF NTH STRING
04D5 EE03       852:         LDX     3-M6809,X
04D7 2004       853:         BRA     FINDSTAR1
                854: 
  04D9          855: FINDSTAR        ;LDX    STAR    FIND STAR STRING, RETURN ADDR IN (X)
04D9 DE23       856:         LDX     STAR
04DB 2728       857:         BEQ     ERRSTRINGSELRNG B/ NO STAR STRING !
04DD E605       858: FINDSTAR1       LDAB    STRINGNODE:KEYLEN,X AND RETURN LENGTH IN (B)
04DF C47F       859:         ANDB    #$7F
                860:         ;LEAX   STRINGNODE:BODY,X
  0000          861:         IF      STRINGNODE:BODY<0
 *S*            862:         RPT     -STRINGNODE:BODY
 *S*            863:         DEX
                864:         ELSE
  0006          865:         RPT     STRINGNODE:BODY
04E1 08         866:         INX
                867:         FIN
04E7 39         868:         RTS




ASM/6800 1.4A0: 04E7 METAM14C.ASM       
08/16/82 00:00:00; Page 56; Form 1      *** SDOS 1.1 DEFINITIONS ***
M.ASM
  04E8          870: FINDSTRINGADD   ;LDX    METAPC
04E8 DE20       871:         LDX     METAPC
                872:         ;LDB    ,X+     FETCH STRING SELECTOR BYTE
04EA E600       873:         LDAB    0,X
04EC 08         874:         INX
04ED DF20       875:         STX     METAPC
04EF 9625       876:         LDAA    NUMSTR
04F1 10         877:         SBA
04F2 2511       878:         BCS     ERRSTRINGSELRNG B/ STRING SELECTOR OUT OF RANGE
04F4 48         879:         ASLA            #2
04F5 9F39       880:         STS     SAVEX
04F7 9B3A       881:         ADDA    SAVEX+1
04F9 973A       882:         STAA    SAVEX+1
04FB 2403       883:         BCC     FINDSTRINGADD1
                884:         ;INC    SAVEX
04FD 7C0039     885:         INC     SAVEX
  0500          886: FINDSTRINGADD1  ;LDX    SAVEX
0500 DE39       887:         LDX     SAVEX
                888: *       THE 3,X ALLOWS 1 FOR STACK, 2 FOR RETURN ADDRESS
                889:         ;LDX    3-M6809,X       GET ADDRESS OF NTH STRING
0502 EE03       890:         LDX     3-M6809,X
0504 39         891:         RTS
  0505          892: ERRSTRINGSELRNG ;LDX    #M:STRINGSELECTOR
0505 CE07FF     893:         LDX     #M:STRINGSELECTOR
                894:         ;JMP    CROAK
0508 7E08BD     895:         JMP     CROAK
                896: *
050B DF39       897: FINDFLAG        STX     SAVEX   SAVE THE STRING ADDRESS
                898:         ;LDX    METAPC
050D DE20       899:         LDX     METAPC
                900:         ;LDB    ,X+     GET THE BIT NUMBER
050F E600       901:         LDAB    0,X
0511 08         902:         INX
0512 DF20       903:         STX     METAPC
                904:         ;LDX    SAVEX   GET THE STRING ADDRESS BACK
0514 DE39       905:         LDX     SAVEX
0516 C40F       906:         ANDB    #$F     MAKE SURE IT'S < 16
                907:         ;CMPB   #7
0518 C107       908:         CMPB    #7
051A 2F03       909:         BLE     FINDFLAG1




ASM/6800 1.4A0: 051C METAM14C.ASM       
08/16/82 00:00:00; Page 57; Form 1      *** SDOS 1.1 DEFINITIONS ***
M.ASM
051C C008       910:         SUBB    #8
051E 08         911:         INX
051F 4F         912: FINDFLAG1       CLRA            FORM THE BIT MASK
0520 0D         913:         SEC
0521 49         914: FINDFLAG2       ROLA
0522 5A         915:         DECB
0523 2AFC       916:         BPL     FINDFLAG2
0525 39         917:         RTS




ASM/6800 1.4A0: 0525 METAM14C.ASM       
08/16/82 00:00:00; Page 58; Form 2      *** SDOS 1.1 DEFINITIONS ***
M.ASM
                  1: *       MOVESTRINGUP TAKES THE SELECTED STRING AND INVENTS
                  2: *       A STACKED STRING ENTRY FOR THE CALLING ROUTINE
                  3: *
0526 8DC0         4: MOVESTRINGUP    BSR     FINDSTRINGADD   GO FIND THE STACKED STRING ADDRESS
0528 DF39         5:         STX     SAVEX
                  6:         ;LEAS   -2,S    RESERVE 2 BYTES FOR THE PUSHED STAR STRING
  0001            7:         IF      -2<0
  0002            8:         RPT     --2
052A 34           9:         DES
  0001           10:         ELSE
 *S*             11:         RPT     -2
 *S*             12:         INS
                 13:         FIN
052C D625        14:         LDAB    NUMSTR  MOVE THE STACKED STRINGS FIRST
052E 58          15:         ASLB
052F 30          16:         TSX
0530 A602        17: MOVESTR1        LDAA    2,X
                 18:         ;STA    ,X+
0532 A700        19:         STAA    0,X
0534 08          20:         INX
0535 5A          21:         DECB
0536 26F8        22:         BNE     MOVESTR1
                 23:         ;INC    2,X     BUMP THE NUMSTR IN THE STACK
0538 6C02        24:         INC     2,X
053A 2B23        25:         BMI     MOVESTR3        B/ TOO MANY STRINGS, ERROR
053C C605        26:         LDAB    #5
053E A602        27: MOVESTR2        LDAA    2,X
                 28:         ;STA    ,X+
0540 A700        29:         STAA    0,X
0542 08          30:         INX
0543 5A          31:         DECB
0544 26F8        32:         BNE     MOVESTR2
                 33:         ;LDD    SAVEX
0546 D63A        34:         LDAB    SAVEX+1
0548 9639        35:         LDAA    SAVEX
                 36:         ;STD    0,X
054A E701        37:         STAB    (0)+1,X
054C A700        38:         STAA    0,X
054E 9F39        39:         STS     SAVEX
                 40:         ;LDD    SAVEX




ASM/6800 1.4A0: 0550 METAM14C.ASM       
08/16/82 00:00:00; Page 59; Form 2      *** SDOS 1.1 DEFINITIONS ***
M.ASM
0550 D63A        41:         LDAB    SAVEX+1
0552 9639        42:         LDAA    SAVEX
0554 F00C8A      43:         SUBB    DICT+1  (NOTE: THIS CODE CANNOT BE OPTIMIZED FOR 6809)
0557 B20C89      44:         SBCA    DICT
055A 2709        45:         BEQ     JERRCALLSTKOVFLW        B/ STACK SPACE EXHAUSTED
                 46:         ;JMP    METAM
055C 7E0399      47:         JMP     METAM
                 48: 
  055F           49: MOVESTR3        ;LDX    #M:TOOMANYSTRINGS
055F CE07B5      50:         LDX     #M:TOOMANYSTRINGS
                 51:         ;JMP    CROAK
0562 7E08BD      52:         JMP     CROAK
  0565           53: JERRCALLSTKOVFLW        ;JMP    ERRCALLSTKOVFLW
0565 7E03DD      54:         JMP     ERRCALLSTKOVFLW




ASM/6800 1.4A0: 0565 METAM14C.ASM       
08/16/82 00:00:00; Page 60; Form 2      *** SDOS 1.1 DEFINITIONS ***
M.ASM
                 56: *       MINCLUDE USES THE STAR STRING AS A FILE NAME TO
                 57: *       REDIRECT THE SOURCE INPUT CHANNEL
                 58: *
  0568           59: MINCLUDE        ;LDX    STAR
0568 DE23        60:         LDX     STAR
056A E605        61:         LDAB    STRINGNODE:KEYLEN,X GET THE COUNT BYTE
056C C47F        62:         ANDB    #$7F    MASK OFF THE KEY BIT
                 63:         ;LEAX   STRINGNODE:BODY,X
  0000           64:         IF      STRINGNODE:BODY<0
 *S*             65:         RPT     -STRINGNODE:BODY
 *S*             66:         DEX
                 67:         ELSE
  0006           68:         RPT     STRINGNODE:BODY
056E 08          69:         INX
                 70:         FIN
                 71:         ;CLR    OPENIFILE+OPEN:LENGTH
0574 7F0A4E      72:         CLR     OPENIFILE+OPEN:LENGTH
0577 F70A4F      73:         STAB    OPENIFILE+OPEN:LENGTH+1
057A FF0A4C      74:         STX     OPENIFILE+OPEN:NAMEP SAVE THE BUFFER POINTER
                 75:         ;INC    SICHANNEL       WE NEED A NEW I/O CHANNEL
057D 7C0A25      76:         INC     SICHANNEL
0580 F60A25      77:         LDAB    SICHANNEL
0583 F70A4A      78:         STAB    OPENIFILE+OPEN:CHANNEL SET THE CHANNEL NUMBER
                 79:         ;LDX    #OPENIFILE
0586 CE0A48      80:         LDX     #OPENIFILE
                 81:         ;JSR    SYSCALL$
0589 BD00FB      82:         JSR     SYSCALL$
058C 2411        83:         BCC     METAMJ  B/ NO ERROR
                 84:         ;DEC    SICHANNEL       ENSURE THAT SI CHANNEL IS REALLY OPEN
058E 7A0A25      85:         DEC     SICHANNEL
0591 DF48        86:         STX     INCLUDEERROR    SAVE THE ERROR CODE
                 87:         ;JSR    DUMPLINE        TELL THE USER WHY HE'S WRONG
0593 BD08D0      88:         JSR     DUMPLINE
                 89:         ;LDX    INCLUDEERROR
0596 DE48        90:         LDX     INCLUDEERROR
                 91:         ;JMP    CALLSYSCALL1
0598 7E0A36      92:         JMP     CALLSYSCALL1




ASM/6800 1.4A0: 059B METAM14C.ASM       
08/16/82 00:00:00; Page 61; Form 2      *** SDOS 1.1 DEFINITIONS ***
M.ASM
059B 9622        94: MRT     LDAA    FLAG    META SUBROUTINE RETURN IF TRUE
059D 260A        95:         BNE     MR      B/ RETURN
  059F           96: METAMJ  ;JMP    METAM   NO RETURN
059F 7E0399      97:         JMP     METAM
                 98: *
05A2 9622        99: MRF     LDAA    FLAG    METASUBROUTINE RETURN IF FALSE
05A4 2703       100:         BEQ     MR      B/ RETURN
                101:         ;JMP    METAM   NO RETURN
05A6 7E0399     102:         JMP     METAM
                103: *
05A9 D625       104: MR      LDAB    NUMSTR  DITCH THE * STRINGS FOR THIS RULE
05AB 58         105:         ASLB            *2 (ASSERT: NUMSTR<=127)
  0000          106:         IF      M6809
 *S*            107:         CLRA            MAKE UNSIGNED 16 BIT DISPLACEMENT
 *S*            108:         ;LEAS   D,S
 *S*            109:         IF      D<0
 *S*            110:         RPT     -D
 *S*            111:         DES
 *S*            112:         ELSE
 *S*            113:         RPT     D
 *S*            114:         INS
 *S*            115:         FIN
                116:         ELSE
05AC 9F39       117:         STS     SAVEX
05AE DB3A       118:         ADDB    SAVEX+1
05B0 D73A       119:         STAB    SAVEX+1
05B2 2403       120:         BCC     MR1
                121:         ;INC    SAVEX
05B4 7C0039     122:         INC     SAVEX
05B7 9E39       123: MR1     LDS     SAVEX
                124:         FIN
05B9 32         125:         PULA
05BA 9725       126:         STAA    NUMSTR
                127:         ;PULD
05BC 32         128:         PULA
05BD 33         129:         PULB
                130:         ;STD    INCLBL
05BE D727       131:         STAB    INCLBL+1
05C0 9726       132:         STAA    INCLBL
                133:         ;PULD




ASM/6800 1.4A0: 05C2 METAM14C.ASM       
08/16/82 00:00:00; Page 62; Form 2      *** SDOS 1.1 DEFINITIONS ***
M.ASM
05C2 32         134:         PULA
05C3 33         135:         PULB
                136:         ;STD    METAPC
05C4 D721       137:         STAB    METAPC+1
05C6 9720       138:         STAA    METAPC
05C8 30         139:         TSX             SO '00 AND '09 GET THE SAME THING
05C9 DF39       140:         STX     SAVEX   NOW FORGET THE DISTINGUISHED RULE IF STACK
                141:         ;LDD    RECOVERYSTACK   IS POPPED PAST ITS NESTING
05CB D62D       142:         LDAB    RECOVERYSTACK+1
05CD 962C       143:         LDAA    RECOVERYSTACK
                144:         ;SUBD   SAVEX
05CF D03A       145:         SUBB    SAVEX+1
05D1 9239       146:         SBCA    SAVEX
05D3 2405       147:         BCC     MR2     B/ STILL OK
                148:         ;LDX    #0
05D5 CE0000     149:         LDX     #0
05D8 DF2A       150:         STX     RECOVERYMETAPC  RECOVERYMETAPC IS NO LONGER VALID
  05DA          151: MR2     ;JMP    METAINCPC       BECAUSE "CALL" NEVER ADVANCED IT!
05DA 7E0391     152:         JMP     METAINCPC




ASM/6800 1.4A0: 05DD METAM14C.ASM       
08/16/82 00:00:00; Page 63; Form 2      *** SDOS 1.1 DEFINITIONS ***
M.ASM
05DD 860D       154: MCR     LDAA    #ASCII:CR
                155:         ;JSR    PUTCHAR
05DF BD0929     156:         JSR     PUTCHAR
                157:         ;JMP    METAM
05E2 7E0399     158:         JMP     METAM
                159: 
05E5 8609       160: MTAB    LDAA    #ASCII:HT
                161:         ;JSR    PUTCHAR
05E7 BD0929     162:         JSR     PUTCHAR
                163:         ;JMP    METAM
05EA 7E0399     164:         JMP     METAM
                165: *
  05ED          166: MOUTN   ;JSR    FINDSTRINGADD
05ED BD04E8     167:         JSR     FINDSTRINGADD
05F0 8D0A       168:         BSR     OUTSTRING
                169:         ;JMP    METAM
05F2 7E0399     170:         JMP     METAM
                171: 
  05F5          172: MOUT    ;LDX    STAR
05F5 DE23       173:         LDX     STAR
05F7 8D03       174:         BSR     OUTSTRING
                175:         ;JMP    METAM
05F9 7E0399     176:         JMP     METAM
                177: *
05FC E605       178: OUTSTRING       LDAB    STRINGNODE:KEYLEN,X GET THE STRING LENGTH
05FE C47F       179:         ANDB    #$7F    MASK OFF THE KEY BIT
0600 2709       180:         BEQ     OUTSTRING2      B/ ZERO LENGTH STRING
0602 A606       181: OUTSTRING1      LDAA    STRINGNODE:BODY,X GET A CHAR
                182:         ;JSR    PUTCHAR OUTPUT IT
0604 BD0929     183:         JSR     PUTCHAR
0607 08         184:         INX
0608 5A         185:         DECB
0609 26F7       186:         BNE     OUTSTRING1      B/ MORE TO DO
060B 39         187: OUTSTRING2      RTS             DONE




ASM/6800 1.4A0: 060B METAM14C.ASM       
08/16/82 00:00:00; Page 64; Form 2      *** SDOS 1.1 DEFINITIONS ***
M.ASM
                189: *
                190: *       REALIZE LABEL -- ENSURE THAT A LABEL NUMBER HAS BEEN GENERATED...
                191: *       FOR THIS INCARNATION
                192: *
  060C          193: REALIZELABEL    EQU     *
                194:         ;LDX    INCLBL  GET INCARNATION LABEL
060C DE26       195:         LDX     INCLBL
060E 2607       196:         BNE     MGENL1  = NONE (ZERO VALUE)
                197:         ;LDX    LABGEN  BUMP LABEL GENERATOR &
0610 DE28       198:         LDX     LABGEN
0612 08         199:         INX     SET INCARNATION LABEL
0613 DF28       200:         STX     LABGEN
0615 DF26       201:         STX     INCLBL
0617 39         202: MGENL1  RTS
                203: 
0618 8DF2       204: MGENL   BSR     REALIZELABEL    FORCE LABEL NUMBER GENERATION
                205:         ;LDX    METAPC  GET THE LABEL NUMBER
061A DE20       206:         LDX     METAPC
                207:         ;LDA    ,X+
061C A600       208:         LDAA    0,X
061E 08         209:         INX
061F DF20       210:         STX     METAPC
0621 8B30       211:         ADDA    #'0
                212:         ;JSR    PUTCHAR APPEND TO LABEL '$'
0623 BD0929     213:         JSR     PUTCHAR
                214:         ;CLR    FLAG    USE THIS AS A LEAD ZERO FLAG
0626 7F0022     215:         CLR     FLAG
0629 9626       216:         LDAA    INCLBL
062B 8D07       217:         BSR     MGENL2
062D 9627       218:         LDAA    INCLBL+1
062F 8D03       219:         BSR     MGENL2
                220:         ;JMP    METAM
0631 7E0399     221:         JMP     METAM
                222: *
0634 36         223: MGENL2  PSHA
0635 44         224:         LSRA
0636 44         225:         LSRA
0637 44         226:         LSRA
0638 44         227:         LSRA
0639 8D03       228:         BSR     MGENL3




ASM/6800 1.4A0: 063B METAM14C.ASM       
08/16/82 00:00:00; Page 65; Form 2      *** SDOS 1.1 DEFINITIONS ***
M.ASM
063B 32         229:         PULA
063C 840F       230:         ANDA    #$F
063E 2606       231: MGENL3  BNE     MGENL4  B/ NOT A ZERO
0640 D622       232:         LDAB    FLAG    WAITING FOR NONZERO?
0642 270F       233:         BEQ     MGENL6  B/ YES, DON'T OUTPUT
0644 2002       234:         BRA     MGENL4A NO, OUTPUT IT ANYWAY
0646 9722       235: MGENL4  STAA    FLAG
  0648          236: MGENL4A ;CMPA   #10
0648 810A       237:         CMPA    #10
064A 2D02       238:         BLT     MGENL5
064C 8B07       239:         ADDA    #7
064E 8B30       240: MGENL5  ADDA    #'0
                241:         ;JMP    PUTCHAR
0650 7E0929     242:         JMP     PUTCHAR
0653 39         243: MGENL6  RTS




ASM/6800 1.4A0: 0653 METAM14C.ASM       
08/16/82 00:00:00; Page 66; Form 2      *** SDOS 1.1 DEFINITIONS ***
M.ASM
                245: *
                246: *       COMPUTEHASH -- COMPUTE POINTER TO HASH BUCKET FOR STRING...
                247: *       (X) POINTS TO STRING BODY; (B) CONTAINS STRING LENGTH
                248: *
0654 D701       249: COMPUTEHASH     STAB    TEMPB   SAVE COUNT
0656 4F         250:         CLRA
                251: *       CLC             (PREVIOUS INSTRUCTION DID THIS)
0657 48         252: HASH    ASLA            SHIFT THE BITS AROUND TO HELP GARBLE THINGS
                253:         ;LDB    ,X+     GET THE NEXT STRING BYTE
0658 E600       254:         LDAB    0,X
065A 08         255:         INX
065B C45F       256:         ANDB    #%01011111      DROP UPPER/LOWER CASE BIT
065D C900       257:         ADCB    #0      FEED BACK SHIFTED OUT MSB (CAN'T CARRY OUT!
065F 1B         258:         ABA             SUM SHIFTED HASH AND NEW CHARACTER
0660 8C0C34     259:         CPX     #INPUTBUFFEREND (NOTE: THIS DESTROYS C BIT ON 6809!)
0663 2603       260:         BNE     HASH1
                261:         ;LDX    #INPUTBUFFER
0665 CE0A9E     262:         LDX     #INPUTBUFFER
  0668          263: HASH1   ;DEC    TEMPB   DOWN COUNT # BYTES NOT HASHED YET
0668 7A0001     264:         DEC     TEMPB
066B 26EA       265:         BNE     HASH
                266:         ;TFR    A,B     TO MAKE FOLLOWING CODE EFFICIENT ON '09
066D 16         267:         TAB
066E C41F       268:         ANDB    #$1F    CHOP TO 32 BUCKETS
0670 58         269:         ASLB            BUCKET NUMBER * 2
0671 4F         270:         CLRA            MAKE UNSIGNED 16 BIT OFFSET
                271:         ;ADDD   #HASHTABLE-STRINGNODE:NEXT
0672 CB5B       272:         ADDB    #(HASHTABLE-STRINGNODE:NEXT)&$FF
0674 890A       273:         ADCA    #(HASHTABLE-STRINGNODE:NEXT)/256
                274:         ;STD    TOKENPOINTER
0676 D730       275:         STAB    TOKENPOINTER+1
0678 972F       276:         STAA    TOKENPOINTER
067A 39         277:         RTS




ASM/6800 1.4A0: 067A METAM14C.ASM       
08/16/82 00:00:00; Page 67; Form 2      *** SDOS 1.1 DEFINITIONS ***
M.ASM
  067B          279: FINDSTRING      ;LDD    SCANPOINTER     COMPUTE LENGTH OF STAR STRING
067B D640       280:         LDAB    SCANPOINTER+1
067D 963F       281:         LDAA    SCANPOINTER
                282:         ;SUBD   EMPTYPOINTER
067F D03E       283:         SUBB    EMPTYPOINTER+1
0681 923D       284:         SBCA    EMPTYPOINTER
0683 2404       285:         BCC     FINDSTRING1A    B/ LENGTH IS POSITIVE
                286:         ;ADDD   #INPUTBUFFERSIZE IS NEGATIVE, FIND ABSOLUTE VALUE
0685 CB90       287:         ADDB    #(INPUTBUFFERSIZE)&$FF
0687 8901       288:         ADCA    #(INPUTBUFFERSIZE)/256
  0689          289: FINDSTRING1A    EQU     *
  0000          290:         IF      M6809
 *S*            291:         TSTA
                292:         FIN
0689 265C       293:         BNE     FINDSTRINGA     B/STRING SIZE >=256, CAN'T HANDLE
068B 5D         294:         TSTB
068C 2B59       295:         BMI     FINDSTRINGA     B/ STRING SIZE >= 128, CAN'T HANDLE
068E D746       296:         STAB    STRINGLENGTH    WE'LL NEED THIS LOTS, LATER
                297:         ;LDX    EMPTYPOINTER    COMPUTE HASH BUCKET
0690 DE3D       298:         LDX     EMPTYPOINTER
0692 8620       299:         LDAA    #'a-'A  ASSUME WE WILL HAVE TO CONVERT LOWER TO UPPER
0694 9747       300:         STAA    CASECONVERSION  (I.E., THIS IS NOT A "STRING" TOKEN)
0696 A600       301:         LDAA    0,X     GET FIRST BYTE OF TOKEN BODY
                302:         ;CMPA   #''     START WITH SINGLE OR DOUBLE QUOTE ?
0698 8127       303:         CMPA    #''
069A 2704       304:         BEQ     FINDSTRING2A    B/ YEP, DON'T FOLD CASE!
                305:         ;CMPA   #'"     ...?
069C 8122       306:         CMPA    #'"
069E 2603       307:         BNE     FINDSTRING2B    B/NO, DO FOLD LOWER INTO UPPER CASE
  06A0          308: FINDSTRING2A    ;CLR    CASECONVERSION  IS STRING TOKEN, DON'T FOLD CASE!
06A0 7F0047     309:         CLR     CASECONVERSION
06A3 8DAF       310: FINDSTRING2B    BSR     COMPUTEHASH
06A5 D646       311: FINDSTRING2     LDAB    STRINGLENGTH    CHECK NEXT STRINGNODE ON CHAIN FOR MATCH
                312:         ;LDX    TOKENPOINTER
06A7 DE2F       313:         LDX     TOKENPOINTER
                314:         ;LDX    STRINGNODE:NEXT,X GET POINTER TO NEXT NODE
06A9 EE03       315:         LDX     STRINGNODE:NEXT,X
06AB 2740       316:         BEQ     FINDSTRING5     B/ END OF LIST, GO INSERT
06AD DF2F       317:         STX     TOKENPOINTER
06AF A605       318:         LDAA    STRINGNODE:KEYLEN,X GET COUNT BYTE




ASM/6800 1.4A0: 06B1 METAM14C.ASM       
08/16/82 00:00:00; Page 68; Form 2      *** SDOS 1.1 DEFINITIONS ***
M.ASM
06B1 847F       319:         ANDA    #$7F    IGNORE KEYWORD BIT
06B3 11         320:         CBA             LENGTH EQUAL?
06B4 26EF       321:         BNE     FINDSTRING2     B/ NO, TRY NEXT
06B6 DF37       322:         STX     POINTER2
                323:         ;LDX    EMPTYPOINTER
06B8 DE3D       324:         LDX     EMPTYPOINTER
06BA 2002       325:         BRA     FINDSTRING3A
  06BC          326: FINDSTRING3     ;LDX    POINTER1
06BC DE35       327:         LDX     POINTER1
  06BE          328: FINDSTRING3A    ;LDA    ,X+
06BE A600       329:         LDAA    0,X
06C0 08         330:         INX
06C1 8C0C34     331:         CPX     #INPUTBUFFEREND
06C4 2603       332:         BNE     FINDSTRING4
                333:         ;LDX    #INPUTBUFFER
06C6 CE0A9E     334:         LDX     #INPUTBUFFER
06C9 DF35       335: FINDSTRING4     STX     POINTER1
                336:         ;LDX    POINTER2
06CB DE37       337:         LDX     POINTER2
                338:         ;CMPA   STRINGNODE:BODY,X
06CD A106       339:         CMPA    STRINGNODE:BODY,X
06CF 270E       340:         BEQ     FINDSTRING4A    B/ BYTES MATCH!
                341:         ;CMPA   #'a     BYTES DON'T MATCH, PERHAPS CASE IS WRONG
06D1 8161       342:         CMPA    #'a
06D3 2DD0       343:         BLT     FINDSTRING2     B/ CASE IS OK, STRINGS DON'T MATCH!
                344:         ;CMPA   #'z     ...
06D5 817A       345:         CMPA    #'z
06D7 2ECC       346:         BGT     FINDSTRING2     B/ CASE IS OK, STRINGS DON'T MATCH!
06D9 9047       347:         SUBA    CASECONVERSION  CONVERT TO UPPER CASE
                348:         ;CMPA   STRINGNODE:BODY,X AND TRY THE COMPARISON AGAIN!
06DB A106       349:         CMPA    STRINGNODE:BODY,X
06DD 26C6       350:         BNE     FINDSTRING2     B/ STILL DOESN'T MATCH...
06DF 08         351: FINDSTRING4A    INX
06E0 DF37       352:         STX     POINTER2
06E2 5A         353:         DECB            DECREMENT BYTE COUNT
06E3 26D7       354:         BNE     FINDSTRING3     B/ STILL MORE TO CHECK
06E5 2065       355:         BRA     FINDSTRING8     MATCHED!!
  06E7          356: FINDSTRINGA     ;LDX    #M:STRINGLENGTH
06E7 CE07DB     357:         LDX     #M:STRINGLENGTH
                358:         ;JMP    CROAK




ASM/6800 1.4A0: 06EA METAM14C.ASM       
08/16/82 00:00:00; Page 69; Form 2      *** SDOS 1.1 DEFINITIONS ***
M.ASM
06EA 7E08BD     359:         JMP     CROAK




ASM/6800 1.4A0: 06EA METAM14C.ASM       
08/16/82 00:00:00; Page 70; Form 2      *** SDOS 1.1 DEFINITIONS ***
M.ASM
                361: *
                362: *       INSERT THE STRING INTO A NEW STRINGNODE
                363: *
  06ED          364: FINDSTRING5     ;LDD    DICT    ALLOCATE THE SPACE
06ED F60C8A     365:         LDAB    DICT+1
06F0 B60C89     366:         LDAA    DICT
                367: *       ASSERT: >=256 BYTES OF DICTIONARY SPACE AVAILABLE
                368:         ;LDX    TOKENPOINTER
06F3 DE2F       369:         LDX     TOKENPOINTER
                370:         ;STD    STRINGNODE:NEXT,X
06F5 E704       371:         STAB    (STRINGNODE:NEXT)+1,X
06F7 A703       372:         STAA    STRINGNODE:NEXT,X
06F9 DB46       373:         ADDB    STRINGLENGTH    STRINGLENGTH
06FB 8900       374:         ADCA    #0
                375:         ;ADDD   #STRINGNODE:BODY +OVERHEAD
06FD CB06       376:         ADDB    #(STRINGNODE:BODY)&$FF
06FF 8900       377:         ADCA    #(STRINGNODE:BODY)/256
                378:         ;STD    DICT
0701 F70C8A     379:         STAB    DICT+1
0704 B70C89     380:         STAA    DICT
0707 9F00       381:         STS     TEMPX
0709 D001       382:         SUBB    TEMPX+1 IS THERE ENOUGH ROOM?
070B 9200       383:         SBCA    TEMPX   (NOTE: CANNOT OPTIMIZE THIS CODE ON 6809)
070D 2740       384:         BEQ     FINDSTRING9     B/ NO
                385:         ;LDX    TOKENPOINTER    GET ADDRESS OF NEW NODE
070F DE2F       386:         LDX     TOKENPOINTER
                387:         ;LDX    STRINGNODE:NEXT,X
0711 EE03       388:         LDX     STRINGNODE:NEXT,X
0713 DF2F       389:         STX     TOKENPOINTER
                390:         ;CLR    STRINGNODE:FLAGS,X FLAGS HIGH
0715 6F00       391:         CLR     STRINGNODE:FLAGS,X
                392:         ;CLR    STRINGNODE:FLAGS+1,X FLAGS LOW
0717 6F01       393:         CLR     STRINGNODE:FLAGS+1,X
                394:         ;CLR    STRINGNODE:TYPE,X SET TYPE TO 'UNDEFINED'
0719 6F02       395:         CLR     STRINGNODE:TYPE,X
                396:         ;CLR    STRINGNODE:NEXT,X END OF LIST
071B 6F03       397:         CLR     STRINGNODE:NEXT,X
                398:         ;CLR    STRINGNODE:NEXT+1,X
071D 6F04       399:         CLR     STRINGNODE:NEXT+1,X
071F D646       400:         LDAB    STRINGLENGTH    ASSERT: MSB IS OFF!




ASM/6800 1.4A0: 0721 METAM14C.ASM       
08/16/82 00:00:00; Page 71; Form 2      *** SDOS 1.1 DEFINITIONS ***
M.ASM
0721 E705       401:         STAB    STRINGNODE:KEYLEN,X K, LENGTH
0723 DF37       402:         STX     POINTER2
                403:         ;LDX    EMPTYPOINTER
0725 DE3D       404:         LDX     EMPTYPOINTER
0727 2002       405:         BRA     FINDSTRING6B
  0729          406: FINDSTRING6     ;LDX    POINTER1
0729 DE35       407:         LDX     POINTER1
  072B          408: FINDSTRING6B    ;LDA    ,X+
072B A600       409:         LDAA    0,X
072D 08         410:         INX
                411:         ;CMPA   #'a     FOLD LOWER CASE INTO UPPER CASE
072E 8161       412:         CMPA    #'a
0730 2D06       413:         BLT     FINDSTRING6A    B/ NOT LOWER CASE
                414:         ;CMPA   #'z     ...?
0732 817A       415:         CMPA    #'z
0734 2E02       416:         BGT     FINDSTRING6A    B/ NOT LOWER CASE
0736 9047       417:         SUBA    CASECONVERSION  is lower case, MAKE INTO UPPER CASE
0738 8C0C34     418: FINDSTRING6A    CPX     #INPUTBUFFEREND
073B 2603       419:         BNE     FINDSTRING7
                420:         ;LDX    #INPUTBUFFER
073D CE0A9E     421:         LDX     #INPUTBUFFER
0740 DF35       422: FINDSTRING7     STX     POINTER1
                423:         ;LDX    POINTER2
0742 DE37       424:         LDX     POINTER2
0744 A706       425:         STAA    STRINGNODE:BODY,X
0746 08         426:         INX
0747 DF37       427:         STX     POINTER2
0749 5A         428:         DECB
074A 26DD       429:         BNE     FINDSTRING6
  074C          430: FINDSTRING8     ;LDX    TOKENPOINTER
074C DE2F       431:         LDX     TOKENPOINTER
074E 39         432:         RTS
  074F          433: FINDSTRING9     ;LDX    #M:DICTIONARYOVERFLOW DICTIONARY OVERFLOW
074F CE0775     434:         LDX     #M:DICTIONARYOVERFLOW
                435:         ;JMP    CROAK
0752 7E08BD     436:         JMP     CROAK




ASM/6800 1.4A0: 0755 METAM14C.ASM       
08/16/82 00:00:00; Page 72; Form 2      *** SDOS 1.1 DEFINITIONS ***
M.ASM
0755 53796E74   438: M:SYNTAX        FCC     'Syntax Erro'
0760 F2         439:         FCB     'r+$80
0761 436F6D70   440: M:IMDONE        FCC     'Compilation Complet'
0774 E5         441:         FCB     'e+$80
0775 4D656D6F   442: M:DICTIONARYOVERFLOW    FCC     'Memory Full: Dictionary Overflo'
0794 F7         443:         FCB     'w+$80
0795 4D656D6F   444: M:CALLSTACKOVERFLOW     FCC     'Memory Full: Call Stack Overflo'
07B4 F7         445:         FCB     'w+$80
07B5 436F6D70   446: M:TOOMANYSTRINGS        FCC     'Compiler Bug! Too many stacked String'
07DA F3         447:         FCB     's+$80
07DB 53747269   448: M:STRINGLENGTH  FCC     'String Length exceeds 127 character'
07FE F3         449:         FCB     's+$80
07FF 436F6D70   450: M:STRINGSELECTOR        FCC     'Compiler Bug! String Selector out of rang'
0828 E5         451:         FCB     'e+$80
0829 456E6420   452: M:EOFHIT        FCC     'End of file Hit before End of Progra'
084D ED         453:         FCB     'm+$80
084E 436F6D70   454: M:BADMETAOP     FCC     'Compiler Bug! Illegal Meta Instructio'
0873 EE         455:         FCB     'n+$80
0874 436F6D70   456: M:UNDEFSUBR     FCC     'Compiler Bug! Undefined Subroutin'
0895 E5         457:         FCB     'e+$80
0896 536F7572   458: M:LINETOOLONG   FCC     'Source line is too lon'
08AC E7         459:         FCB     'g+$80




ASM/6800 1.4A0: 08AC METAM14C.ASM       
08/16/82 00:00:00; Page 73; Form 2      *** SDOS 1.1 DEFINITIONS ***
M.ASM
                461: 
                462: *       PRINT MESSAGE (X)
                463: *
08AD 8D69       464: PRINT2  BSR     PUTELOG
08AF 08         465:         INX
08B0 A600       466: PRINT   LDAA    0,X
08B2 2AF9       467:         BPL     PRINT2
08B4 847F       468:         ANDA    #$7F
08B6 8D60       469:         BSR     PUTELOG
08B8 205C       470:         BRA     CRLF
                471: *
  08BA          472: BADMETAOP       ;LDX    #M:BADMETAOP
08BA CE084E     473:         LDX     #M:BADMETAOP
08BD DF39       474: CROAK   STX     SAVEX   SAVE MESSAGE ADDRESS
                475:         ;JSR    PURGEBUFFER     SO IRA CAN SEE JUST HOW FAR WE GOT
08BF BD094A     476:         JSR     PURGEBUFFER
                477:         ;LDX    SAVEX   GET MESSAGE ADDRESS AND GO PRINT IT
08C2 DE39       478:         LDX     SAVEX
08C4 8DEA       479:         BSR     PRINT
08C6 8D08       480:         BSR     DUMPLINE
08C8 8D4C       481:         BSR     CRLF
  08CA          482: CROAK1  ;LDX    #ERR:FATALCOMPILE
08CA CE0064     483:         LDX     #ERR:FATALCOMPILE
                484:         ;JMP    MFIN1
08CD 7E025A     485:         JMP     MFIN1




ASM/6800 1.4A0: 08CD METAM14C.ASM       
08/16/82 00:00:00; Page 74; Form 2      *** SDOS 1.1 DEFINITIONS ***
M.ASM
                487: *       DUMPLINE -- PRINTS OUT LAST LINE OF TEXT COLLECTED
                488: *       ALONG WITH "^" POINTER TO CURRENT TEXT POSITION
                489: *
  08D0          490: DUMPLINE        ;LDX    EMPTYPOINTER    REMEMBER EXACTLY WHERE THE ERROR OCCURED
08D0 DE3D       491:         LDX     EMPTYPOINTER
08D2 DF35       492:         STX     POINTER1
08D4 860D       493:         LDAA    #ASCII:CR
                494: *       <CR> at end of buffer will take care of case where error in first line
08D6 8C0A9E     495: DUMPLINE1       CPX     #INPUTBUFFER    AT FRONT OF BUFFER ?
08D9 2603       496:         BNE     DUMPLINE0       B/ NO, LEAVE POINTER ALONE
                497:         ;LDX    #INPUTBUFFEREND YES, MAKE POINTER GO BACKWARDS CIRCULARLY
08DB CE0C34     498:         LDX     #INPUTBUFFEREND
08DE 09         499: DUMPLINE0       DEX
08DF 9C3B       500:         CPX     FILLPOINTER
08E1 2704       501:         BEQ     DUMPLINE3       B/ CAN'T GO BACK ANY FURTHER
                502:         ;CMPA   0,X
08E3 A100       503:         CMPA    0,X
08E5 26EF       504:         BNE     DUMPLINE1       B/ DIDN'T FIND BEGINNING OF LINE YET
08E7 08         505: DUMPLINE3       INX     START AT BEGINNING OF LINE
08E8 8C0C34     506:         CPX     #INPUTBUFFEREND AT END OF BUFFER ?
08EB 2603       507:         BNE     DUMPLINE2       B/ NO
                508:         ;LDX    #INPUTBUFFER    YES, MAKE POINTER GO CIRCULARLY
08ED CE0A9E     509:         LDX     #INPUTBUFFER
08F0 DF3D       510: DUMPLINE2       STX     EMPTYPOINTER
08F2 DF3F       511:         STX     SCANPOINTER
  08F4          512: DUMPLINE4       ;JSR    GETTOKENCHAR
08F4 BD0968     513:         JSR     GETTOKENCHAR
08F7 8D1F       514:         BSR     PUTELOG
                515:         ;CMPA   #ASCII:CR
08F9 810D       516:         CMPA    #ASCII:CR
08FB 26F7       517:         BNE     DUMPLINE4
  08FD          518: DUMPLINE5       ;LDX    EMPTYPOINTER    AT ERROR POINT ?
08FD DE3D       519:         LDX     EMPTYPOINTER
08FF 9C35       520:         CPX     POINTER1        ...?
0901 270D       521:         BEQ     DUMPLINE7       B/ YEP
                522:         ;JSR    GETINPUTCHAR
0903 BD097E     523:         JSR     GETINPUTCHAR
                524:         ;CMPA   #ASCII:HT       UNLESS IT'S A TAB...
0906 8109       525:         CMPA    #ASCII:HT
0908 2702       526:         BEQ     DUMPLINE6




ASM/6800 1.4A0: 090A METAM14C.ASM       
08/16/82 00:00:00; Page 75; Form 2      *** SDOS 1.1 DEFINITIONS ***
M.ASM
090A 8620       527:         LDAA    #'      OUTPUT A BLANK
090C 8D0A       528: DUMPLINE6       BSR     PUTELOG
090E 20ED       529:         BRA     DUMPLINE5
0910 865E       530: DUMPLINE7       LDAA    #'^
0912 8D04       531:         BSR     PUTELOG
0914 8D00       532:         BSR     CRLF    OUTPUT 2 CRLF'S TO SEPARATE EACH ERROR DISP
                533: *       BRA     CRLF




ASM/6800 1.4A0: 0914 METAM14C.ASM       
08/16/82 00:00:00; Page 76; Form 2      *** SDOS 1.1 DEFINITIONS ***
M.ASM
                535: *
0916 860D       536: CRLF    LDAA    #ASCII:CR
0918 36         537: PUTELOG PSHA
0919 DF39       538:         STX     SAVEX
091B 30         539:         TSX
091C FF0A5A     540:         STX     CONSOLEOUTBUFFER
                541:         ;LDX    #CONSOLEOUT
091F CE0A56     542:         LDX     #CONSOLEOUT
                543:         ;JSR    CALLSYSCALL
0922 BD0A31     544:         JSR     CALLSYSCALL
                545:         ;LDX    SAVEX
0925 DE39       546:         LDX     SAVEX
0927 32         547:         PULA
0928 39         548:         RTS




ASM/6800 1.4A0: 0928 METAM14C.ASM       
08/16/82 00:00:00; Page 77; Form 2      *** SDOS 1.1 DEFINITIONS ***
M.ASM
                550: *       PUT THE CHARACTER INTO THE OUTPUT BUFFER
                551: *       WHEN THE OUTPUT BUFFER BECOMES FULL,
                552: *       WRITE IT TO THE OUTPUT FILE
                553: *
0929 7D0043     554: PUTCHAR TST     OUTFLAG IS THE OUTPUT ENABLED?
092C 261B       555:         BNE     PUTCHAR2        B/ NO
092E DF39       556:         STX     SAVEX   YES, SAVE HIS X
                557:         ;LDX    OUTPUTPOINTER
0930 DE41       558:         LDX     OUTPUTPOINTER
                559:         ;STA    ,X+
0932 A700       560:         STAA    0,X
0934 08         561:         INX
0935 8C0C80     562:         CPX     #OUTPUTBUFFEREND ARE WE AT THE END OF THE BUFFER?
0938 260B       563:         BNE     PUTCHAR1        B/ NO, CONTINUE
093A 37         564:         PSHB            SAVE (B), SOME PEOPLE USE HIM AS COUNTER
                565:         ;LDX    #PUTBUFFER      OUTPUT THE BUFFER
093B CE095E     566:         LDX     #PUTBUFFER
                567:         ;JSR    CALLSYSCALL
093E BD0A31     568:         JSR     CALLSYSCALL
0941 33         569:         PULB            RESTORE (B)
                570:         ;LDX    #OUTPUTBUFFER
0942 CE0C34     571:         LDX     #OUTPUTBUFFER
0945 DF41       572: PUTCHAR1        STX     OUTPUTPOINTER
                573:         ;LDX    SAVEX
0947 DE39       574:         LDX     SAVEX
0949 39         575: PUTCHAR2        RTS
                576: *
  094A          577: PURGEBUFFER     ;LDD    OUTPUTPOINTER   AT QUITTING TIME
094A D642       578:         LDAB    OUTPUTPOINTER+1
094C 9641       579:         LDAA    OUTPUTPOINTER
                580:         ;SUBD   #OUTPUTBUFFER
094E C034       581:         SUBB    #(OUTPUTBUFFER)&$FF
0950 820C       582:         SBCA    #(OUTPUTBUFFER)/256
                583:         ;STD    PUTBUFFERL
0952 F70965     584:         STAB    PUTBUFFERL+1
0955 B70964     585:         STAA    PUTBUFFERL
                586:         ;LDX    #PUTBUFFER
0958 CE095E     587:         LDX     #PUTBUFFER
                588:         ;JMP    CALLSYSCALL
095B 7E0A31     589:         JMP     CALLSYSCALL




ASM/6800 1.4A0: 095B METAM14C.ASM       
08/16/82 00:00:00; Page 78; Form 2      *** SDOS 1.1 DEFINITIONS ***
M.ASM
                590: *
095E 0C         591: PUTBUFFER       FCB     SYSCALL:WRITEA  SYSCALL OPCODE
095F 08         592:         FCB     WRITEA:SCLEN    LENGTH OF SYSCALL BLOCK
0960 01         593:         FCB     SO      SOURCE OUTPUT CHANNEL
0961 00         594:         FCB     IGNORED ONE BYTE FILLER
0962 0C34       595:         FDB     OUTPUTBUFFER    POINTER TO THE DATA
0964 004C       596: PUTBUFFERL      FDB     OUTPUTBUFFERSIZE SIZE OF DATA




ASM/6800 1.4A0: 0966 METAM14C.ASM       
08/16/82 00:00:00; Page 79; Form 2      *** SDOS 1.1 DEFINITIONS ***
M.ASM
0966 8D2A       598: GETTOKENCHAR0   BSR     FILLTHEBUFFER
  0968          599: GETTOKENCHAR    ;LDX    SCANPOINTER     NO, GET THE NEXT TOKEN CHAR
0968 DE3F       600:         LDX     SCANPOINTER
096A 9C3B       601:         CPX     FILLPOINTER     AT END OF USEABLE INPUT ?
096C 27F8       602:         BEQ     GETTOKENCHAR0   B/ YES, GO GET SOME MORE!
                603:         ;LDA    ,X+
096E A600       604:         LDAA    0,X
0970 08         605:         INX
0971 8C0C34     606:         CPX     #INPUTBUFFEREND
0974 2603       607:         BNE     GETTOKENCHAR2
                608:         ;LDX    #INPUTBUFFER
0976 CE0A9E     609:         LDX     #INPUTBUFFER
0979 DF3F       610: GETTOKENCHAR2   STX     SCANPOINTER
097B 39         611:         RTS
                612: *
097C 8D14       613: GETINPUTCHAR0   BSR     FILLTHEBUFFER
  097E          614: GETINPUTCHAR    ;LDX    EMPTYPOINTER    NO, GET NEXT INPUT CHAR
097E DE3D       615:         LDX     EMPTYPOINTER
0980 9C3B       616:         CPX     FILLPOINTER
0982 27F8       617:         BEQ     GETINPUTCHAR0   B/ BUFFER IS EXHAUSTED
                618:         ;LDA    ,X+
0984 A600       619:         LDAA    0,X
0986 08         620:         INX
0987 8C0C34     621:         CPX     #INPUTBUFFEREND
098A 2603       622:         BNE     GETINPUTCHAR2
                623:         ;LDX    #INPUTBUFFER
098C CE0A9E     624:         LDX     #INPUTBUFFER
098F DF3D       625: GETINPUTCHAR2   STX     EMPTYPOINTER
0991 39         626:         RTS




ASM/6800 1.4A0: 0991 METAM14C.ASM       
08/16/82 00:00:00; Page 80; Form 3      *** SDOS 1.1 DEFINITIONS ***
M.ASM
                  1: 
                  2: *
                  3: *       FILL UP THE INPUT BUFFER (WELL, FILL SOME OF IT, ANYWAY)
                  4: *       ALWAYS READS A FULL LINE SO THAT ERROR PRINT-OUT IS POSSIBLE
                  5: *       THERE ARE TWO CASES:
                  6: *       1) THE FILL POINTER IS < THE EMPTY POINTER
                  7: *               READ EMPTYPOINTER-FILLPOINTER-1 BYTES
                  8: *               INTO THE BUFFER AT FILLPOINTER
                  9: *       2) THE EMPTY POINTER IS <= THE FILL POINTER
                 10: *               READ BUFFEREND-FILLPOINTER BYTES
                 11: *               INTO THE BUFFER AT FILLPOINTER
                 12: *
  0992           13: FILLTHEBUFFER   ;LDD    EMPTYPOINTER    DECIDE WHICH CASE
0992 D63E        14:         LDAB    EMPTYPOINTER+1
0994 963D        15:         LDAA    EMPTYPOINTER
                 16:         ;SUBD   FILLPOINTER
0996 D03C        17:         SUBB    FILLPOINTER+1
0998 923B        18:         SBCA    FILLPOINTER
099A 2505        19:         BCS     FILLTHEBUFFER0  B/ CASE 2
                 20:         ;BNED   FILLTHEBUFFER1  B/ NOPE, CASE 1
099C 2612        21:         BNE     FILLTHEBUFFER1
099E 5D          22:         TSTB
099F 260F        23:         BNE     FILLTHEBUFFER1
                 24: *
                 25: *       CASE 2, FILL TO END OF BUFFER
                 26: *
  09A1           27: FILLTHEBUFFER0  ;LDD    #INPUTBUFFEREND
09A1 C634        28:         LDAB    #(INPUTBUFFEREND)&$FF
09A3 860C        29:         LDAA    #(INPUTBUFFEREND)/256
                 30:         ;SUBD   FILLPOINTER
09A5 D03C        31:         SUBB    FILLPOINTER+1
09A7 923B        32:         SBCA    FILLPOINTER
                 33:         ;LDX    EMPTYPOINTER    WATCH OUT FOR SPECIAL CASE:
09A9 DE3D        34:         LDX     EMPTYPOINTER
09AB 8C0A9E      35:         CPX     #INPUTBUFFER    WE DON'T WANT FILL POINTER TO CATCH UP...
09AE 2604        36:         BNE     FILLTHEBUFFER1A WITH EMPTY POINTER (B/ NOT SPECIAL CASE)
  09B0           37: FILLTHEBUFFER1  ;SUBD   #1      SO THAT FILL POINTER CAN'T CATCH UP WITH THE EMPTY POI
09B0 C001        38:         SUBB    #(1)&$FF
09B2 8200        39:         SBCA    #(1)/256
  09B4           40: FILLTHEBUFFER1A ;STD    FILLBLOCKL




ASM/6800 1.4A0: 09B4 METAM14C.ASM       
08/16/82 00:00:00; Page 81; Form 3      *** SDOS 1.1 DEFINITIONS ***
M.ASM
09B4 F70A30      41:         STAB    FILLBLOCKL+1
09B7 B70A2F      42:         STAA    FILLBLOCKL
                 43:         ;LDX    FILLBLOCKL      HOW MANY BYTES ARE WE REQUESTING ?
09BA FE0A2F      44:         LDX     FILLBLOCKL
09BD 272A        45:         BEQ     FILLTHEBUFFERF  B/ ZERO, BUFFER HAS NO ROOM!
  09BF           46: FILLTHEBUFFER5  ;LDX    FILLPOINTER     TELL HIM WHERE TO PUT IT
09BF DE3B        47:         LDX     FILLPOINTER
09C1 FF0A2D      48:         STX     FILLBLOCKB
                 49:         ;LDX    #FILLBLOCK      NO, GO AHEAD AND READ
09C4 CE0A23      50:         LDX     #FILLBLOCK
                 51:         ;JSR    SYSCALL$
09C7 BD00FB      52:         JSR     SYSCALL$
09CA 2432        53:         BCC     FILLTHEBUFFER2  B/ ALL DONE
09CC 8C03E9      54:         CPX     #ERR:EOFHIT     END OF FILE ENCOUNTERED ?
09CF 2665        55:         BNE     CALLSYSCALL1    B/ NO, I CAN'T HANDLE IT
                 56:         ;LDX    FILLBLOCK+READA:ACTUALCOUNT DID WE GET ANY BYTES ?
09D1 FE0A2B      57:         LDX     FILLBLOCK+READA:ACTUALCOUNT
09D4 2628        58:         BNE     FILLTHEBUFFER2  B/ YES, GET THE HELL OUT OF HERE!
09D6 B60A25      59:         LDAA    SICHANNEL       EOF ON THE PRIMARY INPUT CHANNEL?
                 60:         ;CMPA   #SI
09D9 8102        61:         CMPA    #SI
09DB 2214        62:         BHI     FILLTHEBUFFER4  B/ NO, KEEP GOING
                 63:         ;JSR    PURGEBUFFER     SO IRA CAN SEE HOW FAR WE GOT, EXACTLY...
09DD BD094A      64:         JSR     PURGEBUFFER
                 65:         ;LDX    #M:EOFHIT       WE'RE DEAD
09E0 CE0829      66:         LDX     #M:EOFHIT
  09E3           67: FILLTHEBUFFER5A ;JSR    PRINT   THE ERROR MESSAGE
09E3 BD08B0      68:         JSR     PRINT
                 69:         ;JMP    CROAK1
09E6 7E08CA      70:         JMP     CROAK1
                 71: 
  09E9           72: FILLTHEBUFFERF  ;JSR    PURGEBUFFER     JUST TO BE NICE
09E9 BD094A      73:         JSR     PURGEBUFFER
                 74:         ;LDX    #M:LINETOOLONG  AND I DON'T KNOW WHAT TO DO ABOUT IT...
09EC CE0896      75:         LDX     #M:LINETOOLONG
09EF 20F2        76:         BRA     FILLTHEBUFFER5A SO I'LL STICK YOU WITH THE PROBLEM
                 77: 
09F1 B70A46      78: FILLTHEBUFFER4  STAA    CLOSEIFILECHANNEL
                 79:         ;LDX    #CLOSEIFILE
09F4 CE0A44      80:         LDX     #CLOSEIFILE




ASM/6800 1.4A0: 09F7 METAM14C.ASM       
08/16/82 00:00:00; Page 82; Form 3      *** SDOS 1.1 DEFINITIONS ***
M.ASM
09F7 8D38        81:         BSR     CALLSYSCALL
                 82:         ;DEC    SICHANNEL
09F9 7A0A25      83:         DEC     SICHANNEL
09FC 20C1        84:         BRA     FILLTHEBUFFER5
                 85: 
  09FE           86: FILLTHEBUFFER2  ;LDD    FILLPOINTER     UPDATE THE FILL POINTER
09FE D63C        87:         LDAB    FILLPOINTER+1
0A00 963B        88:         LDAA    FILLPOINTER
                 89:         ;ADDD   FILLBLOCK+READA:ACTUALCOUNT
0A02 FB0A2C      90:         ADDB    FILLBLOCK+READA:ACTUALCOUNT+1
0A05 B90A2B      91:         ADCA    FILLBLOCK+READA:ACTUALCOUNT
                 92:         ;STD    FILLPOINTER
0A08 D73C        93:         STAB    FILLPOINTER+1
0A0A 973B        94:         STAA    FILLPOINTER
                 95:         ;LDX    FILLPOINTER
0A0C DE3B        96:         LDX     FILLPOINTER
0A0E 09          97:         DEX             SEE IF LAST CHARACTER READ IS <CR>
0A0F A600        98:         LDAA    0,X     GRAB LAST CHARACTER READ FOR LATER INSPECTION
0A11 8C0C33      99:         CPX     #INPUTBUFFEREND-1
0A14 2605       100:         BNE     FILLTHEBUFFER3
                101:         ;LDX    #INPUTBUFFER
0A16 CE0A9E     102:         LDX     #INPUTBUFFER
0A19 DF3B       103:         STX     FILLPOINTER
  0A1B          104: FILLTHEBUFFER3 ; NOW CHECK THAT A COMPLETE LINE HAS BEEN READ
                105:         ;CMPA   #ASCII:CR
0A1B 810D       106:         CMPA    #ASCII:CR
0A1D 2601       107:         BNE     FILLTHEBUFFERBRA        B/ DIDN'T READ COMPLETE LINE, READ ANOTHER CHU
0A1F 39         108:         RTS             NEXT TIME, I'LL HANDLE ANY EOF
  0A20          109: FILLTHEBUFFERBRA
                110:         ;JMP    FILLTHEBUFFER   B/ DIDN'T READ COMPLETE LINE, READ ANOTHER CHUNK
0A20 7E0992     111:         JMP     FILLTHEBUFFER
                112: *
0A23 0A         113: FILLBLOCK       FCB     SYSCALL:READA   SYSCALL OPCODE
0A24 0E         114:         FCB     READA:SCLEN     LENGTH OF SYSCALL BLOCK
0A25 02         115: SICHANNEL       FCB     SI      CONSOLE INPUT CHANNEL
0A26 01         116:         FCB     1       LINE INPUT MODE
0A27 0000       117:         FDB     IGNORED WRITE BUFFER
0A29 0000       118:         FDB     IGNORED WRITE BUFFER LENGTH
0A2B 0000       119:         FDB     CHANGED ACTUAL # OF BYTES READ
0A2D 0000       120: FILLBLOCKB      FDB     0       READ BUFFER




ASM/6800 1.4A0: 0A2F METAM14C.ASM       
08/16/82 00:00:00; Page 83; Form 3      *** SDOS 1.1 DEFINITIONS ***
M.ASM
0A2F 0000       121: FILLBLOCKL      FDB     0       READ BUFFER SIZE
                122: *




ASM/6800 1.4A0: 0A2F METAM14C.ASM       
08/16/82 00:00:00; Page 84; Form 3      *** SDOS 1.1 DEFINITIONS ***
M.ASM
  0A31          124: CALLSYSCALL     ;JSR    SYSCALL$
0A31 BD00FB     125:         JSR     SYSCALL$
0A34 2409       126:         BCC     CALLSYSCALL2    B/ NO ERRORS
0A36 FF0A42     127: CALLSYSCALL1    STX     IOERROR
  0A39          128: CHECKSUMERROR   ;LDX    #IOERRORBLOCK   NOTE: SDOS CLOSES ALL THE I/O CHANNELS FOR
0A39 CE0A40     129:         LDX     #IOERRORBLOCK
                130:         ;JMP    SYSCALL$        ... THAT'S ALL, FOLKS
0A3C 7E00FB     131:         JMP     SYSCALL$
0A3F 39         132: CALLSYSCALL2    RTS
                133: *
0A40 12         134: IOERRORBLOCK    FCB     SYSCALL:ERROREXIT
0A41 04         135:         FCB     ERROREXIT:SCLEN SYSCALL BLOCK LENGTH
0A42 0430       136: IOERROR FDB     ERR:SELFTESTCKSUM       ERROR CODE GOES HERE
                137: *
0A44 02         138: CLOSEIFILE      FCB     SYSCALL:CLOSE   SYSCALL OPCODE
0A45 03         139:         FCB     CLOSE:SCLEN     LENGTH OF SYSCALL BLOCK
0A46 02         140: CLOSEIFILECHANNEL       FCB     SI      INPUT CHANNEL
0A47 00         141:         FCB     IGNORED
                142: *
                143: *
0A48 00         144: OPENIFILE       FCB     SYSCALL:OPEN    OPCODE
0A49 0E         145:         FCB     OPEN:SCLEN      LENGTH OF SYSCALL BLOCK
0A4A 02         146:         FCB     SI      INPUT CHANNEL
0A4B 00         147:         FCB     IGNORED ONE BYTE FILLER
0A4C 0BE3       148:         FDB     NAMEBUFFER      POINTER TO FILE NAME
0A4E 0000       149:         FDB     0       LENGTH OF FILE NAME
0A50 0000       150:         FDB     CHANGED REPLY LENGTH
0A52 0039       151:         FDB     SAVEX   A GOOD 2-BYTE BUFFER
0A54 0002       152:         FDB     2       SIZE OF BUFFER
                153: *
0A56 0C         154: CONSOLEOUT      FCB     SYSCALL:WRITEA  OPCODE
0A57 08         155:         FCB     WRITEA:SCLEN    LENGTH OF SYSCALL BLOCK
0A58 00         156:         FCB     CO      CONSOLE OUTPUT CHANNEL
0A59 00         157:         FCB     IGNORED FILLER TO GET TO NEXT BYTE
0A5A 0000       158: CONSOLEOUTBUFFER        FDB     0       POINTER TO MESSAGE
0A5C 0001       159:         FDB     1       LENGTH OF MESSAGE
                160: *
  0020          161: HASHTABLE       RPT     32      32 HASH BUCKETS
0A5E 0000       162:         FDB     0




ASM/6800 1.4A0: 0A9C METAM14C.ASM       
08/16/82 00:00:00; Page 85; Form 3      *** SDOS 1.1 DEFINITIONS ***
M.ASM
                164: *
                165: *       INITIALIZATION CODE
                166: *       THIS STUFF IS DONE ONCE AND THROWN AWAY
                167: *       SO I PUT IT IN THE BUFFER AREA
                168: *
  0A9E          169: INPUTBUFFER     EQU     *
0A9E 0C         170: HIMESSAGE       FCB     SYSCALL:WRITEA  OPCODE
0A9F 08         171:         FCB     WRITEA:SCLEN    LENGTH OF SYSCALL BLOCK
0AA0 00         172:         FCB     CO      CONSOLE OUTPUT
0AA1 00         173:         FCB     IGNORED FILLER TO GET TO NEXT BYTE
0AA2 0000       174:         FDB     CHANGED POINTER TO MESSAGE
0AA4 0000       175: HIMESSAGEL      FDB     0       LENGTH OF TEXT (<256 BYTES, MUST INCLUDE AS
                176: *
0AA6 0C         177: INPUTFILENAME   FCB     SYSCALL:WRITEA  OPCODE
0AA7 08         178:         FCB     WRITEA:SCLEN    LENGTH OF SYSCALL BLOCK
0AA8 00         179:         FCB     CO      CONSOLE OUTPUT
0AA9 00         180:         FCB     IGNORED FILLER TO GET TO NEXT BYTE
0AAA 0AAE       181:         FDB     INPUTPROMPT     POINTER TO MESSAGE
0AAC 000D       182:         FDB     INPUTPROMPTL    LENGTH OF MESSAGE
                183: *
0AAE 496E7075   184: INPUTPROMPT     FCC     'Input file = '
  000D          185: INPUTPROMPTL    EQU     *-INPUTPROMPT
                186: *
0ABB 0C         187: OUTPUTFILENAME  FCB     SYSCALL:WRITEA  OPCODE
0ABC 08         188:         FCB     WRITEA:SCLEN    LENGTH OF SYSCALL BLOCK
0ABD 00         189:         FCB     CO      CONSOLE OUTPUT
0ABE 00         190:         FCB     IGNORED FILLER TO GET TO NEXT BYTE
0ABF 0AC3       191:         FDB     OUTPUTPROMPT    POINTER TO MESSAGE
0AC1 000E       192:         FDB     OUTPUTPROMPTL   LENGTH OF MESSAGE
                193: *
0AC3 4F757470   194: OUTPUTPROMPT    FCC     'Output File = '
  000E          195: OUTPUTPROMPTL   EQU     *-OUTPUTPROMPT
                196: *
0AD1 01         197: OPENOFILE       FCB     SYSCALL:CREATE  OPCODE
0AD2 0E         198:         FCB     CREATE:SCLEN    LENGTH OF SYSCALL BLOCK
0AD3 01         199:         FCB     SO      INPUT CHANNEL
0AD4 00         200:         FCB     IGNORED ONE BYTE FILLER
0AD5 0BE3       201:         FDB     NAMEBUFFER      POINTER TO FILE NAME
0AD7 0000       202:         FDB     0       LENGTH OF FILE NAME
0AD9 0000       203:         FDB     CHANGED REPLY LENGTH




ASM/6800 1.4A0: 0ADB METAM14C.ASM       
08/16/82 00:00:00; Page 86; Form 3      *** SDOS 1.1 DEFINITIONS ***
M.ASM
0ADB 0039       204:         FDB     SAVEX   A GOOD 2-BYTE BUFFER
0ADD 0002       205:         FDB     2       SIZE OF REPLY
                206: *
0ADF 0A         207: INPUTCONSOLE    FCB     SYSCALL:READA   SYSCALL OPCODE
0AE0 0E         208:         FCB     READA:SCLEN     LENGTH OF SYSCALL BLOCK
0AE1 00         209:         FCB     CI      CONSOLE INPUT CHANNEL
0AE2 01         210:         FCB     1       LINE INPUT MODE
0AE3 0000       211:         FDB     IGNORED WRITE BUFFER
0AE5 0000       212:         FDB     IGNORED WRITE BUFFER LENGTH
0AE7 0000       213:         FDB     CHANGED ACTUAL NUMBER OF BYTES READ
0AE9 0BE3       214:         FDB     NAMEBUFFER      READ BUFFER
0AEB 0050       215:         FDB     NAMEBUFFERL     READ BUFFER SIZE




ASM/6800 1.4A0: 0AEB METAM14C.ASM       
08/16/82 00:00:00; Page 87; Form 3      *** SDOS 1.1 DEFINITIONS ***
M.ASM
  0AED          217: MINIT   EQU     *
                218: *
                219: *       DO CHECKSUM OVER COMPILER
                220: *
                221:         ;LDX    #CODE
0AED CE0100     222:         LDX     #CODE
0AF0 4F         223:         CLRA            = SUM
0AF1 AB00       224: CKSUML1 ADDA    0,X     SUM OVER METAMACHINE
0AF3 08         225:         INX
0AF4 8C0BE3     226:         CPX     #METAMCODEEND
0AF7 26F8       227:         BNE     CKSUML1
                228:         ;LDX    METACODE        SUM OVER META INSTRUCTIONS
0AF9 FE0C8D     229:         LDX     METACODE
0AFC AB00       230: CKSUML2 ADDA    0,X
0AFE 08         231:         INX
0AFF BC0C89     232:         CPX     DICT
0B02 26F8       233:         BNE     CKSUML2
                234:         ;TFR    A,B     COMPUTE PROPER VALUE FOR CHECKSUM BYTE IN CASE IT'S WRONG
0B04 16         235:         TAB
0B05 50         236:         NEGB
0B06 FB0103     237:         ADDB    CHECKSUM
                238:         ;STB    CHECKSUM
0B09 F70103     239:         STAB    CHECKSUM
0B0C 4D         240:         TSTA            IS CHECKSUM CORRECT ?
0B0D 260B       241:         BNE     MINITDISPLAY    B/ CHECKSUM WRONG, GO DISPLAY BANNER AND DIE...
  0001          242:         IF      M6800!M6801
                243:         ;LDB    #$01    = 6800/6801 NOP INSTRUCTION
0B0F C601       244:         LDAB    #$01
  0001          245:         ELSE    (M6809)
 *S*            246:         ;LDB    #$12    = 6809 NOP INSTRUCTION
 *S*            247:         LDAB    #$12
                248:         FIN
                249:         ;STB    MINITCKFAULT    CHECKSUM IS OK, KILL THE FAULT DISPLAY LOGIC
0B11 F70B2E     250:         STAB    MINITCKFAULT
                251:         ;STB    MINITCKFAULT+1
0B14 F70B2F     252:         STAB    MINITCKFAULT+1
                253:         ;STB    MINITCKFAULT+2
0B17 F70B30     254:         STAB    MINITCKFAULT+2
                255: *
                256: *       DISPLAY THE BANNER




ASM/6800 1.4A0: 0B17 METAM14C.ASM       
08/16/82 00:00:00; Page 88; Form 3      *** SDOS 1.1 DEFINITIONS ***
M.ASM
                257: *
  0B1A          258: MINITDISPLAY    ;LDX    METACODE        GET POINTER TO BANNER STRING
0B1A FE0C8D     259:         LDX     METACODE
0B1D DF20       260:         STX     METAPC  WE'LL NEED THIS LATER
                261:         ;LDA    ,X+     GET LENGTH OF THE BANNER
0B1F A600       262:         LDAA    0,X
0B21 08         263:         INX
0B22 B70AA5     264:         STAA    HIMESSAGEL+1    AND PRINT OUT BANNER
0B25 FF0AA2     265:         STX     HIMESSAGE+WRITEA:BUFFERP SAVE BANNER POINTER
                266:         ;LDX    #HIMESSAGE
0B28 CE0A9E     267:         LDX     #HIMESSAGE
                268:         ;JSR    CALLSYSCALL
0B2B BD0A31     269:         JSR     CALLSYSCALL
  0B2E          270: MINITCKFAULT    ;JMP    CHECKSUMERROR   REPLACE BY NOPS IF CHECKSUM IS OK
0B2E 7E0A39     271:         JMP     CHECKSUMERROR
                272: 




ASM/6800 1.4A0: 0B2E METAM14C.ASM       
08/16/82 00:00:00; Page 89; Form 3      *** SDOS 1.1 DEFINITIONS ***
M.ASM
  0B31          274: MINITGO EQU     *
                275: *
                276: *       ASK FOR THE INPUT FILE NAME AND OPEN IT UP
                277: *
                278:         ;LDX    #INPUTFILENAME  GIVE HIM THE PROMPT
0B31 CE0AA6     279:         LDX     #INPUTFILENAME
                280:         ;JSR    CALLSYSCALL
0B34 BD0A31     281:         JSR     CALLSYSCALL
                282:         ;LDX    #INPUTCONSOLE   READ HIS RESPONSE
0B37 CE0ADF     283:         LDX     #INPUTCONSOLE
                284:         ;JSR    CALLSYSCALL
0B3A BD0A31     285:         JSR     CALLSYSCALL
                286:         ;LDX    INPUTCONSOLE+READA:ACTUALCOUNT GET RESPONSE LENGTH
0B3D FE0AE7     287:         LDX     INPUTCONSOLE+READA:ACTUALCOUNT
0B40 FF0A4E     288:         STX     OPENIFILE+OPEN:LENGTH
                289:         ;LDX    #OPENIFILE      ... AND OPEN THE INPUT FILE
0B43 CE0A48     290:         LDX     #OPENIFILE
                291:         ;JSR    CALLSYSCALL
0B46 BD0A31     292:         JSR     CALLSYSCALL
                293: *
                294: *       ASK FOR THE OUTPUT FILE NAME AND OPEN IT UP
                295: *
                296:         ;LDX    #OUTPUTFILENAME GIVE HIM THE PROMPT
0B49 CE0ABB     297:         LDX     #OUTPUTFILENAME
                298:         ;JSR    CALLSYSCALL
0B4C BD0A31     299:         JSR     CALLSYSCALL
                300:         ;LDX    #INPUTCONSOLE   READ HIS RESPONSE
0B4F CE0ADF     301:         LDX     #INPUTCONSOLE
                302:         ;JSR    CALLSYSCALL
0B52 BD0A31     303:         JSR     CALLSYSCALL
                304:         ;LDX    INPUTCONSOLE+READA:ACTUALCOUNT GET RESPONSE LENGTH
0B55 FE0AE7     305:         LDX     INPUTCONSOLE+READA:ACTUALCOUNT
0B58 FF0AD7     306:         STX     OPENOFILE+OPEN:LENGTH
                307:         ;LDX    #OPENOFILE      ... AND OPEN IT UP
0B5B CE0AD1     308:         LDX     #OPENOFILE
                309:         ;JSR    CALLSYSCALL
0B5E BD0A31     310:         JSR     CALLSYSCALL




ASM/6800 1.4A0: 0B5E METAM14C.ASM       
08/16/82 00:00:00; Page 90; Form 3      *** SDOS 1.1 DEFINITIONS ***
M.ASM
                312: *
                313: *       THIS BEGINS THE VARIABLE INITIALIZATION STUFF
                314: *
                315:         ;LDX    #INPUTBUFFER
0B61 CE0A9E     316:         LDX     #INPUTBUFFER
0B64 DF3B       317:         STX     FILLPOINTER
0B66 DF3D       318:         STX     EMPTYPOINTER
0B68 DF3F       319:         STX     SCANPOINTER
                320:         ;LDX    #OUTPUTBUFFER
0B6A CE0C34     321:         LDX     #OUTPUTBUFFER
0B6D DF41       322:         STX     OUTPUTPOINTER
                323: *
0B6F 4F         324:         CLRA
0B70 9725       325:         STAA    NUMSTR  NO STACKED STRINGS
0B72 9743       326:         STAA    OUTFLAG ENABLE OUTPUT
                327:         ;LDX    #0
0B74 CE0000     328:         LDX     #0
0B77 DF26       329:         STX     INCLBL
0B79 DF28       330:         STX     LABGEN
0B7B DF44       331:         STX     CCODE
0B7D DF2A       332:         STX     RECOVERYMETAPC
                333:         ;LDX    #STATEVARS
0B7F CE1149     334:         LDX     #STATEVARS
0B82 DF33       335:         STX     STATEVARBASE
0B84 9F00       336:         STS     TEMPX   SEE IF ENOUGH STACK SPACE EXISTS
                337:         ;LDD    TEMPX
0B86 D601       338:         LDAB    TEMPX+1
0B88 9600       339:         LDAA    TEMPX
0B8A F00C8A     340:         SUBB    DICT+1  (NOTE: THIS CANNOT BE OPTIMIZED FOR 6809)
0B8D B20C89     341:         SBCA    DICT
0B90 254E       342:         BCS     GAKDIE  you guess what this means...
0B92 274C       343:         BEQ     GAKDIE  MUST HAVE AT LEAST 256 BYTES OF SLOP
                344:         ;LDX    #DECODE
0B94 CE0159     345:         LDX     #DECODE
0B97 DF31       346:         STX     DECODEADD
0B99 4F         347:         CLRA    SET UP THE METAPC
0B9A F60AA5     348:         LDAB    HIMESSAGEL+1    GET LENGTH OF HELLO MESSAGE
                349:         ;ADDD   METAPC  FIND END OF BANNER STRING
0B9D DB21       350:         ADDB    METAPC+1
0B9F 9920       351:         ADCA    METAPC




ASM/6800 1.4A0: 0B9F METAM14C.ASM       
08/16/82 00:00:00; Page 91; Form 3      *** SDOS 1.1 DEFINITIONS ***
M.ASM
                352:         ;STD    METAPC
0BA1 D721       353:         STAB    METAPC+1
0BA3 9720       354:         STAA    METAPC
                355:         ;LDX    KEYWORDCHAIN    NOW, ADD ALL THE KEYWORDS...
0BA5 FE0C8B     356:         LDX     KEYWORDCHAIN
0BA8 2733       357:         BEQ     MINITDONE       (B/ NO KEYWORDS!)
0BAA DF39       358: KEYWORDINSERT   STX     SAVEX   TO THE TOKEN DICTIONARY
0BAC E605       359:         LDAB    STRINGNODE:KEYLEN,X
                360:         ;LEAX   STRINGNODE:BODY,X
  0000          361:         IF      STRINGNODE:BODY<0
 *S*            362:         RPT     -STRINGNODE:BODY
 *S*            363:         DEX
                364:         ELSE
  0006          365:         RPT     STRINGNODE:BODY
0BAE 08         366:         INX
                367:         FIN
0BB4 C47F       368:         ANDB    #$7F    MASK OFF "KEYWORD" BIT
                369:         ;JSR    COMPUTEHASH     FIGURE OUT THE PROPER BUCKET
0BB6 BD0654     370:         JSR     COMPUTEHASH
                371:         ;LDX    SAVEX   MAKE THIS KEYWORD POINT TO REST OF BUCKET C
0BB9 DE39       372:         LDX     SAVEX
                373:         ;LDD    STRINGNODE:NEXT,X (AHA! FIRST, FIGURE OUT WHERE NEXT KEYWORD
0BBB E604       374:         LDAB    (STRINGNODE:NEXT)+1,X
0BBD A603       375:         LDAA    STRINGNODE:NEXT,X
                376:         ;STD    TEMPX
0BBF D701       377:         STAB    TEMPX+1
0BC1 9700       378:         STAA    TEMPX
                379:         ;LDX    TOKENPOINTER    (THIS IS SET BY COMPUTEHASH)
0BC3 DE2F       380:         LDX     TOKENPOINTER
                381:         ;LDD    STRINGNODE:NEXT,X
0BC5 E604       382:         LDAB    (STRINGNODE:NEXT)+1,X
0BC7 A603       383:         LDAA    STRINGNODE:NEXT,X
                384:         ;LDX    SAVEX
0BC9 DE39       385:         LDX     SAVEX
                386:         ;STD    STRINGNODE:NEXT,X
0BCB E704       387:         STAB    (STRINGNODE:NEXT)+1,X
0BCD A703       388:         STAA    STRINGNODE:NEXT,X
                389:         ;LDX    TOKENPOINTER    MAKE BUCKET HEAD POINT TO KEYWORD MODE
0BCF DE2F       390:         LDX     TOKENPOINTER
                391:         ;LDD    SAVEX




ASM/6800 1.4A0: 0BD1 METAM14C.ASM       
08/16/82 00:00:00; Page 92; Form 3      *** SDOS 1.1 DEFINITIONS ***
M.ASM
0BD1 D63A       392:         LDAB    SAVEX+1
0BD3 9639       393:         LDAA    SAVEX
                394:         ;STD    STRINGNODE:NEXT,X
0BD5 E704       395:         STAB    (STRINGNODE:NEXT)+1,X
0BD7 A703       396:         STAA    STRINGNODE:NEXT,X
                397:         ;LDX    TEMPX   NOW, GET NEXT KEYWORD ADDRESS AND GO INSERT
0BD9 DE00       398:         LDX     TEMPX
0BDB 26CD       399:         BNE     KEYWORDINSERT
  0BDD          400: MINITDONE       ;JMP    METAINCPC       ALL DONE, FIRE UP THE META MACHINE
0BDD 7E0391     401:         JMP     METAINCPC
                402: 
  0BE0          403: GAKDIE  ;JMP    ERRCALLSTKOVFLW AND WE DIDN'T EVEN GET STARTED!
0BE0 7E03DD     404:         JMP     ERRCALLSTKOVFLW
  0BE3          405: METAMCODEEND    EQU     *
                406: 
  0BE3          407: NAMEBUFFER      EQU     *
  0050          408:         RPT     80
0BE3 00         409:         FCB     0
  0050          410: NAMEBUFFERL     EQU     *-NAMEBUFFER




ASM/6800 1.4A0: 0C32 METAM14C.ASM       
08/16/82 00:00:00; Page 93; Form 3      *** SDOS 1.1 DEFINITIONS ***
M.ASM
                412: ******** THIS CHUNK OF STUFF GETS ERROR DISPLAY ON FIRST LINE TO WORK RIGHT ***
  0000          413:         IF      *+1<<INPUTBUFFER+INPUTBUFFERSIZE
 *S*            414:         ORG     INPUTBUFFER+INPUTBUFFERSIZE-1
                415:         FIN
0C33 0D         416:         FCB     ASCII:CR        THIS MAKES ERROR ON FIRST SOURCE LINE PRINT
                417: **************************************************************
  0C34          418: INPUTBUFFEREND  EQU     *
  0C34          419: OUTPUTBUFFER    EQU     INPUTBUFFEREND
  0C80          420: OUTPUTBUFFEREND EQU     EST:METAMSIZE
  004C          421: OUTPUTBUFFERSIZE        EQU     OUTPUTBUFFEREND-OUTPUTBUFFER
  0000          422:         IF      OUTPUTBUFFERSIZE<<50
 *S*            423:         ? OUTPUT BUFFER LENGTH TOO SMALL FOR EFFICIENT OPERATION ?
                424:         FIN
  0C80          425: METAMEND        EQU     OUTPUTBUFFEREND
  0000          426:         IF METAMEND>>EST:METAMSIZE
 *S*            427:         ?METAMACHINE SIZE ESTIMATE EXCEEDED?
                428:         FIN




ASM/6800 1.4A0: 0C33 METAM14C.ASM       
08/16/82 00:00:00; Page 94; Form 3      *** SDOS 1.1 DEFINITIONS ***
M.ASM
  0C80          430:         ORG     METAMEND        A GOOD PLACE TO START THE META PROGRAM
0C80 0003       431: DEBLANKTOKEN    RMB     3       JMP TO DEBLANK TOKEN RECOGNIZER
0C83 0003       432: ERRORTOKEN      RMB     3       JMP TO ERROR RECOVERY TOKEN BUSTER
0C86 0003       433: KEYWORDTOKEN    RMB     3       JMP TO KEYWORD TOKEN BUSTER
0C89 0002       434: DICT    RMB     2       INITIALLY POINTS TO END +1 OF META PROGRAM
0C8B 0002       435: KEYWORDCHAIN    RMB     2       POINTER TO CHAIN OF KEYWORDS
0C8D 0002       436: METACODE        RMB     2       POINTER TO INITIAL META CODE (BANNER MESSAGE
                437: *
                438: *       29 TOKENS
                439: *       576 SUBROUTINES
                440: *
0C8F 003A       441: TOKENADD        RMB     29*2    POINTERS TO TOKEN BUSTING ROUTINES
0CC9 0480       442: SUBRADD RMB     (64+256+256)*2  POINTERS TO PARAMETERIZED SUBROUTINES
1149 0000       443: STATEVARS       RMB     0       UP TO 256 STATE VARIABLES
                444:         END     BEGIN   WHAT DID YOU EXPECT?




ASM/6800 1.4A0: 1149 METAM14C.ASM       
08/16/82 00:00:00; Page 95; Form 3      Symbols Sorted by Name
M.ASM
Symbols Sorted by Name:

 :MNOTTEST/0022  :MPARAMS/0038  *ASCII:ACK/0006 *ASCII:BEL/0007 *ASCII:BS/0008  *ASCII:CAN/0018
 ASCII:CR/000D  *ASCII:DC1/0011 *ASCII:DC2/0012 *ASCII:DC3/0013 *ASCII:DC4/0014 *ASCII:DLE/0010
*ASCII:EM/0019  *ASCII:ENQ/0005 *ASCII:EOT/0004 *ASCII:ESC/001B *ASCII:ETB/0017 *ASCII:ETX/0003
*ASCII:FF/000C  *ASCII:FS/001C  *ASCII:GS/001D   ASCII:HT/0009  *ASCII:LF/000A  *ASCII:MASK/007F
*ASCII:NAK/0015 *ASCII:NULL/0000                *ASCII:RS/001E  *ASCII:RUBOUT/007F
*ASCII:SI/000F  *ASCII:SO/000E  *ASCII:SOH/0001 *ASCII:SPACE/0020               *ASCII:STX/0002
*ASCII:SUB/001A *ASCII:SYN/0016 *ASCII:US/001F  *ASCII:VT/000B  *ATTNCHECK:SCLEN/0002
 BACKUP/02FB     BACKUP1/0306    BADMETAOP/08BA  BEGIN/0100      BF/0372        *BOOT:CHECKSUM/001F
*BOOT:CREATIONDATE/0018         *BOOT:DIRLSN/001B               *BOOT:DISKID/0020
 BOOT:DISKIDSIZE/0020            BOOT:DISKINFO/0010              BOOT:DISKINFOLEN/0010
*BOOT:FILESYSTEMVERSION/0010    *BOOT:IPLDATA/0000              *BOOT:MAPALGORITHM/0016
*BOOT:MIDALLOC/0014             *BOOT:MINALLOC/0012             *BOOT:NSPC/0011 *BOOT:SIZE/0040
 BT/035D         BT1/0361        CALLS0/03B1    *CALLS0TO63/03AF                 CALLSEXTENDED/03E9
 CALLSYSCALL/0A31                CALLSYSCALL1/0A36               CALLSYSCALL2/0A3F               CALLT/028C
 CALLT2/02D4     CALLT4/02ED     CALLT5/02F0     CALLT6/02C3     CASECONVERSION/0047
*CC:ACTIVATIONCK/001D           *CC:ALTERPROFILE/0019           *CC:BACKGROUND/0021
*CC:CLRINPUT/0015               *CC:CLROUTPUT/0016              *CC:COLORING/0020
 CC:DEVICESPECIFICOP/0010       *CC:DISMOUNTDISK/0011           *CC:DUMPBUFFERS/0001
*CC:ECHO/0010   *CC:FORMAT/0015 *CC:IDLES/0012  *CC:KILLENABLE/0023             *CC:KILLPROOF/0022
*CC:MULTISECTORREAD/0013        *CC:MULTISECTORWRITE/0014       *CC:NOECHO/0011 *CC:NOWRAP/001F
*CC:POSITION/0000               *CC:POSITIONTOEND/0013          *CC:SETACTBLOCK/0014
*CC:SETBAUDRATE/0025            *CC:SETFIELDSIZE/001B           *CC:SETFILEDATE/0010
*CC:SETFILEPROT/0011            *CC:SETFILESIZE/0012            *CC:SETINPUTTRANSLATION/0026
*CC:SETMAPALGORITHM/0012        *CC:SETOUTPUTTIMEOUT/0024       *CC:SETPARAMS/001C
*CC:SETPROFILE/0018             *CC:SETREADTIMEOUT/0017         *CC:TABS/0013   *CC:UNLOCKDISK/0010
*CC:WAITDONE/0016               *CC:WRAP/001E   *CC:WRITEEDITLINE/001A           CCODE/0044
*CHAIN:LENGTH/0006              *CHAIN:NAMEP/0004               *CHAIN:SCLEN/000E
 CHANGED/0000    CHECKSUM/0103   CHECKSUMERROR/0A39              CI/0000         CKSUML1/0AF1
 CKSUML2/0AFC   *CLOSE:CHANNEL/0002              CLOSE:SCLEN/0003                CLOSEIFILE/0A44
 CLOSEIFILECHANNEL/0A46         *CLOSELOG:SCLEN/0002             CO/0000         CODE/0100
 COMPUTEHASH/0654                CONSOLEOUT/0A56                 CONSOLEOUTBUFFER/0A5A
*CONTROL:CHANNEL/0002           *CONTROL:CODE/0003              *CONTROL:DATA/0000
*CONTROL:DATEDAY/0003           *CONTROL:DATEMONTH/0004         *CONTROL:DATETICKS/0000
*CONTROL:DATEYEAR/0005          *CONTROL:DIST/0000              *CONTROL:MAPALGORITHM/0000
*CONTROL:PROT/0000              *CONTROL:SCLEN/0004             *CREATE:CHANNEL/0002
 CREATE:FILESIZE/000E           *CREATE:FILESIZESCLEN/0012      *CREATE:LENGTH/0006
*CREATE:NAMEP/0004               CREATE:SCLEN/000E              *CREATELOG:LENGTH/0006
*CREATELOG:NAMEP/0004           *CREATELOG:SCLEN/000E            CRLF/0916       CROAK/08BD




ASM/6800 1.4A0: 1149 METAM14C.ASM       
08/16/82 00:00:00; Page 96; Form 3      Symbols Sorted by Name
M.ASM
 CROAK1/08CA     DEBLANK/02E0    DEBLANKLOOP/02DD                DEBLANKTOKEN/0C80
*DEBUG:SCLEN/0002                DECODE/0159     DECODEADD/0031 *DELAY:PERIOD/0002
*DELAY:SCLEN/0004               *DELETE:LENGTH/0006             *DELETE:NAMEP/0004
*DELETE:SCLEN/000E               DICT/0C89      *DIR:DAY/001A   *DIR:ENTRYSIZE/0020
 DIR:FCBDATA/0010               *DIR:FCBDATASIZE/000E           *DIR:FILENAME/0000
*DIR:FILESIZE/0015              *DIR:HCSIC/0012 *DIR:HLCN/0010  *DIR:MONTH/001B  DIR:NAMESIZE/0010
*DIR:NCLUSTERS/0013             *DIR:PROTECTION/0019            *DIR:VERSION/001D
*DIR:YEAR/001C  *DISKDEFAULT:LENGTH/0006        *DISKDEFAULT:NAMEP/0004         *DISKDEFAULT:SCLEN/000E
*DISKMAP:BYTE/0000              *DISPERROR:SCLEN/0002           *DUMMYLCN/FFFF   DUMPLINE/08D0
 DUMPLINE0/08DE  DUMPLINE1/08D6  DUMPLINE2/08F0  DUMPLINE3/08E7  DUMPLINE4/08F4  DUMPLINE5/08FD
 DUMPLINE6/090C  DUMPLINE7/0910 *DVDAT:DEPTH/0001                DVDAT:NBPS/0000
*DVDAT:NCYL/0006                *DVDAT:NSPC/0002                *DVDAT:NSPT/0002
*DVDAT:NTPC/0004                *DVDAT:WIDTH/0000               *DVTYP.CLOCK/000B
*DVTYP.CONSOLE/0004             *DVTYP.DISK/0001                *DVTYP.DTAPE/0003
*DVTYP.DUMMY/000A               *DVTYP.FILE/0000                *DVTYP.PARIN/0009
*DVTYP.PAROUT/0008              *DVTYP.PRINTER/0005             *DVTYP.SERIALIN/0007
*DVTYP.SERIALOUT/0006           *DVTYP.STAPE/0002               *DVTYP:TYPE/0000
 EATTOKEN/02F6   EMPTYPOINTER/003D               ENTERMETA/0381 *ERR:ABNORMALSTOP/0068
*ERR:ACTIVATIONNOTINBUFFER/0773 *ERR:ACTIVATIONRECEIVED/0775    *ERR:ALLOC0CLUSTERS/042B
*ERR:ALREADYLOCKED/04B8         *ERR:ATTENTION/0001             *ERR:BADCMDFORMAT/0066
*ERR:BADFIELDWIDTH/0774         *ERR:BADFILENAME/03FF           *ERR:BADFILEVERSION/0405
*ERR:BADFNAMESIZE/03F5          *ERR:BADLOADRECORD/040C         *ERR:BADPOSITION/03EC
*ERR:BADREADBUF/04B0            *ERR:BADWRITEBUF/04B1           *ERR:BOOTCKSUMFAIL/03E8
*ERR:BRANCHFACTORSIZE/0435      *ERR:BUSYFORANOTHERPROCESS/0772 *ERR:CANTGOTO/0067
*ERR:CANTOPENMUSTCREATE/03FD    *ERR:CAPABILITYFAILURE/04C2     *ERR:CHBUSY/0407
*ERR:CHTOOBIG/0406              *ERR:CLOSED/0408                *ERR:CLUSTERSIZELIMITSFILE/041C
*ERR:DECRYPTIONKEYSDONTMATCH/0437               *ERR:DEVICEERRORED/0421         *ERR:DEVICENOTREADY/0424
*ERR:DEVICETIMEDOUT/0412        *ERR:DIRECTORYDAMAGED/040F      *ERR:DISKMOUNTED/03FC
*ERR:DISKREAD/0415              *ERR:DISKSEEK/0417              *ERR:DISKWRITE/0416
*ERR:DISKWRITELOCKED/0419       *ERR:DSKWRTPROT/0418            *ERR:DUPLICATEKEY/0434
*ERR:ENDOFMEDIUM/042F            ERR:EOFHIT/03E9                 ERR:FATALCOMPILE/0064
*ERR:FILEALREADYDELETED/042C    *ERR:FILEINCREATE/03FB          *ERR:FILEISOPEN/03EA
*ERR:FILENOTFOUND/03F3          *ERR:FILEWRTPROT/03F2           *ERR:HCSICTOOSMALL/0401
*ERR:IBUFOVERFLOW/0410          *ERR:ILLDEVICEOP/040A           *ERR:ILLEGALINTERLOCKFUNCTION/04BE
*ERR:ILLEGALJOBCONTROL/04C1     *ERR:ILLEGALLCN/03F4            *ERR:ILLEGALSYSCALL/0409
*ERR:ILLFILESIZE/0400           *ERR:ILLLSN/040E                *ERR:IMPLEMENTATIONLIMITREACHED/04BD
*ERR:INPUTTIMEOUT/042E          *ERR:IOINPROGRESS/0771          *ERR:JOBCOMPLETED/04C4
*ERR:JOBKILLED/04C3             *ERR:LCNWASNTALLOCATED/03F8     *ERR:LOCKRESET/04BC
*ERR:MEMORYMGMTFAIL/04BF        *ERR:MTBADCONFIG/04B7           *ERR:MTNOROOM/04B6
*ERR:MUSTBEDISK/0422            *ERR:NBPCTOOBIG/03ED            *ERR:NEWFILEEXISTS/03F6




ASM/6800 1.4A0: 1149 METAM14C.ASM       
08/16/82 00:00:00; Page 97; Form 3      Symbols Sorted by Name
M.ASM
*ERR:NLSNGE224/041B             *ERR:NODEBUGGER/03EB            *ERR:NODEFAULTPROGRAM/03F0
*ERR:NODISKMAP/03EE             *ERR:NODISKSPACE/03F7           *ERR:NOERRORMSGS/03FE
*ERR:NOFREEFCBS/03F9            *ERR:NOMATCHFCB/03EF            *ERR:NOMOREJOBS/04C0
*ERR:NONE/0000  *ERR:NOSUCHDEVICE/0420          *ERR:NOSUCHKEY/0433             *ERR:NOSUCHLUN/0426
*ERR:NOSUCHOBJECT/04B9          *ERR:NOSUCHPROGRAM/0428         *ERR:NOTALOADFILE/0404
*ERR:NOTENOUGHCHANNELS/04B4     *ERR:NOTENOUGHPOOL/0402         *ERR:NOTENOUGHROOM/040D
*ERR:NOTENUFMEM/0069            *ERR:NOTIMEOUTBLKS/0431         *ERR:NOTLOCKED/04BA
*ERR:NOTOPENTOCONSOLE/0423      *ERR:NOTUNDERTIMESHARE/04B5     *ERR:OBJECTDESTROYED/04BB
*ERR:OLDFILEEXISTS/0429         *ERR:PRINTERNOTREADY/042D       *ERR:PROFILENOTFOUND/0777
*ERR:PROFILENOTMALLEABLE/0778   *ERR:PROGRAMKILLED/0411         *ERR:PWRFAILDISKF/0403
*ERR:RDBUFTOOBIG/04B2           *ERR:RDBUFTOOSMALL/041E         *ERR:RENAMEDEVICE/040B
*ERR:SDOSCKSUM/041A             *ERR:SDOSNOTREGISTERED/0436     *ERR:SECTORSIZE2/0413
 ERR:SELFTESTCKSUM/0430         *ERR:SERIALNOWRONG/0432         *ERR:SYSCALLTOOSHORT/041D
*ERR:SYSTEMCROAKED/0414         *ERR:TIMEDINPUTEXPIRED/0776     *ERR:TIMENOTSET/0425
*ERR:WARNINGCOMPILE/0065        *ERR:WRBUFTOOBIG/04B3           *ERR:WRBUFTOOSMALL/041F
*ERR:WRONGDISKTYPE/076E         *ERR:WRONGFILESYSTEM/03FA       *ERR:ZEROSTARTADDRESS/0427
 ERRCALLSTKOVFLW/03DD           *ERROREXIT:CODE/0002             ERROREXIT:SCLEN/0004
 ERRORTOKEN/0C83                 ERRSTRINGSELRNG/0505            ERRUNDEFSUBR/03E3
 EST:METAMSIZE/0C80             *EXIT:SCLEN/0002                 FAILRETURN/02C6
 FETCH2ND/04B6  *FILESYSTEMVERSION/0010          FILLBLOCK/0A23  FILLBLOCKB/0A2D
 FILLBLOCKL/0A2F                 FILLPOINTER/003B                FILLTHEBUFFER/0992
 FILLTHEBUFFER0/09A1             FILLTHEBUFFER1/09B0             FILLTHEBUFFER1A/09B4
 FILLTHEBUFFER2/09FE             FILLTHEBUFFER3/0A1B             FILLTHEBUFFER4/09F1
 FILLTHEBUFFER5/09BF             FILLTHEBUFFER5A/09E3            FILLTHEBUFFERBRA/0A20
 FILLTHEBUFFERF/09E9             FINDFLAG/050B   FINDFLAG1/051F  FINDFLAG2/0521  FINDSTAR/04D9
 FINDSTAR1/04DD  FINDSTARN/04C2  FINDSTARN1/04D3                 FINDSTRING/067B
 FINDSTRING1A/0689               FINDSTRING2/06A5                FINDSTRING2A/06A0
 FINDSTRING2B/06A3               FINDSTRING3/06BC                FINDSTRING3A/06BE
 FINDSTRING4/06C9                FINDSTRING4A/06DF               FINDSTRING5/06ED
 FINDSTRING6/0729                FINDSTRING6A/0738               FINDSTRING6B/072B
 FINDSTRING7/0740                FINDSTRING8/074C                FINDSTRING9/074F
 FINDSTRINGA/06E7                FINDSTRINGADD/04E8              FINDSTRINGADD1/0500             FLAG/0022
 GAKDIE/0BE0    *GETERROR:ACTUALCOUNT/0008      *GETERROR:BUFFERP/000A          *GETERROR:MAXCOUNT/000C
*GETERROR:SCLEN/000E             GETINPUTCHAR/097E               GETINPUTCHAR0/097C
 GETINPUTCHAR2/098F             *GETSERIALNUMBER:ACTUALCOUNT/0008
*GETSERIALNUMBER:BUFFERP/000A   *GETSERIALNUMBER:MAXCOUNT/000C  *GETSERIALNUMBER:SCLEN/000E
 GETSTATEADDRESS/01EF            GETTOKENCHAR/0968               GETTOKENCHAR0/0966
 GETTOKENCHAR2/0979              HASH/0657       HASH1/0668      HASHTABLE/0A5E *HEADER:LCN/0000
 HIMESSAGE/0A9E  HIMESSAGEL/0AA4                *IC:CREATE/0000 *IC:DESTROY/0001
*IC:LOCK/0003   *IC:RELEASE/0004                *IC:RESET/0002  *IC:TEST/0005    IGNORED/0000




ASM/6800 1.4A0: 1149 METAM14C.ASM       
08/16/82 00:00:00; Page 98; Form 3      Symbols Sorted by Name
M.ASM
 INCLBL/0026     INCLUDEERROR/0048               INPUTBUFFER/0A9E                INPUTBUFFEREND/0C34
 INPUTBUFFERSIZE/0190            INPUTCONSOLE/0ADF               INPUTFILENAME/0AA6
 INPUTPROMPT/0AAE                INPUTPROMPTL/000D              *INTERLOCK:BUFFERP/0004
*INTERLOCK:COUNT/0006           *INTERLOCK:FUNCTION/0002        *INTERLOCK:SCLEN/0008
 IOERROR/0A42    IOERRORBLOCK/0A40              *ISCONSOLE:SCLEN/0002           *JC:CREATE/0000
*JC:DESTROY/0002                *JC:TESTDONE/0001                JERRCALLSTKOVFLW/0565
*JOBCONTROL:ACTUALCOUNT/0008    *JOBCONTROL:BUFFERP/0004        *JOBCONTROL:COUNT/0006
*JOBCONTROL:FUNCTION/0002       *JOBCONTROL:MAXCOUNT/000C       *JOBCONTROL:SCLEN/0008
 KEYWORDCHAIN/0C8B               KEYWORDINSERT/0BAA              KEYWORDTOKEN/0C86
*KILLENABLE:SCLEN/0002          *KILLPROOF:SCLEN/0002            LABGEN/0028     LCN:SIZE/0002
*LOAD:ENCRYPTED/0005            *LOAD:LENGTH/0006               *LOAD:NAMEP/0004
*LOAD:SCLEN/000E                *LOAD:TYPE0/0000                *LOAD:TYPE1/0001
*LOAD:TYPE2/0002                *LOAD:TYPE3/0003                *LOGCHANNEL/00FF
 LSN:SIZE/0003   M6800/0001      M6801/0000      M6809/0000      M:BADMETAOP/084E
 M:CALLSTACKOVERFLOW/0795        M:DICTIONARYOVERFLOW/0775       M:EOFHIT/0829   M:IMDONE/0761
 M:LINETOOLONG/0896              M:STRINGLENGTH/07DB             M:STRINGSELECTOR/07FF
 M:SYNTAX/0755   M:TOOMANYSTRINGS/07B5           M:UNDEFSUBR/0874                MASM/037D       MBE/0207
 MBE1/020E       MCL/0349        MCL1/034D       MCL2/0351       MCR/05DD        MERR/0216       MERR1/021A
 MERR2/021E      MERR3/022D      MERR5/0252      MERRLOOP/0245   METACODE/0C8D   METAINCPC/0391
 METAINCPC2/0388                 METAINXPC/0393  METAINXPC2/0376                 METAKEYWORDEXIT/0284
 METAM/0399      METAM1/03AD     METAMCODEEND/0BE3               METAMEND/0C80   METAMJ/059F
 METAMX/039B     METAPC/0020     METASTXPC/0394  MFIN/0255       MFIN1/025A      MGENL/0618
 MGENL1/0617     MGENL2/0634     MGENL3/063E     MGENL4/0646     MGENL4A/0648    MGENL5/064E
 MGENL6/0653     MINCLUDE/0568   MINIT/0AED      MINITCKFAULT/0B2E               MINITDISPLAY/0B1A
 MINITDONE/0BDD *MINITGO/0B31    MKEYWORDTEST/0269               MNOTTEST/02D7   MOUT/05F5       MOUTN/05ED
 MOVESTR1/0530   MOVESTR2/053E   MOVESTR3/055F   MOVESTRINGUP/0526               MPARAMS/0407
 MPARAMS0/041B   MPARAMS1/042D   MPARAMS2/0450   MPARAMS5/0453   MPARAMS6/045B   MPARAMSL/03F3
 MQUERY/046A     MQUERY1/046E    MQUERY2/0473    MQUERYN/0465    MQUERYSTATE/01E0
 MQUERYSTATE1/01EC               MQUERYTYPEN/04A5                MQUERYTYPEN1/04B3               MR/05A9
 MR1/05B7        MR2/05DA        MRECOVERYMETAPC/01FA            MRF/05A2        MRT/059B        MSET/0461
 MSETSTATE/01D9  MSETTYPEN/049C  MTAB/05E5       MTAG/047C       MTAG1/0480      MTAGN/0478      MTEST/0309
 MTEST1/0314     MTEST1A/032E    MTEST2/0339     MTEST2A/033E    MTEST3/0343     MUNTAG/048E
 MUNTAGN/048A    MUNTAGN1/0492   NAMEBUFFER/0BE3                 NAMEBUFFERL/0050               *NMBPB/0008
 NUMSTR/0025     OPEN:CHANNEL/0002               OPEN:LENGTH/0006                OPEN:NAMEP/0004
 OPEN:SCLEN/000E                 OPENIFILE/0A48  OPENOFILE/0AD1  OUTFLAG/0043    OUTPUTBUFFER/0C34
 OUTPUTBUFFEREND/0C80            OUTPUTBUFFERSIZE/004C           OUTPUTFILENAME/0ABB
 OUTPUTPOINTER/0041              OUTPUTPROMPT/0AC3               OUTPUTPROMPTL/000E
 OUTSTRING/05FC  OUTSTRING1/0602                 OUTSTRING2/060B                 POINTER1/0035
 POINTER2/0037   PRINT/08B0      PRINT2/08AD    *PROT::BACKUP/0001              *PROT::WRITE/0040
 PURGEBUFFER/094A                PUTBUFFER/095E  PUTBUFFERL/0964                 PUTCHAR/0929




ASM/6800 1.4A0: 1149 METAM14C.ASM       
08/16/82 00:00:00; Page 99; Form 3      Symbols Sorted by Name
M.ASM
 PUTCHAR1/0945   PUTCHAR2/0949   PUTELOG/0918    PZBASE/0020     READA:ACTUALCOUNT/0008
*READA:BUFFERP/000A             *READA:CHANNEL/0002             *READA:LMFLAG/0003
*READA:MAXCOUNT/000C             READA:SCLEN/000E               *READAHEADRDSIMIN/0003
*READB:ACTUALCOUNT/0008         *READB:BUFFERP/000A             *READB:CHANNEL/0002
*READB:MAXCOUNT/000C            *READB:SCLEN/000E               *READLUNNAME:SCLEN/000E
 REALIZELABEL/060C               RECOVERYMETAPC/002A             RECOVERYNUMSTR/002E
 RECOVERYSTACK/002C             *RENAME:CHANNEL/0002            *RENAME:LENGTH/0006
*RENAME:NAMEP/0004              *RENAME:SCLEN/000E               RW:POSITION/000E
*RWPOSITION:SCLEN/0012           SAVEX/0039      SC:DEVICESPECIFICOP/0010       *SC:GETACTCOL/0011
*SC:GETBACKGROUND/001A          *SC:GETBAUDRATE/0014            *SC:GETCOL/0001 *SC:GETCOLORING/0019
*SC:GETEOF/0002 *SC:GETERRORSTATS/0011          *SC:GETFILEDATE/0010            *SC:GETFILEPROT/0011
*SC:GETFILESIZE/0003            *SC:GETIDLES/0017               *SC:GETLASTBADLSN/0010
*SC:GETLINEFLAGS/002C           *SC:GETOUTPUTTIMEOUT/0013       *SC:GETPARAMS/0005
*SC:GETPOS/0000 *SC:GETPROFILE/0010             *SC:GETPROFILEALTERATION/0012   *SC:GETPROFILENAME/001B
*SC:GETTABS/0016                *SC:GETTYPE/0004                *SC:GETWRAP/0018
 SCANPOINTER/003F                SCBLK:DATA/000E                *SCBLK:END/000E *SCBLK:OPCODE/0000
 SCBLK:PARAMS/0002               SCBLK:RDBUF/000A                SCBLK:RDLEN/000C
 SCBLK:RPLEN/0008               *SCBLK:WLEN/0001                 SCBLK:WRBUF/0004
 SCBLK:WRLEN/0006               *SDOSVERSION/0011               *SECTOR:BYTE/0000
*SERIALNUMBER:SIZE/0008         *SETERROR:CODE/0002             *SETERROR:SCLEN/0004             SI/0002
 SICHANNEL/0A25  SO/0001         STAR/0023       STARTTOKEN/02E8                 STATEVARBASE/0033
 STATEVARS/1149 *STATUS:ACTUALCOUNT/0008        *STATUS:BUFFERP/000A            *STATUS:CHANNEL/0002
*STATUS:CODE/0003               *STATUS:COLUMN/0000             *STATUS:DATA/0000
*STATUS:DATEDAY/0003            *STATUS:DATEMONTH/0004          *STATUS:DATETICKS/0000
*STATUS:DATEYEAR/0005           *STATUS:DEVTYPE/0000            *STATUS:DIST/0000
*STATUS:EOFFLAG/0000            *STATUS:ERRLSN/000F             *STATUS:FILESIZE/0000
*STATUS:LASTBADLSN/0000         *STATUS:MAXCOUNT/000C           *STATUS:NBPS/0000
*STATUS:NCYL/0006               *STATUS:NSPC/0002               *STATUS:NSPT/0002
*STATUS:NTPC/0004               *STATUS:OPSCOUNT/000C           *STATUS:PROT/0000
*STATUS:READERRCNT/0008         *STATUS:READERRSTS/000A         *STATUS:SCLEN/000E
*STATUS:SEEKERRCNT/0000         *STATUS:SEEKERRSTS/0002         *STATUS:WRITEERRCNT/0004
*STATUS:WRITEERRSTS/0006         STRINGLENGTH/0046               STRINGNODE:BODY/0006
 STRINGNODE:FLAGS/0000           STRINGNODE:KEYLEN/0005          STRINGNODE:NEXT/0003
 STRINGNODE:TYPE/0002            SUBRADD/0CC9   *SUCCESSRETURN/02A1              SYSCALL$/00FB
*SYSCALL:ATTNCHECK/0019         *SYSCALL:CHAIN/0006              SYSCALL:CLOSE/0002
*SYSCALL:CLOSELOG/0008          *SYSCALL:CONTROL/000E            SYSCALL:CREATE/0001
*SYSCALL:CREATELOG/0007         *SYSCALL:DEBUG/0018             *SYSCALL:DELAY/001C
*SYSCALL:DELETE/0004            *SYSCALL:DISKDEFAULT/0009       *SYSCALL:DISPERROR/0015
 SYSCALL:ERROREXIT/0012         *SYSCALL:EXIT/0011              *SYSCALL:GETERROR/0014
*SYSCALL:GETSERIALNUMBER/001E   *SYSCALL:INTERLOCK/001B         *SYSCALL:ISCONSOLE/001A




ASM/6800 1.4A0: 1149 METAM14C.ASM       
08/16/82 00:00:00; Page 100; Form 3     Symbols Sorted by Name
M.ASM
*SYSCALL:JOBCONTROL/001F        *SYSCALL:KILLENABLE/0017        *SYSCALL:KILLPROOF/0016
*SYSCALL:LOAD/0005               SYSCALL:OPEN/0000               SYSCALL:READA/000A
*SYSCALL:READB/000B             *SYSCALL:READLUN/001D           *SYSCALL:RENAME/0003
*SYSCALL:SETERROR/0013          *SYSCALL:STATUS/000F            *SYSCALL:WAITDONE/0010
 SYSCALL:WRITEA/000C            *SYSCALL:WRITEB/000D            *SYSCHANNEL/00FE                *TEMP/0000
*TEMPA/0000      TEMPB/0001      TEMPX/0000      TOKENADD/0C8F   TOKENPOINTER/002F
*WAITDONE:CHANNEL/0002          *WAITDONE:SCLEN/0003             WRITEA:BUFFERP/0004
*WRITEA:CHANNEL/0002            *WRITEA:COUNT/0006               WRITEA:SCLEN/0008
*WRITEB:BUFFERP/0004            *WRITEB:CHANNEL/0002            *WRITEB:COUNT/0006
*WRITEB:SCLEN/0008




ASM/6800 1.4A0: 1149 METAM14C.ASM       
08/16/82 00:00:00; Page 101; Form 3     Symbols Sorted by Value
M.ASM
Symbols Sorted by Value:

*ASCII:NULL/0000                *BOOT:IPLDATA/0000              *CC:POSITION/0000
 CHANGED/0000    CI/0000         CO/0000        *CONTROL:DATA/0000              *CONTROL:DATETICKS/0000
*CONTROL:DIST/0000              *CONTROL:MAPALGORITHM/0000      *CONTROL:PROT/0000
*DIR:FILENAME/0000              *DISKMAP:BYTE/0000               DVDAT:NBPS/0000
*DVDAT:WIDTH/0000               *DVTYP.FILE/0000                *DVTYP:TYPE/0000
*ERR:NONE/0000  *HEADER:LCN/0000                *IC:CREATE/0000  IGNORED/0000   *JC:CREATE/0000
*LOAD:TYPE0/0000                 M6801/0000      M6809/0000     *SC:GETPOS/0000 *SCBLK:OPCODE/0000
*SECTOR:BYTE/0000               *STATUS:COLUMN/0000             *STATUS:DATA/0000
*STATUS:DATETICKS/0000          *STATUS:DEVTYPE/0000            *STATUS:DIST/0000
*STATUS:EOFFLAG/0000            *STATUS:FILESIZE/0000           *STATUS:LASTBADLSN/0000
*STATUS:NBPS/0000               *STATUS:PROT/0000               *STATUS:SEEKERRCNT/0000
 STRINGNODE:FLAGS/0000           SYSCALL:OPEN/0000              *TEMP/0000      *TEMPA/0000      TEMPX/0000
*ASCII:SOH/0001 *CC:DUMPBUFFERS/0001            *DVDAT:DEPTH/0001               *DVTYP.DISK/0001
*ERR:ATTENTION/0001             *IC:DESTROY/0001                *JC:TESTDONE/0001
*LOAD:TYPE1/0001                 M6800/0001     *PROT::BACKUP/0001              *SC:GETCOL/0001
*SCBLK:WLEN/0001                 SO/0001         SYSCALL:CREATE/0001             TEMPB/0001
*ASCII:STX/0002 *ATTNCHECK:SCLEN/0002           *CLOSE:CHANNEL/0002             *CLOSELOG:SCLEN/0002
*CONTROL:CHANNEL/0002           *CREATE:CHANNEL/0002            *DEBUG:SCLEN/0002
*DELAY:PERIOD/0002              *DISPERROR:SCLEN/0002           *DVDAT:NSPC/0002
*DVDAT:NSPT/0002                *DVTYP.STAPE/0002               *ERROREXIT:CODE/0002
*EXIT:SCLEN/0002                *IC:RESET/0002  *INTERLOCK:FUNCTION/0002        *ISCONSOLE:SCLEN/0002
*JC:DESTROY/0002                *JOBCONTROL:FUNCTION/0002       *KILLENABLE:SCLEN/0002
*KILLPROOF:SCLEN/0002            LCN:SIZE/0002  *LOAD:TYPE2/0002                 OPEN:CHANNEL/0002
*READA:CHANNEL/0002             *READB:CHANNEL/0002             *RENAME:CHANNEL/0002
*SC:GETEOF/0002  SCBLK:PARAMS/0002              *SETERROR:CODE/0002              SI/0002
*STATUS:CHANNEL/0002            *STATUS:NSPC/0002               *STATUS:NSPT/0002
*STATUS:SEEKERRSTS/0002          STRINGNODE:TYPE/0002            SYSCALL:CLOSE/0002
*WAITDONE:CHANNEL/0002          *WRITEA:CHANNEL/0002            *WRITEB:CHANNEL/0002
*ASCII:ETX/0003  CLOSE:SCLEN/0003               *CONTROL:CODE/0003              *CONTROL:DATEDAY/0003
*DVTYP.DTAPE/0003               *IC:LOCK/0003   *LOAD:TYPE3/0003                 LSN:SIZE/0003
*READA:LMFLAG/0003              *READAHEADRDSIMIN/0003          *SC:GETFILESIZE/0003
*STATUS:CODE/0003               *STATUS:DATEDAY/0003             STRINGNODE:NEXT/0003
*SYSCALL:RENAME/0003            *WAITDONE:SCLEN/0003            *ASCII:EOT/0004 *CHAIN:NAMEP/0004
*CONTROL:DATEMONTH/0004         *CONTROL:SCLEN/0004             *CREATE:NAMEP/0004
*CREATELOG:NAMEP/0004           *DELAY:SCLEN/0004               *DELETE:NAMEP/0004
*DISKDEFAULT:NAMEP/0004         *DVDAT:NTPC/0004                *DVTYP.CONSOLE/0004
 ERROREXIT:SCLEN/0004           *IC:RELEASE/0004                *INTERLOCK:BUFFERP/0004
*JOBCONTROL:BUFFERP/0004        *LOAD:NAMEP/0004                 OPEN:NAMEP/0004




ASM/6800 1.4A0: 1149 METAM14C.ASM       
08/16/82 00:00:00; Page 102; Form 3     Symbols Sorted by Value
M.ASM
*RENAME:NAMEP/0004              *SC:GETTYPE/0004                 SCBLK:WRBUF/0004
*SETERROR:SCLEN/0004            *STATUS:DATEMONTH/0004          *STATUS:NTPC/0004
*STATUS:WRITEERRCNT/0004        *SYSCALL:DELETE/0004             WRITEA:BUFFERP/0004
*WRITEB:BUFFERP/0004            *ASCII:ENQ/0005 *CONTROL:DATEYEAR/0005          *DVTYP.PRINTER/0005
*IC:TEST/0005   *LOAD:ENCRYPTED/0005            *SC:GETPARAMS/0005              *STATUS:DATEYEAR/0005
 STRINGNODE:KEYLEN/0005         *SYSCALL:LOAD/0005              *ASCII:ACK/0006 *CHAIN:LENGTH/0006
*CREATE:LENGTH/0006             *CREATELOG:LENGTH/0006          *DELETE:LENGTH/0006
*DISKDEFAULT:LENGTH/0006        *DVDAT:NCYL/0006                *DVTYP.SERIALOUT/0006
*INTERLOCK:COUNT/0006           *JOBCONTROL:COUNT/0006          *LOAD:LENGTH/0006
 OPEN:LENGTH/0006               *RENAME:LENGTH/0006              SCBLK:WRLEN/0006
*STATUS:NCYL/0006               *STATUS:WRITEERRSTS/0006         STRINGNODE:BODY/0006
*SYSCALL:CHAIN/0006             *WRITEA:COUNT/0006              *WRITEB:COUNT/0006
*ASCII:BEL/0007 *DVTYP.SERIALIN/0007            *SYSCALL:CREATELOG/0007         *ASCII:BS/0008
*DVTYP.PAROUT/0008              *GETERROR:ACTUALCOUNT/0008      *GETSERIALNUMBER:ACTUALCOUNT/0008
*INTERLOCK:SCLEN/0008           *JOBCONTROL:ACTUALCOUNT/0008    *JOBCONTROL:SCLEN/0008          *NMBPB/0008
 READA:ACTUALCOUNT/0008         *READB:ACTUALCOUNT/0008          SCBLK:RPLEN/0008
*SERIALNUMBER:SIZE/0008         *STATUS:ACTUALCOUNT/0008        *STATUS:READERRCNT/0008
*SYSCALL:CLOSELOG/0008           WRITEA:SCLEN/0008              *WRITEB:SCLEN/0008
 ASCII:HT/0009  *DVTYP.PARIN/0009               *SYSCALL:DISKDEFAULT/0009       *ASCII:LF/000A
*DVTYP.DUMMY/000A               *GETERROR:BUFFERP/000A          *GETSERIALNUMBER:BUFFERP/000A
*READA:BUFFERP/000A             *READB:BUFFERP/000A              SCBLK:RDBUF/000A
*STATUS:BUFFERP/000A            *STATUS:READERRSTS/000A          SYSCALL:READA/000A
*ASCII:VT/000B  *DVTYP.CLOCK/000B               *SYSCALL:READB/000B             *ASCII:FF/000C
*GETERROR:MAXCOUNT/000C         *GETSERIALNUMBER:MAXCOUNT/000C  *JOBCONTROL:MAXCOUNT/000C
*READA:MAXCOUNT/000C            *READB:MAXCOUNT/000C             SCBLK:RDLEN/000C
*STATUS:MAXCOUNT/000C           *STATUS:OPSCOUNT/000C            SYSCALL:WRITEA/000C
 ASCII:CR/000D   INPUTPROMPTL/000D              *SYSCALL:WRITEB/000D            *ASCII:SO/000E
*CHAIN:SCLEN/000E                CREATE:FILESIZE/000E            CREATE:SCLEN/000E
*CREATELOG:SCLEN/000E           *DELETE:SCLEN/000E              *DIR:FCBDATASIZE/000E
*DISKDEFAULT:SCLEN/000E         *GETERROR:SCLEN/000E            *GETSERIALNUMBER:SCLEN/000E
*LOAD:SCLEN/000E                 OPEN:SCLEN/000E                 OUTPUTPROMPTL/000E
 READA:SCLEN/000E               *READB:SCLEN/000E               *READLUNNAME:SCLEN/000E
*RENAME:SCLEN/000E               RW:POSITION/000E                SCBLK:DATA/000E
*SCBLK:END/000E *STATUS:SCLEN/000E              *SYSCALL:CONTROL/000E           *ASCII:SI/000F
*STATUS:ERRLSN/000F             *SYSCALL:STATUS/000F            *ASCII:DLE/0010  BOOT:DISKINFO/0010
 BOOT:DISKINFOLEN/0010          *BOOT:FILESYSTEMVERSION/0010     CC:DEVICESPECIFICOP/0010
*CC:ECHO/0010   *CC:SETFILEDATE/0010            *CC:UNLOCKDISK/0010              DIR:FCBDATA/0010
*DIR:HLCN/0010   DIR:NAMESIZE/0010              *FILESYSTEMVERSION/0010          SC:DEVICESPECIFICOP/0010
*SC:GETFILEDATE/0010            *SC:GETLASTBADLSN/0010          *SC:GETPROFILE/0010
*SYSCALL:WAITDONE/0010          *ASCII:DC1/0011 *BOOT:NSPC/0011 *CC:DISMOUNTDISK/0011




ASM/6800 1.4A0: 1149 METAM14C.ASM       
08/16/82 00:00:00; Page 103; Form 3     Symbols Sorted by Value
M.ASM
*CC:NOECHO/0011 *CC:SETFILEPROT/0011            *SC:GETACTCOL/0011              *SC:GETERRORSTATS/0011
*SC:GETFILEPROT/0011            *SDOSVERSION/0011               *SYSCALL:EXIT/0011
*ASCII:DC2/0012 *BOOT:MINALLOC/0012             *CC:IDLES/0012  *CC:SETFILESIZE/0012
*CC:SETMAPALGORITHM/0012        *CREATE:FILESIZESCLEN/0012      *DIR:HCSIC/0012 *RWPOSITION:SCLEN/0012
*SC:GETPROFILEALTERATION/0012    SYSCALL:ERROREXIT/0012         *ASCII:DC3/0013 *CC:MULTISECTORREAD/0013
*CC:POSITIONTOEND/0013          *CC:TABS/0013   *DIR:NCLUSTERS/0013             *SC:GETOUTPUTTIMEOUT/0013
*SYSCALL:SETERROR/0013          *ASCII:DC4/0014 *BOOT:MIDALLOC/0014             *CC:MULTISECTORWRITE/0014
*CC:SETACTBLOCK/0014            *SC:GETBAUDRATE/0014            *SYSCALL:GETERROR/0014
*ASCII:NAK/0015 *CC:CLRINPUT/0015               *CC:FORMAT/0015 *DIR:FILESIZE/0015
*SYSCALL:DISPERROR/0015         *ASCII:SYN/0016 *BOOT:MAPALGORITHM/0016         *CC:CLROUTPUT/0016
*CC:WAITDONE/0016               *SC:GETTABS/0016                *SYSCALL:KILLPROOF/0016
*ASCII:ETB/0017 *CC:SETREADTIMEOUT/0017         *SC:GETIDLES/0017               *SYSCALL:KILLENABLE/0017
*ASCII:CAN/0018 *BOOT:CREATIONDATE/0018         *CC:SETPROFILE/0018             *SC:GETWRAP/0018
*SYSCALL:DEBUG/0018             *ASCII:EM/0019  *CC:ALTERPROFILE/0019           *DIR:PROTECTION/0019
*SC:GETCOLORING/0019            *SYSCALL:ATTNCHECK/0019         *ASCII:SUB/001A *CC:WRITEEDITLINE/001A
*DIR:DAY/001A   *SC:GETBACKGROUND/001A          *SYSCALL:ISCONSOLE/001A         *ASCII:ESC/001B
*BOOT:DIRLSN/001B               *CC:SETFIELDSIZE/001B           *DIR:MONTH/001B *SC:GETPROFILENAME/001B
*SYSCALL:INTERLOCK/001B         *ASCII:FS/001C  *CC:SETPARAMS/001C              *DIR:YEAR/001C
*SYSCALL:DELAY/001C             *ASCII:GS/001D  *CC:ACTIVATIONCK/001D           *DIR:VERSION/001D
*SYSCALL:READLUN/001D           *ASCII:RS/001E  *CC:WRAP/001E   *SYSCALL:GETSERIALNUMBER/001E
*ASCII:US/001F  *BOOT:CHECKSUM/001F             *CC:NOWRAP/001F *SYSCALL:JOBCONTROL/001F
*ASCII:SPACE/0020               *BOOT:DISKID/0020                BOOT:DISKIDSIZE/0020
*CC:COLORING/0020               *DIR:ENTRYSIZE/0020              METAPC/0020     PZBASE/0020
*CC:BACKGROUND/0021              :MNOTTEST/0022 *CC:KILLPROOF/0022               FLAG/0022
*CC:KILLENABLE/0023              STAR/0023      *CC:SETOUTPUTTIMEOUT/0024       *CC:SETBAUDRATE/0025
 NUMSTR/0025    *CC:SETINPUTTRANSLATION/0026     INCLBL/0026     LABGEN/0028     RECOVERYMETAPC/002A
 RECOVERYSTACK/002C             *SC:GETLINEFLAGS/002C            RECOVERYNUMSTR/002E
 TOKENPOINTER/002F               DECODEADD/0031  STATEVARBASE/0033               POINTER1/0035
 POINTER2/0037   :MPARAMS/0038   SAVEX/0039      FILLPOINTER/003B                EMPTYPOINTER/003D
 SCANPOINTER/003F               *BOOT:SIZE/0040 *PROT::WRITE/0040                OUTPUTPOINTER/0041
 OUTFLAG/0043    CCODE/0044      STRINGLENGTH/0046               CASECONVERSION/0047
 INCLUDEERROR/0048               OUTPUTBUFFERSIZE/004C           NAMEBUFFERL/0050
 ERR:FATALCOMPILE/0064          *ERR:WARNINGCOMPILE/0065        *ERR:BADCMDFORMAT/0066
*ERR:CANTGOTO/0067              *ERR:ABNORMALSTOP/0068          *ERR:NOTENUFMEM/0069
*ASCII:MASK/007F                *ASCII:RUBOUT/007F               SYSCALL$/00FB  *SYSCHANNEL/00FE
*LOGCHANNEL/00FF                 BEGIN/0100      CODE/0100       CHECKSUM/0103   DECODE/0159
 INPUTBUFFERSIZE/0190            MSETSTATE/01D9  MQUERYSTATE/01E0                MQUERYSTATE1/01EC
 GETSTATEADDRESS/01EF            MRECOVERYMETAPC/01FA            MBE/0207        MBE1/020E       MERR/0216
 MERR1/021A      MERR2/021E      MERR3/022D      MERRLOOP/0245   MERR5/0252      MFIN/0255       MFIN1/025A
 MKEYWORDTEST/0269               METAKEYWORDEXIT/0284            CALLT/028C     *SUCCESSRETURN/02A1




ASM/6800 1.4A0: 1149 METAM14C.ASM       
08/16/82 00:00:00; Page 104; Form 3     Symbols Sorted by Value
M.ASM
 CALLT6/02C3     FAILRETURN/02C6                 CALLT2/02D4     MNOTTEST/02D7   DEBLANKLOOP/02DD
 DEBLANK/02E0    STARTTOKEN/02E8                 CALLT4/02ED     CALLT5/02F0     EATTOKEN/02F6
 BACKUP/02FB     BACKUP1/0306    MTEST/0309      MTEST1/0314     MTEST1A/032E    MTEST2/0339
 MTEST2A/033E    MTEST3/0343     MCL/0349        MCL1/034D       MCL2/0351       BT/035D         BT1/0361
 BF/0372         METAINXPC2/0376                 MASM/037D       ENTERMETA/0381  METAINCPC2/0388
 METAINCPC/0391  METAINXPC/0393  METASTXPC/0394  METAM/0399      METAMX/039B     METAM1/03AD
*CALLS0TO63/03AF                 CALLS0/03B1     ERRCALLSTKOVFLW/03DD            ERRUNDEFSUBR/03E3
*ERR:BOOTCKSUMFAIL/03E8          CALLSEXTENDED/03E9              ERR:EOFHIT/03E9
*ERR:FILEISOPEN/03EA            *ERR:NODEBUGGER/03EB            *ERR:BADPOSITION/03EC
*ERR:NBPCTOOBIG/03ED            *ERR:NODISKMAP/03EE             *ERR:NOMATCHFCB/03EF
*ERR:NODEFAULTPROGRAM/03F0      *ERR:FILEWRTPROT/03F2           *ERR:FILENOTFOUND/03F3
 MPARAMSL/03F3  *ERR:ILLEGALLCN/03F4            *ERR:BADFNAMESIZE/03F5          *ERR:NEWFILEEXISTS/03F6
*ERR:NODISKSPACE/03F7           *ERR:LCNWASNTALLOCATED/03F8     *ERR:NOFREEFCBS/03F9
*ERR:WRONGFILESYSTEM/03FA       *ERR:FILEINCREATE/03FB          *ERR:DISKMOUNTED/03FC
*ERR:CANTOPENMUSTCREATE/03FD    *ERR:NOERRORMSGS/03FE           *ERR:BADFILENAME/03FF
*ERR:ILLFILESIZE/0400           *ERR:HCSICTOOSMALL/0401         *ERR:NOTENOUGHPOOL/0402
*ERR:PWRFAILDISKF/0403          *ERR:NOTALOADFILE/0404          *ERR:BADFILEVERSION/0405
*ERR:CHTOOBIG/0406              *ERR:CHBUSY/0407                 MPARAMS/0407   *ERR:CLOSED/0408
*ERR:ILLEGALSYSCALL/0409        *ERR:ILLDEVICEOP/040A           *ERR:RENAMEDEVICE/040B
*ERR:BADLOADRECORD/040C         *ERR:NOTENOUGHROOM/040D         *ERR:ILLLSN/040E
*ERR:DIRECTORYDAMAGED/040F      *ERR:IBUFOVERFLOW/0410          *ERR:PROGRAMKILLED/0411
*ERR:DEVICETIMEDOUT/0412        *ERR:SECTORSIZE2/0413           *ERR:SYSTEMCROAKED/0414
*ERR:DISKREAD/0415              *ERR:DISKWRITE/0416             *ERR:DISKSEEK/0417
*ERR:DSKWRTPROT/0418            *ERR:DISKWRITELOCKED/0419       *ERR:SDOSCKSUM/041A
*ERR:NLSNGE224/041B              MPARAMS0/041B  *ERR:CLUSTERSIZELIMITSFILE/041C *ERR:SYSCALLTOOSHORT/041D
*ERR:RDBUFTOOSMALL/041E         *ERR:WRBUFTOOSMALL/041F         *ERR:NOSUCHDEVICE/0420
*ERR:DEVICEERRORED/0421         *ERR:MUSTBEDISK/0422            *ERR:NOTOPENTOCONSOLE/0423
*ERR:DEVICENOTREADY/0424        *ERR:TIMENOTSET/0425            *ERR:NOSUCHLUN/0426
*ERR:ZEROSTARTADDRESS/0427      *ERR:NOSUCHPROGRAM/0428         *ERR:OLDFILEEXISTS/0429
*ERR:ALLOC0CLUSTERS/042B        *ERR:FILEALREADYDELETED/042C    *ERR:PRINTERNOTREADY/042D
 MPARAMS1/042D  *ERR:INPUTTIMEOUT/042E          *ERR:ENDOFMEDIUM/042F            ERR:SELFTESTCKSUM/0430
*ERR:NOTIMEOUTBLKS/0431         *ERR:SERIALNOWRONG/0432         *ERR:NOSUCHKEY/0433
*ERR:DUPLICATEKEY/0434          *ERR:BRANCHFACTORSIZE/0435      *ERR:SDOSNOTREGISTERED/0436
*ERR:DECRYPTIONKEYSDONTMATCH/0437                MPARAMS2/0450   MPARAMS5/0453   MPARAMS6/045B
 MSET/0461       MQUERYN/0465    MQUERY/046A     MQUERY1/046E    MQUERY2/0473    MTAGN/0478      MTAG/047C
 MTAG1/0480      MUNTAGN/048A    MUNTAG/048E     MUNTAGN1/0492   MSETTYPEN/049C  MQUERYTYPEN/04A5
*ERR:BADREADBUF/04B0            *ERR:BADWRITEBUF/04B1           *ERR:RDBUFTOOBIG/04B2
*ERR:WRBUFTOOBIG/04B3            MQUERYTYPEN1/04B3              *ERR:NOTENOUGHCHANNELS/04B4
*ERR:NOTUNDERTIMESHARE/04B5     *ERR:MTNOROOM/04B6               FETCH2ND/04B6  *ERR:MTBADCONFIG/04B7
*ERR:ALREADYLOCKED/04B8         *ERR:NOSUCHOBJECT/04B9          *ERR:NOTLOCKED/04BA




ASM/6800 1.4A0: 1149 METAM14C.ASM       
08/16/82 00:00:00; Page 105; Form 3     Symbols Sorted by Value
M.ASM
*ERR:OBJECTDESTROYED/04BB       *ERR:LOCKRESET/04BC             *ERR:IMPLEMENTATIONLIMITREACHED/04BD
*ERR:ILLEGALINTERLOCKFUNCTION/04BE              *ERR:MEMORYMGMTFAIL/04BF        *ERR:NOMOREJOBS/04C0
*ERR:ILLEGALJOBCONTROL/04C1     *ERR:CAPABILITYFAILURE/04C2      FINDSTARN/04C2 *ERR:JOBKILLED/04C3
*ERR:JOBCOMPLETED/04C4           FINDSTARN1/04D3                 FINDSTAR/04D9   FINDSTAR1/04DD
 FINDSTRINGADD/04E8              FINDSTRINGADD1/0500             ERRSTRINGSELRNG/0505
 FINDFLAG/050B   FINDFLAG1/051F  FINDFLAG2/0521  MOVESTRINGUP/0526               MOVESTR1/0530
 MOVESTR2/053E   MOVESTR3/055F   JERRCALLSTKOVFLW/0565           MINCLUDE/0568   MRT/059B
 METAMJ/059F     MRF/05A2        MR/05A9         MR1/05B7        MR2/05DA        MCR/05DD        MTAB/05E5
 MOUTN/05ED      MOUT/05F5       OUTSTRING/05FC  OUTSTRING1/0602                 OUTSTRING2/060B
 REALIZELABEL/060C               MGENL1/0617     MGENL/0618      MGENL2/0634     MGENL3/063E
 MGENL4/0646     MGENL4A/0648    MGENL5/064E     MGENL6/0653     COMPUTEHASH/0654                HASH/0657
 HASH1/0668      FINDSTRING/067B                 FINDSTRING1A/0689               FINDSTRING2A/06A0
 FINDSTRING2B/06A3               FINDSTRING2/06A5                FINDSTRING3/06BC
 FINDSTRING3A/06BE               FINDSTRING4/06C9                FINDSTRING4A/06DF
 FINDSTRINGA/06E7                FINDSTRING5/06ED                FINDSTRING6/0729
 FINDSTRING6B/072B               FINDSTRING6A/0738               FINDSTRING7/0740
 FINDSTRING8/074C                FINDSTRING9/074F                M:SYNTAX/0755   M:IMDONE/0761
*ERR:WRONGDISKTYPE/076E         *ERR:IOINPROGRESS/0771          *ERR:BUSYFORANOTHERPROCESS/0772
*ERR:ACTIVATIONNOTINBUFFER/0773 *ERR:BADFIELDWIDTH/0774         *ERR:ACTIVATIONRECEIVED/0775
 M:DICTIONARYOVERFLOW/0775      *ERR:TIMEDINPUTEXPIRED/0776     *ERR:PROFILENOTFOUND/0777
*ERR:PROFILENOTMALLEABLE/0778    M:CALLSTACKOVERFLOW/0795        M:TOOMANYSTRINGS/07B5
 M:STRINGLENGTH/07DB             M:STRINGSELECTOR/07FF           M:EOFHIT/0829   M:BADMETAOP/084E
 M:UNDEFSUBR/0874                M:LINETOOLONG/0896              PRINT2/08AD     PRINT/08B0
 BADMETAOP/08BA  CROAK/08BD      CROAK1/08CA     DUMPLINE/08D0   DUMPLINE1/08D6  DUMPLINE0/08DE
 DUMPLINE3/08E7  DUMPLINE2/08F0  DUMPLINE4/08F4  DUMPLINE5/08FD  DUMPLINE6/090C  DUMPLINE7/0910
 CRLF/0916       PUTELOG/0918    PUTCHAR/0929    PUTCHAR1/0945   PUTCHAR2/0949   PURGEBUFFER/094A
 PUTBUFFER/095E  PUTBUFFERL/0964                 GETTOKENCHAR0/0966              GETTOKENCHAR/0968
 GETTOKENCHAR2/0979              GETINPUTCHAR0/097C              GETINPUTCHAR/097E
 GETINPUTCHAR2/098F              FILLTHEBUFFER/0992              FILLTHEBUFFER0/09A1
 FILLTHEBUFFER1/09B0             FILLTHEBUFFER1A/09B4            FILLTHEBUFFER5/09BF
 FILLTHEBUFFER5A/09E3            FILLTHEBUFFERF/09E9             FILLTHEBUFFER4/09F1
 FILLTHEBUFFER2/09FE             FILLTHEBUFFER3/0A1B             FILLTHEBUFFERBRA/0A20
 FILLBLOCK/0A23  SICHANNEL/0A25  FILLBLOCKB/0A2D                 FILLBLOCKL/0A2F
 CALLSYSCALL/0A31                CALLSYSCALL1/0A36               CHECKSUMERROR/0A39
 CALLSYSCALL2/0A3F               IOERRORBLOCK/0A40               IOERROR/0A42    CLOSEIFILE/0A44
 CLOSEIFILECHANNEL/0A46          OPENIFILE/0A48  CONSOLEOUT/0A56                 CONSOLEOUTBUFFER/0A5A
 HASHTABLE/0A5E  HIMESSAGE/0A9E  INPUTBUFFER/0A9E                HIMESSAGEL/0AA4
 INPUTFILENAME/0AA6              INPUTPROMPT/0AAE                OUTPUTFILENAME/0ABB
 OUTPUTPROMPT/0AC3               OPENOFILE/0AD1  INPUTCONSOLE/0ADF               MINIT/0AED
 CKSUML1/0AF1    CKSUML2/0AFC    MINITDISPLAY/0B1A               MINITCKFAULT/0B2E




ASM/6800 1.4A0: 1149 METAM14C.ASM       
08/16/82 00:00:00; Page 106; Form 3     Symbols Sorted by Value
M.ASM
*MINITGO/0B31    KEYWORDINSERT/0BAA              MINITDONE/0BDD  GAKDIE/0BE0     METAMCODEEND/0BE3
 NAMEBUFFER/0BE3                 INPUTBUFFEREND/0C34             OUTPUTBUFFER/0C34
 DEBLANKTOKEN/0C80               EST:METAMSIZE/0C80              METAMEND/0C80   OUTPUTBUFFEREND/0C80
 ERRORTOKEN/0C83                 KEYWORDTOKEN/0C86               DICT/0C89       KEYWORDCHAIN/0C8B
 METACODE/0C8D   TOKENADD/0C8F   SUBRADD/0CC9    STATEVARS/1149 *DUMMYLCN/FFFF

752 Symbols.


 *** No Assembly Errors.
