
                      LFEFC            SPHERE PROM: JUMP TO MONITOR
                      LFF53            EXBUG AECHO VAR: =0 -> ECHO input chars, <>0 -> Do not ECHO
                      L0250            Console Char In
                      L025A            Console Char Out
                      L022D            print string in printer
                      L0268            check hex char
10000 
10000 
10000 
10000 
10000 0400 7E 0AA8    ENTRY   JMP    START        ASSEMBLER ENTRY POINT. 
10000 0403 7E 0AAD    L0403   JMP    L0AAD
10000                 
10000 0406 41 4241            FCC    "ABA"
10000 0409 10 00
10000 040B 1B 
10000 040C 41 4443            FCC    "ADC"
10000 040F 00                 
10000 0410 D4 89              
10000                 L0411
10000 0412 41 4444            FCC    "ADD"
10000 0415 00                 
10000 0416 D4 8B              
10000 0418 41                 
10000 0419 4E                 
10000 041A 44                 
10000 041B 00                 
10000 041C D4 84              
10000 041E 41                 
10000 041F 53                 
10000 0420 4C                 
10000 0421 00                 
10000 0422 4A                 
10000 0423 48                 
10000 0424 41                 
10000 0425 53                 
10000 0426 52                 
10000 0427 00                 
10000 0428 4A                 
10000 0429 47                 
10000 042A 42                 
10000 042B 43                 
10000 042C 43                 
10000 042D 00                 
10000 042E 20 24              
10000 0430 42                 
10000 0431 43                 
10000 0432 53                 
10000 0433 00                 
10000 0434 20 25              
10000 0436 42                 
10000 0437 45                 
10000 0438 51                 
10000 0439 00                 
10000 043A 20 27              
10000 043C 42                 
10000 043D 47                 
10000 043E 45                 
10000 043F 00                 
10000 0440 20 2C              
10000 0442 42                 
10000 0443 47                 
10000 0444 54                 
10000 0445 00                 
10000 0446 20 2E              
10000 0448 42                 
10000 0449 48                 
10000 044A 49                 
10000 044B 00                 
10000 044C 20 22              
10000 044E 42                 
10000 044F 49                 
10000 0450 54                 
10000 0451 00                 
10000 0452 D4 85              
10000 0454 42         L0454   
10000 0455 4C                 
10000 0456 45                 
10000 0457 00                 
10000 0458 20 2F              
10000 045A 42                 
10000 045B 4C         L045B   
10000 045C 53                 
10000 045D 00                 
10000 045E 20 23              
10000 0460 42                 
10000 0461 4C                 
10000 0462 54                 
10000 0463 00         L0463   
10000 0464 20 2D              
10000 0466 42                 
10000 0467 4D                 
10000 0468 49                 
10000 0469 00                 
10000 046A 20 2B              
10000 046C 42                 
10000 046D 4E                 
10000 046E 45         L046E   
10000 046F 00                 
10000 0470 20 26      L0470   
10000 0472 42                 
10000 0473 50                 
10000 0474 4C                 
10000 0475 00                 
10000 0476 20 2A      L0476   
10000 0478 42                 
10000 0479 52                 
10000 047A 41                 
10000 047B 00                 
10000 047C 20 20              
10000 047E 42                 
10000 047F 53                 
10000 0480 52                 
10000 0481 00                 
10000 0482 20 8D              
10000                 L0483
10000 0484 42                 
10000 0485 56                 
10000 0486 43                 
10000 0487 00                 
10000 0488 20 28              
10000                 L0489
10000 048A 42                 
10000 048B 56                 
10000 048C 53                 
10000 048D 00                 
10000 048E 20 29              
10000 0490 43                 
10000 0491 42                 
10000 0492 41                 
10000 0493 10         L0493   
10000 0494 00                 
10000 0495 11                 
10000 0496 43                 
10000 0497 4C         L0497   
10000 0498 43         L0498   
10000 0499 10                 
10000 049A 00                 
10000 049B 0C                 
10000 049C 43                 
10000 049D 4C                 
10000 049E 49         L049E   
10000 049F 10                 
10000 04A0 00                 
10000 04A1 0E                 
10000 04A2 43         L04A2   
10000 04A3 4C                 
10000 04A4 52                 
10000 04A5 00                 
10000 04A6 4A                 
10000 04A7 4F                 
10000 04A8 43                 
10000 04A9 4C                 
10000 04AA 56                 
10000 04AB 10                 
10000 04AC 00                 
10000 04AD 0A                 
10000 04AE 43                 
10000 04AF 4D                 
10000 04B0 50                 
10000 04B1 00                 
10000 04B2 D4 81      L04B2   
10000 04B4 43                 
10000 04B5 4F                 
10000 04B6 4D                 
10000 04B7 00                 
10000 04B8 4A                 
10000 04B9 43         L04B9   
10000 04BA 43                 
10000 04BB 50                 
10000 04BC 58                 
10000 04BD 00                 
10000 04BE D0 8C              
10000 04C0 44                 
10000 04C1 41                 
10000 04C2 41                 
10000 04C3 10                 
10000 04C4 00                 
10000 04C5 19                 
10000 04C6 44                 
10000 04C7 45                 
10000 04C8 43                 
10000 04C9 00                 
10000 04CA 4A                 
10000 04CB 4A                 
10000 04CC 44                 
10000 04CD 45                 
10000 04CE 53                 
10000 04CF 10                 
10000 04D0 00                 
10000 04D1 34                 
10000 04D2 44                 
10000 04D3 45                 
10000 04D4 58                 
10000 04D5 10                 
10000 04D6 00                 
10000 04D7 09                 
10000 04D8 45                 
10000 04D9 4F                 
10000 04DA 52                 
10000 04DB 00                 
10000 04DC D4 88              
10000 04DE 49                 
10000 04DF 4E                 
10000 04E0 43                 
10000 04E1 00                 
10000 04E2 4A                 
10000 04E3 4C                 
10000 04E4 49                 
10000 04E5 4E                 
10000 04E6 53                 
10000 04E7 10                 
10000 04E8 00                 
10000 04E9 31                 
10000 04EA 49                 
10000 04EB 4E                 
10000 04EC 58                 
10000 04ED 10                 
10000 04EE 00                 
10000 04EF 08                 
10000 04F0 4A                 
10000 04F1 4D                 
10000 04F2 50                 
10000 04F3 00                 
10000 04F4 48                 
10000 04F5 6E 4A              
10000 04F7 53                 
10000 04F8 52                 
10000 04F9 00                 
10000 04FA 48                 
10000 04FB AD 4C              
10000 04FD 44                 
10000 04FE 41                 
10000 04FF 00                 
10000 0500 D4 86              
10000 0502 4C                 
10000 0503 44                 
10000 0504 53                 
10000 0505 00                 
10000 0506 D0 8E              
10000 0508 4C                 
10000 0509 44                 
10000 050A 58                 
10000 050B 00                 
10000 050C D0 CE              
10000 050E 4C                 
10000 050F 53                 
10000 0510 52                 
10000 0511 00                 
10000 0512 4A                 
10000 0513 44                 
10000 0514 4E                 
10000 0515 45                 
10000 0516 47                 
10000 0517 00                 
10000 0518 4A                 
10000 0519 40                 
10000 051A 4E                 
10000 051B 4F                 
10000 051C 50                 
10000 051D 10                 
10000 051E 00                 
10000 051F 01                 
10000 0520 4F                 
10000 0521 52                 
10000 0522 41                 
10000 0523 00                 
10000 0524 D4 8A              
10000 0526 50                 
10000 0527 53                 
10000 0528 48                 
10000 0529 00                 
10000 052A 02                 
10000 052B 36                 
10000 052C 50                 
10000 052D 55                 
10000 052E 4C                 
10000 052F 00                 
10000 0530 02                 
10000 0531 32                 
10000 0532 52                 
10000 0533 4F                 
10000 0534 4C                 
10000 0535 00                 
10000 0536 4A                 
10000 0537 49                 
10000 0538 52                 
10000 0539 4F                 
10000 053A 52                 
10000 053B 00                 
10000 053C 4A                 
10000 053D 46                 
10000 053E 52                 
10000 053F 54                 
10000 0540 49                 
10000 0541 10                 
10000 0542 00                 
10000 0543 3B                 
10000 0544 52                 
10000 0545 54                 
10000 0546 53                 
10000 0547 10                 
10000 0548 00                 
10000 0549 39                 
10000 054A 53                 
10000 054B 42                 
10000 054C 41                 
10000 054D 10                 
10000 054E 00                 
10000 054F 10                 
10000 0550 53                 
10000 0551 42                 
10000 0552 43                 
10000 0553 00                 
10000 0554 D4 82              
10000 0556 53                 
10000 0557 45                 
10000 0558 43                 
10000 0559 10                 
10000 055A 00                 
10000 055B 0D                 
10000 055C 53                 
10000 055D 45                 
10000 055E 49                 
10000 055F 10                 
10000 0560 00                 
10000 0561 0F                 
10000 0562 53                 
10000 0563 45                 
10000 0564 56                 
10000 0565 10                 
10000 0566 00                 
10000 0567 0B                 
10000 0568 53                 
10000 0569 54                 
10000 056A 41                 
10000 056B 00                 
10000 056C 54                 
10000 056D 87                 
10000 056E 53                 
10000 056F 54                 
10000 0570 53                 
10000 0571 00                 
10000 0572 50                 
10000 0573 8F                 
10000 0574 53                 
10000 0575 54                 
10000 0576 58                 
10000 0577 00                 
10000 0578 50                 
10000 0579 CF                 
10000 057A 53                 
10000 057B 55                 
10000 057C 42                 
10000 057D 00                 
10000 057E D4 80              
10000 0580 53                 
10000 0581 57                 
10000 0582 49                 
10000 0583 10                 
10000 0584 00                 
10000 0585 3F                 
10000 0586 54                 
10000 0587 41                 
10000 0588 42                 
10000 0589 10                 
10000 058A 00                 
10000 058B 16                 
10000 058C 54                 
10000 058D 41                 
10000 058E 50                 
10000 058F 10                 
10000 0590 00                 
10000 0591 06                 
10000 0592 54                 
10000 0593 42                 
10000 0594 41                 
10000 0595 10                 
10000 0596 00                 
10000 0597 17                 
10000 0598 54                 
10000 0599 50                 
10000 059A 41                 
10000 059B 10                 
10000 059C 00                 
10000 059D 07                 
10000 059E 54                 
10000 059F 53                 
10000 05A0 54                 
10000 05A1 00                 
10000 05A2 4A                 
10000 05A3 4D                 
10000 05A4 54                 
10000 05A5 53                 
10000 05A6 58                 
10000 05A7 10                 
10000 05A8 00                 
10000 05A9 30                 
10000 
10000 05AA 54 5853            FCC     "TXS"
10000 05AD 10                 
10000 05AE 00                 
10000 05AF 35                 
10000 05B0 57 4149            FCC     "WAI"
10000 05B3 10                 
10000 05B4 00                 
10000 05B5 3E                 
10000 05B6 45                 FCC     "END"
10000 05B9 D0 05              
10000 05BB FE 
10000 05BC 45 5155            FCC     "EQU"
10000 05BF A0 06              
10000 05C1 01                 
10000 05C2 46 4342            FCC     "FCB"
10000 05C5 88 06              
10000 05C7 04                 
10000 05C8 46 4343            FCC     "FCC"
10000 05CB 80 06              
10000 05CD 07                 
10000 05CE 46 4442            FCC     "FDB"
10000 05D1 88 06              
10000 05D3 0A                 
10000 05D4 4D 4F4E            FCC     "MON"
10000 05D7 80 06              
10000 05D9 0D                 
10000 05DA 4E 414D            FCC     "NAM"
10000 05DD 80 06              
10000 05DF 10                 
10000 05E0 4F 5054            FCC     "OPT"
10000 05E3 80 06              
10000 05E5 13                 
10000 05E6 4F 5247            FCC     "ORG"
10000 05E9 C0 06              
10000 05EB 16                 
10000 05EC 50 4147            FCC     "PAG"
10000 05EF D0 06              
10000 05F1 19                 
10000 05F2 52 4D42            FCC     "RMB"
10000 05F5 80 06              
10000 05F7 1C                 
10000 05F8 53 5043            FCC     "SPC"
10000 05FB D0 06              
10000 05FD 1F                 
10000 
10000 05FE 7E 0CE5            JMP     L0CE5
10000 0601 7E 0CB9            JMP     L0CB9
10000 0604 7E 0E77            JMP     L0E77
10000 0607 7E 0D1E            JMP     L0D1E
10000 060A 7E 0E1F            JMP     L0E1F
10000 060D 7E 0CE5            JMP     L0CE5
10000 0610 7E 0ED9            JMP     L0ED9
10000 0613 7E 0F1D            JMP     L0F1D
10000 0616 7E 0FB8            JMP     L0FB8
10000 0619 7E 0FC9            JMP     L0FC9
10000 061C 7E 1024            JMP     L1024
10000 061F 7E 103F            JMP     L103F
10000 0622 7E 0B3D    L0622   JMP     L0B3D
10000 0625 7E 0CA6    L0625   JMP     L0CA6
10000 0628 7E 068A    L0628   JMP     L068A
10000 062B 7E 0A6E    L062B   JMP     L0A6E
10000 062E 7E 081B    L062E   JMP     L081B
10000 0631 7E 09B9    L0631   JMP     L09B9
10000 0634 7E 121E    L0634   JMP     L121E
10000 0637 7E 12C7    L0637   JMP     L12C7
10000 063A 7E 0825    L063A   JMP     L0825
10000 063D 7E 105F    L063D   JMP     L105F
10000 0640 7E 08AD    L0640   JMP     L08AD
10000 0643 7E 0800    L0643   JMP     L0800
10000 0646 7E 0804    L0646   JMP     L0804
10000 0649 7E 0250    CI      JMP     L0250         Console Char In
10000 064C 7E 06C2    CINECH2 JMP     CINECH        Console Char In (no echo)
10000 064F 7E 09FE    L064F   JMP     L09FE
10000 0652 7E 025A    PCHCHR  JMP     L025A         Punch char
10000 0655 7E 068D    PCHSTR  JMP     PCHOBJ        Punch file string
10000 0658 7E 025A    PCHCHR2 JMP     L025A         Send char to paper tape reader
10000 065B 7E 022D    PASMLN  JMP     L022D         Print asmb prog Listing line -> print string in printer 
10000 065E 7E 022D    L065E   JMP     L022D
10000 0661 7E 067F    L0661   JMP     L067F
10000 0664 7E 0868    L0664   JMP     L0868
10000 0667 7E 15D6    L0667   JMP     L15D6
10000 066A 7E 06CA    L066A   JMP     L06CA
10000 066D 7E 0A3D    L066D   JMP     L0A3D
10000 0670 7E 158C    L0670   JMP     L158C
10000 0673 7E 1449    L0673   JMP     L1449
10000 0676 7E 0A22    L0676   JMP     L0A22
10000 0679 7E 065B    PRTLIN  JMP     PASMLN        print string in printer 
10000 067C 7E 0649    CMDCI   JMP     CI            Process ASMB command line options
10000 067F 39         L067F   RTS     
10000 
10000 0680 C6 28              LDAB    #$28
10000 0682 4F                 CLRA    
10000 0683 BD 0658    L0683   JSR     PCHCHR2       Send char to paper tape reader
10000 0686 5A                 DECB    
10000 0687 26 FA              BNE     L0683
10000 0689 39                 RTS     

10000 068A 7E 0268    L068A   JMP     L0268

                                                   Punch OBJ file string

10000 068D 7D 0040    PCHOBJ  TST     NOOBJ        =0 -> Generate Object file, =1 -> do NOT generate object file
10000 0690 26 2F              BNE     L06C1
10000 0692 7D 0046            TST     L0046
10000 0695 26 2A              BNE     L06C1
10000 0697 86 10              LDAA    #$10
10000 0699 BD 0652            JSR     PCHCHR       Punch char
10000 069C 86 30              LDAA    #$30
10000 069E BD 0652            JSR     PCHCHR       Punch char
10000 06A1 86 12              LDAA    #$12         PAPER TAPE PUNCH ON
10000 06A3 BD 0652            JSR     PCHCHR       Punch char
10000 06A6 A6 00      L06A6   LDAA    $0000,X
10000 06A8 81 04              CMPA    #$04
10000 06AA 27 06              BEQ     L06B2
10000 06AC BD 0652            JSR     PCHCHR       Punch char
10000 06AF 08                 INX     
10000 06B0 20 F4              BRA     L06A6
10000 06B2 86 14      L06B2   LDAA    #$14         PAPER TAPE PUNCH OFF
10000 06B4 BD 0652            JSR     PCHCHR       Punch char
10000 06B7 86 10              LDAA    #$10
10000 06B9 BD 0652            JSR     PCHCHR       Punch char
10000 06BC 86 39              LDAA    #$39
10000 06BE BD 0652            JSR     PCHCHR       Punch char
10000 06C1 39         L06C1   RTS     

10000 06C2 0D         CINECH  SEC                  Console IN, no echo
10000 06C3 79 FF53            ROL     AECHO           EXBUG AECHO VAR: =0 -> ECHO input chars, <>0 -> Do not ECHO
10000 06C6 BD 0649            JSR     CI              Console Char In
10000 06C9 39                 RTS     

10000 06CA CE 0136    L06CA   LDX     #$0136
10000 06CD 86 0D              LDAA    #$0D
10000 06CF A7 00      L06CF   STAA    $0000,X
10000 06D1 08                 INX     
10000 06D2 8C 017E            CPX     #$017E
10000 06D5 26 F8              BNE     L06CF
10000 06D7 CE 0136            LDX     #$0136
10000 06DA 86 10              LDAA    #$10
10000 06DC BD 0652            JSR     PCHCHR       Punch char
10000 06DF 86 37              LDAA    #$37
10000 06E1 BD 0652            JSR     PCHCHR       Punch char
10000 06E4 20 05              BRA     L06EB
10000  ;
10000 06E6 86 11              LDAA    #$11         PAPER TAPE READER ON
10000 06E8 BD 0658            JSR     PCHCHR2      Send char to paper tape reader
10000 06EB BD 064C    L06EB   JSR     CINECH2      Console Char In (no echo)
10000 06EE 81 0A              CMPA    #$0A
10000 06F0 27 F9              BEQ     L06EB
10000 06F2 81 7F              CMPA    #$7F
10000 06F4 27 F5              BEQ     L06EB
10000 06F6 81 00              CMPA    #$00
10000 06F8 27 F1              BEQ     L06EB
10000 06FA 81 09              CMPA    #$09
10000 06FC 26 02              BNE     L0700
10000 06FE 86 20              LDAA    #$20
10000 0700 A7 00      L0700   STAA    $0000,X
10000 0702 81 0D              CMPA    #$0D
10000 0704 27 08              BEQ     L070E
10000 0706 8C 017D            CPX     #$017D
10000 0709 27 E0              BEQ     L06EB
10000 070B 08                 INX     
10000 070C 20 DD              BRA     L06EB
10000 070E 39         L070E   RTS     
10000 
10000 070F 86 13              LDAA    #$13         PAPER TAPE READER OFF
10000 0711 BD 0658            JSR     PCHCHR2      Send char to paper tape reader
10000 0714 39                 RTS     
10000 
10000 0715 4D         MASMB   FCC     "M6800 ASSEMBLER VERSION X.X",13,10
10000 0732 45                 FCC     "ENTER CONTROL CHARACTER",13,10
10000 074B 20 31              FCC     " 1 - PASS 1 (CLEAR SYMBOLS)",13,10
10000 0768 20 32              FCC     " 2 - START PASS TWO",13,10
10000 077D 20 53              FCC     " S - PASS 1 (SAVE SYMBOLS)",13,10
10000 0799 0A 04      L0799   FCB     10,4
10000 079B FF 0000    L079B   STX     L0000
10000                 L079C
10000                 L079D
10000 079E D0 FF      L079E   SUBB    L00FF
10000 07A0 FF FFFF            STX     LFFFF
10000                 L07A1
10000 07A3 FF FFFF            STX     LFFFF
10000                 L07A5
10000 07A6 FF FFFF            STX     LFFFF
10000 07A9 FF FFFF            STX     LFFFF
10000 07AC FF FFFF            STX     LFFFF
10000                 L07AE
10000 07AF FF FFFF            STX     LFFFF
10000 07B2 FF FFFF    L07B2   STX     LFFFF
10000 07B5 FF FFFF            STX     LFFFF
10000 07B8 FF FFFF            STX     LFFFF
10000                 L07B9
10000 07BB FF FFFF            STX     LFFFF
10000 07BE FF FFFF            STX     LFFFF
10000 07C1 FF FFFF    L07C1   STX     LFFFF
10000 07C4 FF FFFF    L07C4   STX     LFFFF
10000 07C7 FF FFFF            STX     LFFFF
10000 07CA FF FFFF            STX     LFFFF
10000 07CD FF FFFF    L07CD   STX     LFFFF
10000 07D0 FF FFFF            STX     LFFFF
10000                 L07D2
10000 07D3 FF FFFF    L07D3   STX     LFFFF
10000 07D6 FF FFFF            STX     LFFFF
10000 07D9 FF FFFF            STX     LFFFF
10000 07DC FF FFFF            STX     LFFFF
10000 07DF FF FFFF            STX     LFFFF
10000 07E2 FF FFFF            STX     LFFFF
10000                 L07E3
10000 07E5 FF FFFF            STX     LFFFF
10000 07E8 FF FFFF            STX     LFFFF
10000 07EB FF FFFF            STX     LFFFF
10000 07EE FF FFFF            STX     LFFFF
10000 07F1 FF FFFF            STX     LFFFF
10000 07F4 FF FFFF            STX     LFFFF
10000 07F7 FF FFFF            STX     LFFFF
10000 07FA FF FFFF            STX     LFFFF
10000 07FD FF FFFF            STX     LFFFF
10000 0800 37         L0800   PSHB    
10000 0801 5F                 CLRB    
10000 0802 20 03              BRA     L0807
10000  ;
10000 0804 37         L0804   PSHB    
10000 0805 C6 FF              LDAB    #$00FF
10000 0807 DF 67      L0807   STX     L0067
10000 0809 DE 37              LDX     L0037
10000 080B A6 00      L080B   LDAA    $0000,X
10000 080D 08                 INX     
10000 080E 5D                 TSTB    
10000 080F 27 04              BEQ     L0815
10000 0811 81 20              CMPA    #$0020
10000 0813 27 F6              BEQ     L080B
10000 0815 DF 37      L0815   STX     L0037
10000 0817 DE 67              LDX     L0067
10000 0819 33                 PULB    
10000 081A 39                 RTS     
10000  ; -----------------------------------------------
10000 081B DF 67      L081B   STX     L0067
10000 081D DE 37              LDX     L0037
10000 081F 09                 DEX     
10000 0820 DF 37              STX     L0037
10000 0822 DE 67              LDX     L0067
10000 0824 39                 RTS     
10000  ; -----------------------------------------------
10000 0825 DF 7F      L0825   STX     L007F
10000 0827 CE 0406            LDX     #$0406
10000 082A A6 00      L082A   LDAA    $0000,X
10000 082C 90 BE              SUBA    L00BE
10000 082E 84 7F              ANDA    #$007F
10000 0830 26 1A              BNE     L084C
10000 0832 A6 01              LDAA    $0001,X
10000 0834 90 BF              SUBA    L00BF
10000 0836 84 7F              ANDA    #$007F
10000 0838 26 12              BNE     L084C
10000 083A A6 02              LDAA    $0002,X
10000 083C 90 C0              SUBA    L00C0
10000 083E 84 7F              ANDA    #$007F
10000 0840 26 0A              BNE     L084C
10000 0842 E6 03              LDAB    $0003,X
10000 0844 D7 39              STAB    L0039
10000 0846 EE 04              LDX     $0004,X
10000 0848 DF 3A              STX     L003A
10000 084A 20 19              BRA     L0865
10000  ;
10000 084C 08         L084C   INX     
10000 084D 08                 INX     
10000 084E 08                 INX     
10000 084F 08                 INX     
10000 0850 08                 INX     
10000 0851 08                 INX     
10000 0852 8C 05FE            CPX     #$05FE
10000 0855 26 D3              BNE     L082A
10000 0857 86 CF              LDAA    #$00CF
10000 0859 BD 066D            JSR     L066D
10000 085C 86 00              LDAA    #$0000
10000 085E 97 39              STAA    L0039
10000 0860 CE 0000            LDX     #$0000
10000 0863 DF 3A              STX     L003A
10000 0865 DE 81      L0865   LDX     L0081
10000 0867 39                 RTS     
10000  ; -----------------------------------------------
10000 0868 7D 0041    L0868   TST     NOLIST        =0 -> generate assembly listing, =1 -> do NOT generate listing
10000 086B 26 3F              BNE     L08AC
10000 086D DF 81              STX     L0081
10000 086F DE 37              LDX     L0037
10000 0871 DF 7F              STX     L007F
10000 0873 7D 0044            TST     L0044
10000 0876 26 30              BNE     L08A8
10000 0878 7D 0045            TST     L0045
10000 087B 26 26              BNE     L08A3
10000 087D 7C 003C            INC     L003C
10000 0880 26 21              BNE     L08A3
10000 0882 86 C6              LDAA    #$00C6
10000 0884 97 3C              STAA    L003C
10000 0886 DE 4B              LDX     L004B
10000 0888 08                 INX     
10000 0889 DF 4B              STX     L004B
10000 088B 96 4B              LDAA    L004B
10000 088D D6 4C              LDAB    L004C
10000 088F CE 01D5            LDX     #$01D5
10000 0892 BD 062B            JSR     L062B
10000 0895 86 20              LDAA    #$0020
10000 0897 B7 01D5            STAA    L01D5
10000 089A B7 01D6            STAA    L01D6
10000 089D CE 01C4            LDX     #$01C4
10000 08A0 BD 065B            JSR     PASMLN       Print asmb prog Listing line -> print string in printer 
10000 08A3 DE 81      L08A3   LDX     L0081
10000 08A5 BD 065E            JSR     L065E
10000 08A8 DE 7F      L08A8   LDX     L007F
10000 08AA DF 37              STX     L0037
10000 08AC 39         L08AC   RTS     
10000  ; -----------------------------------------------
10000 08AD DE 37      L08AD   LDX     L0037
10000 08AF DF 7F              STX     L007F
10000 08B1 C5 01              BITB    #$0001
10000 08B3 27 0D              BEQ     L08C2
10000 08B5 CE 00AA            LDX     #$00AA
10000 08B8 96 49              LDAA    L0049
10000 08BA BD 0676            JSR     L0676
10000 08BD 96 4A              LDAA    L004A
10000 08BF BD 0676            JSR     L0676
10000 08C2 C5 02      L08C2   BITB    #$0002
10000 08C4 27 08              BEQ     L08CE
10000 08C6 CE 00AF            LDX     #$00AF
10000 08C9 96 3B              LDAA    L003B
10000 08CB BD 0676            JSR     L0676
10000 08CE C5 04      L08CE   BITB    #$0004
10000 08D0 27 08              BEQ     L08DA
10000 08D2 CE 00B2            LDX     #$00B2
10000 08D5 96 32              LDAA    L0032
10000 08D7 BD 0676            JSR     L0676
10000 08DA C5 08      L08DA   BITB    #$0008
10000 08DC 27 0D              BEQ     L08EB
10000 08DE CE 00B2            LDX     #$00B2
10000 08E1 96 31              LDAA    L0031
10000 08E3 BD 0676            JSR     L0676
10000 08E6 96 32              LDAA    L0032
10000 08E8 BD 0676            JSR     L0676
10000 08EB C5 10      L08EB   BITB    #$0010
10000 08ED 27 0D              BEQ     L08FC
10000 08EF CE 00AF            LDX     #$00AF
10000 08F2 96 31              LDAA    L0031
10000 08F4 BD 0676            JSR     L0676
10000 08F7 96 32              LDAA    L0032
10000 08F9 BD 0676            JSR     L0676
10000 08FC 7D 002A    L08FC   TST     L002A
10000 08FF 27 1D              BEQ     L091E
10000 0901 01                 NOP     
10000 0902 9F 65              STS     L0065
10000 0904 CE 00B7            LDX     #$00B7
10000 0907 8E 0135            LDS     #$0135
10000 090A 32         L090A   PULA    
10000 090B A7 00              STAA    $0000,X
10000 090D 08                 INX     
10000 090E 8C 00EA            CPX     #$00EA
10000 0911 27 04              BEQ     L0917
10000 0913 81 0D              CMPA    #$000D
10000 0915 26 F3              BNE     L090A
10000 0917 09         L0917   DEX     
10000 0918 9E 65              LDS     L0065
10000 091A 01                 NOP     
10000 091B 7E 09A8            JMP     L09A8
10000  ;
10000 091E CE 00B6    L091E   LDX     #$00B6
10000 0921 C5 20              BITB    #$0020
10000 0923 27 20              BEQ     L0945
10000 0925 7D 006F            TST     L006F
10000 0928 26 05              BNE     L092F
10000 092A CE 0136            LDX     #$0136
10000 092D 20 02              BRA     L0931
10000  ;
10000 092F DE 6D      L092F   LDX     L006D
10000 0931 DF 37      L0931   STX     L0037
10000 0933 CE 00B7            LDX     #$00B7
10000 0936 BD 0643    L0936   JSR     L0643
10000 0939 81 20              CMPA    #$0020
10000 093B 27 08              BEQ     L0945
10000 093D A7 00              STAA    $0000,X
10000 093F 08                 INX     
10000 0940 8C 00BD            CPX     #$00BD
10000 0943 26 F1              BNE     L0936
10000 0945 C5 40      L0945   BITB    #$0040
10000 0947 27 28              BEQ     L0971
10000 0949 DE 5B              LDX     L005B
10000 094B DF 37              STX     L0037
10000 094D CE 00C5            LDX     #$00C5
10000 0950 96 39              LDAA    L0039
10000 0952 85 10              BITA    #$0010
10000 0954 26 1B              BNE     L0971
10000 0956 BD 0646            JSR     L0646
10000 0959 BD 062E            JSR     L062E
10000 095C BD 0643    L095C   JSR     L0643
10000 095F 81 20              CMPA    #$0020
10000 0961 27 19              BEQ     L097C
10000 0963 81 0D              CMPA    #$000D
10000 0965 27 41              BEQ     L09A8
10000 0967 A7 00              STAA    $0000,X
10000 0969 08                 INX     
10000 096A 8C 00EA            CPX     #$00EA
10000 096D 26 ED              BNE     L095C
10000 096F 20 37              BRA     L09A8
10000  ;
10000 0971 C5 80      L0971   BITB    #$0080
10000 0973 27 33              BEQ     L09A8
10000 0975 DE 5B              LDX     L005B
10000 0977 DF 37              STX     L0037
10000 0979 CE 00C5            LDX     #$00C5
10000 097C C5 80      L097C   BITB    #$0080
10000 097E 27 28              BEQ     L09A8
10000 0980 08                 INX     
10000 0981 08                 INX     
10000 0982 DF 7D              STX     L007D
10000 0984 96 7D              LDAA    L007D
10000 0986 D6 7E              LDAB    L007E
10000 0988 F0 079E            SUBB    L079E
10000 098B B2 079D            SBCA    L079D
10000 098E 24 03              BCC     L0993
10000 0990 CE 00CE            LDX     #$00CE
10000 0993 BD 0646    L0993   JSR     L0646
10000 0996 BD 062E            JSR     L062E
10000 0999 BD 0643    L0999   JSR     L0643
10000 099C A7 00              STAA    $0000,X
10000 099E 81 0D              CMPA    #$000D
10000 09A0 27 06              BEQ     L09A8
10000 09A2 08                 INX     
10000 09A3 8C 00EA            CPX     #$00EA
10000 09A6 26 F1              BNE     L0999
10000 09A8 86 0D      L09A8   LDAA    #$000D
10000 09AA A7 01              STAA    $0001,X
10000 09AC 86 0A              LDAA    #$000A
10000 09AE A7 02              STAA    $0002,X
10000 09B0 86 04              LDAA    #$0004
10000 09B2 A7 03              STAA    $0003,X
10000 09B4 DE 7F              LDX     L007F
10000 09B6 DF 37              STX     L0037
10000 09B8 39                 RTS     
10000  ; -----------------------------------------------
10000 09B9 37         L09B9   PSHB    
10000 09BA 36                 PSHA    
10000 09BB A6 00              LDAA    $0000,X
10000 09BD E6 01              LDAB    $0001,X
10000 09BF 37                 PSHB    
10000 09C0 36                 PSHA    
10000 09C1 34                 DES     
10000 09C2 30                 TSX     
10000 09C3 86 01              LDAA    #$0001
10000 09C5 6D 01              TST     $0001,X
10000 09C7 2B 0B              BMI     L09D4
10000 09C9 4C         L09C9   INCA    
10000 09CA 68 02              ASL     $0002,X
10000 09CC 69 01              ROL     $0001,X
10000 09CE 2B 04              BMI     L09D4
10000 09D0 81 11              CMPA    #$0011
10000 09D2 26 F5              BNE     L09C9
10000 09D4 A7 00      L09D4   STAA    $0000,X
10000 09D6 A6 03              LDAA    $0003,X
10000 09D8 E6 04              LDAB    $0004,X
10000 09DA 6F 03              CLR     $0003,X
10000 09DC 6F 04              CLR     $0004,X
10000 09DE E0 02      L09DE   SUBB    $0002,X
10000 09E0 A2 01              SBCA    $0001,X
10000 09E2 24 07              BCC     L09EB
10000 09E4 EB 02              ADDB    $0002,X
10000 09E6 A9 01              ADCA    $0001,X
10000 09E8 0C                 CLC     
10000 09E9 20 01              BRA     L09EC
10000  ;
10000 09EB 0D         L09EB   SEC     
10000 09EC 69 04      L09EC   ROL     $0004,X
10000 09EE 69 03              ROL     $0003,X
10000 09F0 64 01              LSR     $0001,X
10000 09F2 66 02              ROR     $0002,X
10000 09F4 6A 00              DEC     $0000,X
10000 09F6 26 E6              BNE     L09DE
10000 09F8 31                 INS     
10000 09F9 31                 INS     
10000 09FA 31                 INS     
10000 09FB 32                 PULA    
10000 09FC 33                 PULB    
10000 09FD 39                 RTS     
10000  ; -----------------------------------------------
10000 09FE 37         L09FE   PSHB    
10000 09FF 36                 PSHA    
10000 0A00 A6 01              LDAA    $0001,X
10000 0A02 36                 PSHA    
10000 0A03 A6 00              LDAA    $0000,X
10000 0A05 36                 PSHA    
10000 0A06 86 10              LDAA    #$0010
10000 0A08 36                 PSHA    
10000 0A09 30                 TSX     
10000 0A0A A6 03              LDAA    $0003,X
10000 0A0C 58         L0A0C   ASLB    
10000 0A0D 49                 ROLA    
10000 0A0E 68 02              ASL     $0002,X
10000 0A10 69 01              ROL     $0001,X
10000 0A12 24 04              BCC     L0A18
10000 0A14 EB 04              ADDB    $0004,X
10000 0A16 A9 03              ADCA    $0003,X
10000 0A18 6A 00      L0A18   DEC     $0000,X
10000 0A1A 26 F0              BNE     L0A0C
10000 0A1C 31                 INS     
10000 0A1D 31                 INS     
10000 0A1E 31                 INS     
10000 0A1F 31                 INS     
10000 0A20 31                 INS     
10000 0A21 39                 RTS     
10000  ; -----------------------------------------------
10000 0A22 37         L0A22   PSHB    
10000 0A23 16                 TAB     
10000 0A24 44                 LSRA    
10000 0A25 44                 LSRA    
10000 0A26 44                 LSRA    
10000 0A27 44                 LSRA    
10000 0A28 8D 05              BSR     L0A2F
10000 0A2A 17                 TBA     
10000 0A2B 8D 02              BSR     L0A2F
10000 0A2D 33                 PULB    
10000 0A2E 39                 RTS     
10000  ; -----------------------------------------------
10000 0A2F 84 0F      L0A2F   ANDA    #$000F
10000 0A31 8A 30              ORAA    #$0030
10000 0A33 81 3A              CMPA    #$003A
10000 0A35 25 02              BCS     L0A39
10000 0A37 8B 07              ADDA    #$0007
10000 0A39 A7 00      L0A39   STAA    $0000,X
10000 0A3B 08                 INX     
10000 0A3C 39                 RTS     
10000  ; -----------------------------------------------
10000 0A3D DF 6B      L0A3D   STX     L006B
10000 0A3F 7D 0048            TST     L0048
10000 0A42 26 08              BNE     L0A4C
10000 0A44 81 D3              CMPA    #$00D3
10000 0A46 27 23              BEQ     L0A6B
10000 0A48 81 D0              CMPA    #$00D0
10000 0A4A 27 1F              BEQ     L0A6B
10000 0A4C 0D         L0A4C   SEC     
10000 0A4D 79 002A            ROL     L002A
10000 0A50 DE 28              LDX     L0028
10000 0A52 08                 INX     
10000 0A53 DF 28              STX     L0028
10000 0A55 16                 TAB     
10000 0A56 4F                 CLRA    
10000 0A57 CE 0116            LDX     #$0116
10000 0A5A BD 062B            JSR     L062B
10000 0A5D 86 20              LDAA    #$0020
10000 0A5F B7 0116            STAA    L0116
10000 0A62 B7 0117            STAA    L0117
10000 0A65 CE 010D            LDX     #$010D
10000 0A68 BD 0664            JSR     L0664
10000 0A6B DE 6B      L0A6B   LDX     L006B
10000 0A6D 39                 RTS     
10000  ; -----------------------------------------------
10000 0A6E DF 67      L0A6E   STX     L0067
10000 0A70 CE 0A9E            LDX     #$0A9E
10000 0A73 7F 0062    L0A73   CLR     L0062
10000 0A76 E0 01      L0A76   SUBB    $0001,X
10000 0A78 A2 00              SBCA    $0000,X
10000 0A7A 25 05              BCS     L0A81
10000 0A7C 7C 0062            INC     L0062
10000 0A7F 20 F5              BRA     L0A76
10000  ;
10000 0A81 EB 01      L0A81   ADDB    $0001,X
10000 0A83 A9 00              ADCA    $0000,X
10000 0A85 36                 PSHA    
10000 0A86 DF 69              STX     L0069
10000 0A88 DE 67              LDX     L0067
10000 0A8A 96 62              LDAA    L0062
10000 0A8C 8B 30              ADDA    #$0030
10000 0A8E A7 00              STAA    $0000,X
10000 0A90 32                 PULA    
10000 0A91 08                 INX     
10000 0A92 DF 67              STX     L0067
10000 0A94 DE 69              LDX     L0069
10000 0A96 08                 INX     
10000 0A97 08                 INX     
10000 0A98 8C 0AA8            CPX     #$0AA8
10000 0A9B 26 D6              BNE     L0A73
10000 0A9D 39                 RTS     
10000  ; -----------------------------------------------
10000 0A9E 27 10              BEQ     L0AB0
10000 0AA0 03                 *****
10000 0AA1 E8 00              EORB    $0000,X
10000 0AA3 64 00              LSR     $0000,X
10000 0AA5 0A                 CLV     
10000 0AA6 00                 *****
10000 0AA7 01                 NOP     
10000 
10000 0AA8 CE 177B    START   LDX     #$177B           ASSEMBLER ENTRY POINT
10000 0AAB DF 74              STX     L0074

10000 0AAD 8E 010B    L0AAD   LDS     #$010B
10000 0AB0 CE 0715    L0AB0   LDX     #MASMB           "M6800 ASSEMBLER VERSION X.X",13,10
10000 0AB3 BD 0679            JSR     PRTLIN  
10000 0AB6 7F 0040            CLR     NOOBJ            Set to zero as initial state. =0 -> Generate Object file, =1 -> do NOT generate object file
10000 0AB9 7F 0041            CLR     NOLIST           Set to zero as initial state. =0 -> generate assembly listing, =1 -> do NOT generate listing
10000 0ABC BD 067C            JSR     CMDCI            Get ASMB command line options from console
10000 0ABF 81 31              CMPA    #'1
10000 0AC1 26 07              BNE     L0ACA
10000 0AC3 CE 172B            LDX     #$172B
10000 0AC6 DF 7B              STX     L007B
10000 0AC8 20 04              BRA     L0ACE
10000 0ACA 81 53      L0ACA   CMPA    #'S
10000 0ACC 26 0B              BNE     L0AD9
10000 0ACE 7F 0048    L0ACE   CLR     L0048
10000 0AD1 7F 0028            CLR     L0028
10000 0AD4 7F 0029            CLR     L0029
10000 0AD7 20 27              BRA     L0B00
10000 0AD9 81 32      L0AD9   CMPA    #'2
10000 0ADB 26 14              BNE     L0AF1      Comment out this branch to enable options '3 and '4
10000 0ADD 27 19              BEQ     L0AF8
10000 0ADF 81 33              CMPA    #'3        Option '3 -> start pass 2 but do not generate object file
10000 0AE1 26 05              BNE     L0AE8
10000 0AE3 7C 0040            INC     NOOBJ      Set NOOBJ to 1 to do NOT generate object file
10000 0AE6 20 10              BRA     L0AF8
10000 0AE8 81 34      L0AE8   CMPA    #'4        Option '4 -> start pass 2 but do not generate assembly listing
10000 0AEA 26 05              BNE     L0AF1
10000 0AEC 7C 0041            INC     NOLIST     Set NOLIST to 1 to do NOT generate listing
10000 0AEF 20 07              BRA     L0AF8
10000 0AF1 81 58      L0AF1   CMPA    #'X
10000 0AF3 26 B8              BNE     L0AAD      read next cmd line param
10000 0AF5 7E FEFC            JMP     MON        SPHERE PROM: JUMP TO MONITOR
10000 0AF8 97 48      L0AF8   STAA    L0048
10000 0AFA 7F 004D            CLR     L004D
10000 0AFD BD 0661            JSR     L0661
10000 0B00 7F 0044    L0B00   CLR     L0044
10000 0B03 7F 0036            CLR     L0036
10000 0B06 7F 0043            CLR     L0043
10000 0B09 7F 0042            CLR     L0042
10000 0B0C 7F 0046            CLR     L0046
10000 0B0F 7F 0047            CLR     L0047
10000 0B12 7F 004E            CLR     L004E
10000 0B15 7F 0045            CLR     L0045
10000 0B18 86 FF              LDAA    #$00FF
10000 0B1A 97 3C              STAA    L003C
10000 0B1C CE 0000            LDX     #$0000
10000 0B1F DF 4B              STX     L004B
10000 0B21 DF 49              STX     L0049
10000 0B23 CE 1713            LDX     #$1713
10000 0B26 DF 79              STX     L0079
10000 0B28 DF 77              STX     L0077
10000 0B2A CE 01DD            LDX     #$01DD
10000 0B2D 86 20              LDAA    #$0020
10000 0B2F A7 00      L0B2F   STAA    $0000,X
10000 0B31 08                 INX     
10000 0B32 8C 01EF            CPX     #$01EF
10000 0B35 26 F8              BNE     L0B2F
10000 0B37 86 FF              LDAA    #$00FF
10000 0B39 97 36              STAA    L0036
10000 0B3B 20 03              BRA     L0B40
10000  ;
10000 0B3D 7F 0036    L0B3D   CLR     L0036
10000 0B40 7F 002A    L0B40   CLR     L002A
10000 0B43 BD 066A            JSR     L066A
10000 0B46 7D 0036            TST     L0036
10000 0B49 27 1B              BEQ     L0B66
10000 0B4B 7F 006F            CLR     L006F
10000 0B4E CE 0000            LDX     #$0000
10000 0B51 DF 70              STX     L0070
10000 0B53 B6 0136            LDAA    L0136
10000 0B56 81 0D              CMPA    #$000D
10000 0B58 27 E6              BEQ     L0B40
10000 0B5A 81 30              CMPA    #$0030
10000 0B5C 2D 08              BLT     L0B66
10000 0B5E 81 39              CMPA    #$0039
10000 0B60 2E 04              BGT     L0B66
10000 0B62 86 FF              LDAA    #$00FF
10000 0B64 97 6F              STAA    L006F
10000 0B66 CE 0136    L0B66   LDX     #$0136
10000 0B69 DF 37              STX     L0037
10000 0B6B 7D 006F            TST     L006F
10000 0B6E 26 07              BNE     L0B77
10000 0B70 DE 70              LDX     L0070
10000 0B72 08                 INX     
10000 0B73 DF 70              STX     L0070
10000 0B75 20 07              BRA     L0B7E
10000  ;
10000 0B77 BD 0637    L0B77   JSR     L0637
10000 0B7A DE 2F              LDX     L002F
10000 0B7C DF 70              STX     L0070
10000 0B7E CE 009C    L0B7E   LDX     #$009C
10000 0B81 86 20              LDAA    #$0020
10000 0B83 A7 00      L0B83   STAA    $0000,X
10000 0B85 08                 INX     
10000 0B86 8C 00E9            CPX     #$00E9
10000 0B89 26 F8              BNE     L0B83
10000 0B8B 96 70              LDAA    L0070
10000 0B8D D6 71              LDAB    L0071
10000 0B8F CE 00A4            LDX     #$00A4
10000 0B92 BD 062B            JSR     L062B
10000 0B95 DE 37              LDX     L0037
10000 0B97 DF 6D              STX     L006D
10000 0B99 BD 0643            JSR     L0643
10000 0B9C 81 2A              CMPA    #$002A
10000 0B9E 26 32              BNE     L0BD2
10000 0BA0 7D 0048            TST     L0048
10000 0BA3 27 98              BEQ     L0B3D
10000 0BA5 CE 00B7            LDX     #$00B7
10000 0BA8 01                 NOP     
10000 0BA9 9F 65              STS     L0065
10000 0BAB 8E 0135            LDS     #$0135
10000 0BAE 32         L0BAE   PULA    
10000 0BAF A7 00              STAA    $0000,X
10000 0BB1 81 0D              CMPA    #$000D
10000 0BB3 27 05              BEQ     L0BBA
10000 0BB5 08                 INX     
10000 0BB6 9C FF              CPX     L00FF
10000 0BB8 26 F4              BNE     L0BAE
10000 0BBA 9E 65      L0BBA   LDS     L0065
10000 0BBC 01                 NOP     
10000 0BBD 86 0D              LDAA    #$000D
10000 0BBF A7 00              STAA    $0000,X
10000 0BC1 86 0A              LDAA    #$000A
10000 0BC3 A7 01              STAA    $0001,X
10000 0BC5 86 04              LDAA    #$0004
10000 0BC7 A7 02              STAA    $0002,X
10000 0BC9 CE 00A4            LDX     #$00A4
10000 0BCC BD 0664            JSR     L0664
10000 0BCF 7E 0622            JMP     L0622
10000  ;
10000 0BD2 81 20      L0BD2   CMPA    #$0020
10000 0BD4 27 3D              BEQ     L0C13
10000 0BD6 C6 06              LDAB    #$0006
10000 0BD8 CE 009C            LDX     #$009C
10000 0BDB 5D         L0BDB   TSTB    
10000 0BDC 27 04              BEQ     L0BE2
10000 0BDE A7 00              STAA    $0000,X
10000 0BE0 08                 INX     
10000 0BE1 5A                 DECB    
10000 0BE2 BD 0643    L0BE2   JSR     L0643
10000 0BE5 81 20              CMPA    #$0020
10000 0BE7 26 F2              BNE     L0BDB
10000 0BE9 CE 009C            LDX     #$009C
10000 0BEC 20 0E              BRA     L0BFC
10000  ;
10000 0BEE A6 00      L0BEE   LDAA    $0000,X
10000 0BF0 81 20              CMPA    #$0020
10000 0BF2 27 12              BEQ     L0C06
10000 0BF4 81 30              CMPA    #$0030
10000 0BF6 2D 16              BLT     L0C0E
10000 0BF8 81 39              CMPA    #$0039
10000 0BFA 2D 0A              BLT     L0C06
10000 0BFC A6 00      L0BFC   LDAA    $0000,X
10000 0BFE 81 41              CMPA    #$0041
10000 0C00 2D 0C              BLT     L0C0E
10000 0C02 81 5A              CMPA    #$005A
10000 0C04 2E 08              BGT     L0C0E
10000 0C06 08         L0C06   INX     
10000 0C07 8C 00A2            CPX     #$00A2
10000 0C0A 26 E2              BNE     L0BEE
10000 0C0C 20 05              BRA     L0C13
10000  ;
10000 0C0E 86 CD      L0C0E   LDAA    #$00CD
10000 0C10 BD 066D            JSR     L066D
10000 0C13 BD 0646    L0C13   JSR     L0646
10000 0C16 97 BE              STAA    L00BE
10000 0C18 BD 0643            JSR     L0643
10000 0C1B 97 BF              STAA    L00BF
10000 0C1D BD 0643            JSR     L0643
10000 0C20 97 C0              STAA    L00C0
10000 0C22 DE 37              LDX     L0037
10000 0C24 DF 5B              STX     L005B
10000 0C26 BD 063A            JSR     L063A
10000 0C29 7D 003B            TST     L003B
10000 0C2C 26 07              BNE     L0C35
10000 0C2E C6 0B              LDAB    #$000B
10000 0C30 BD 0640            JSR     L0640
10000 0C33 20 71              BRA     L0CA6
10000  ;
10000 0C35 7D 0036    L0C35   TST     L0036
10000 0C38 27 09              BEQ     L0C43
10000 0C3A DE 3A              LDX     L003A
10000 0C3C 8C 0610            CPX     #$0610
10000 0C3F 27 0E              BEQ     L0C4F
10000 0C41 20 07              BRA     L0C4A
10000  ;
10000 0C43 DE 3A      L0C43   LDX     L003A
10000 0C45 8C 0610            CPX     #$0610
10000 0C48 26 05              BNE     L0C4F
10000 0C4A 86 C9      L0C4A   LDAA    #$00C9
10000 0C4C BD 066D            JSR     L066D
10000 0C4F D6 39      L0C4F   LDAB    L0039
10000 0C51 96 9C              LDAA    L009C
10000 0C53 81 20              CMPA    #$0020
10000 0C55 27 16              BEQ     L0C6D
10000 0C57 C5 40              BITB    #$0040
10000 0C59 27 07              BEQ     L0C62
10000 0C5B 86 CD              LDAA    #$00CD
10000 0C5D BD 066D            JSR     L066D
10000 0C60 20 1E              BRA     L0C80
10000  ;
10000 0C62 C5 20      L0C62   BITB    #$0020
10000 0C64 26 10              BNE     L0C76
10000 0C66 C6 01              LDAB    #$0001
10000 0C68 BD 0673            JSR     L0673
10000 0C6B 20 09              BRA     L0C76
10000  ;
10000 0C6D C5 20      L0C6D   BITB    #$0020
10000 0C6F 27 05              BEQ     L0C76
10000 0C71 86 CA              LDAA    #$00CA
10000 0C73 BD 066D            JSR     L066D
10000 0C76 D6 39      L0C76   LDAB    L0039
10000 0C78 C5 80              BITB    #$0080
10000 0C7A 27 04              BEQ     L0C80
10000 0C7C DE 3A              LDX     L003A
10000 0C7E 6E 00              JMP     $0000,X
10000  ;
10000 0C80 D6 39      L0C80   LDAB    L0039
10000 0C82 C5 10              BITB    #$0010
10000 0C84 26 06              BNE     L0C8C
10000 0C86 BD 063D            JSR     L063D
10000 0C89 7E 0C92            JMP     L0C92
10000  ;
10000 0C8C 86 01      L0C8C   LDAA    #$0001
10000 0C8E 97 23              STAA    L0023
10000 0C90 C6 E3              LDAB    #$00E3
10000 0C92 BD 0640    L0C92   JSR     L0640
10000 0C95 C6 01              LDAB    #$0001
10000 0C97 BD 0667            JSR     L0667
10000 0C9A D6 23              LDAB    L0023
10000 0C9C DB 4A              ADDB    L004A
10000 0C9E 86 00              LDAA    #$0000
10000 0CA0 99 49              ADCA    L0049
10000 0CA2 97 49              STAA    L0049
10000 0CA4 D7 4A              STAB    L004A
10000 0CA6 7D 002A    L0CA6   TST     L002A
10000 0CA9 26 05              BNE     L0CB0
10000 0CAB 7D 0048            TST     L0048
10000 0CAE 27 06              BEQ     L0CB6
10000 0CB0 CE 00A4    L0CB0   LDX     #$00A4
10000 0CB3 BD 0664            JSR     L0664
10000 0CB6 7E 0622    L0CB6   JMP     L0622
10000  ;
10000 0CB9 CE 009C    L0CB9   LDX     #$009C
10000 0CBC A6 00      L0CBC   LDAA    $0000,X
10000 0CBE 36                 PSHA    
10000 0CBF 08                 INX     
10000 0CC0 8C 00A4            CPX     #$00A4
10000 0CC3 26 F7              BNE     L0CBC
10000 0CC5 BD 0634            JSR     L0634
10000 0CC8 DE 2D              LDX     L002D
10000 0CCA DF 31              STX     L0031
10000 0CCC CE 00A3            LDX     #$00A3
10000 0CCF 32         L0CCF   PULA    
10000 0CD0 A7 00              STAA    $0000,X
10000 0CD2 09                 DEX     
10000 0CD3 8C 009B            CPX     #$009B
10000 0CD6 26 F7              BNE     L0CCF
10000 0CD8 C6 FF              LDAB    #$00FF
10000 0CDA BD 0673            JSR     L0673
10000 0CDD C6 F0              LDAB    #$00F0
10000 0CDF BD 0640            JSR     L0640
10000 0CE2 7E 0625            JMP     L0625
10000  ;
10000 0CE5 7D 0048    L0CE5   TST     L0048
10000 0CE8 27 2E              BEQ     L0D18
10000 0CEA C6 C0              LDAB    #$00C0
10000 0CEC BD 0640            JSR     L0640
10000 0CEF CE 00A4            LDX     #$00A4
10000 0CF2 BD 0664            JSR     L0664
10000 0CF5 C6 80              LDAB    #$0080
10000 0CF7 BD 0667            JSR     L0667
10000 0CFA BD 0661            JSR     L0661
10000 0CFD 7D 0047            TST     L0047
10000 0D00 27 03              BEQ     L0D05
10000 0D02 BD 0670            JSR     L0670
10000 0D05 96 28      L0D05   LDAA    L0028
10000 0D07 D6 29              LDAB    L0029
10000 0D09 CE 012E            LDX     #$012E
10000 0D0C BD 062B            JSR     L062B
10000 0D0F CE 011F            LDX     #$011F
10000 0D12 BD 0664            JSR     L0664
10000 0D15 7E 0403            JMP     L0403
10000  ;
10000 0D18 BD 0670    L0D18   JSR     L0670
10000 0D1B 7E 0403            JMP     L0403
10000  ;
10000 0D1E BD 0646    L0D1E   JSR     L0646
10000 0D21 97 64              STAA    L0064
10000 0D23 DE 37              LDX     L0037
10000 0D25 09                 DEX     
10000 0D26 DF 6B              STX     L006B
10000 0D28 C6 FF              LDAB    #$00FF
10000 0D2A D7 63              STAB    L0063
10000 0D2C 81 30              CMPA    #$0030
10000 0D2E 2D 3B              BLT     L0D6B
10000 0D30 81 39              CMPA    #$0039
10000 0D32 2E 37              BGT     L0D6B
10000 0D34 BD 0643    L0D34   JSR     L0643
10000 0D37 81 30              CMPA    #$0030
10000 0D39 2D 04              BLT     L0D3F
10000 0D3B 81 39              CMPA    #$0039
10000 0D3D 2F F5              BLE     L0D34
10000 0D3F 81 2C      L0D3F   CMPA    #$002C
10000 0D41 27 07              BEQ     L0D4A
10000 0D43 DE 6B              LDX     L006B
10000 0D45 08                 INX     
10000 0D46 DF 37              STX     L0037
10000 0D48 20 21              BRA     L0D6B
10000  ;
10000 0D4A DE 6B      L0D4A   LDX     L006B
10000 0D4C DF 37              STX     L0037
10000 0D4E BD 0637            JSR     L0637
10000 0D51 7F 0064            CLR     L0064
10000 0D54 7D 002F            TST     L002F
10000 0D57 26 09              BNE     L0D62
10000 0D59 96 30              LDAA    L0030
10000 0D5B 4D                 TSTA    
10000 0D5C 27 04              BEQ     L0D62
10000 0D5E 97 63              STAA    L0063
10000 0D60 20 09              BRA     L0D6B
10000  ;
10000 0D62 86 CC      L0D62   LDAA    #$00CC
10000 0D64 BD 066D            JSR     L066D
10000 0D67 C6 01              LDAB    #$0001
10000 0D69 D7 63              STAB    L0063
10000 0D6B BD 0643    L0D6B   JSR     L0643
10000 0D6E 81 0D              CMPA    #$000D
10000 0D70 27 04              BEQ     L0D76
10000 0D72 91 64              CMPA    L0064
10000 0D74 26 02              BNE     L0D78
10000 0D76 86 20      L0D76   LDAA    #$0020
10000 0D78 97 3B      L0D78   STAA    L003B
10000 0D7A C6 E3              LDAB    #$00E3
10000 0D7C BD 0640            JSR     L0640
10000 0D7F DE 37              LDX     L0037
10000 0D81 DF 69              STX     L0069
10000 0D83 DE 6B              LDX     L006B
10000 0D85 DF 37              STX     L0037
10000 0D87 CE 00C5            LDX     #$00C5
10000 0D8A BD 0643    L0D8A   JSR     L0643
10000 0D8D 81 0D              CMPA    #$000D
10000 0D8F 27 08              BEQ     L0D99
10000 0D91 A7 00              STAA    $0000,X
10000 0D93 08                 INX     
10000 0D94 8C 00EA            CPX     #$00EA
10000 0D97 26 F1              BNE     L0D8A
10000 0D99 86 0D      L0D99   LDAA    #$000D
10000 0D9B A7 00              STAA    $0000,X
10000 0D9D 86 0A              LDAA    #$000A
10000 0D9F A7 01              STAA    $0001,X
10000 0DA1 86 04              LDAA    #$0004
10000 0DA3 A7 02              STAA    $0002,X
10000 0DA5 DE 69              LDX     L0069
10000 0DA7 DF 37              STX     L0037
10000 0DA9 C6 00              LDAB    #$0000
10000 0DAB BD 0667            JSR     L0667
10000 0DAE DE 49              LDX     L0049
10000 0DB0 08                 INX     
10000 0DB1 DF 49              STX     L0049
10000 0DB3 7D 0048            TST     L0048
10000 0DB6 27 06              BEQ     L0DBE
10000 0DB8 CE 00A4            LDX     #$00A4
10000 0DBB BD 0664            JSR     L0664
10000 0DBE 7A 0063    L0DBE   DEC     L0063
10000 0DC1 27 4B              BEQ     L0E0E
10000 0DC3 BD 0E11            JSR     L0E11
10000 0DC6 BD 0643    L0DC6   JSR     L0643
10000 0DC9 7D 0064            TST     L0064
10000 0DCC 27 0F              BEQ     L0DDD
10000 0DCE 91 64              CMPA    L0064
10000 0DD0 27 3C              BEQ     L0E0E
10000 0DD2 81 0D              CMPA    #$000D
10000 0DD4 26 10              BNE     L0DE6
10000 0DD6 86 CC              LDAA    #$00CC
10000 0DD8 BD 066D            JSR     L066D
10000 0DDB 20 31              BRA     L0E0E
10000  ;
10000 0DDD 81 0D      L0DDD   CMPA    #$000D
10000 0DDF 26 05              BNE     L0DE6
10000 0DE1 86 20              LDAA    #$0020
10000 0DE3 BD 062E            JSR     L062E
10000 0DE6 97 3B      L0DE6   STAA    L003B
10000 0DE8 C6 03              LDAB    #$0003
10000 0DEA BD 0640            JSR     L0640
10000 0DED C6 00              LDAB    #$0000
10000 0DEF BD 0667            JSR     L0667
10000 0DF2 DE 49              LDX     L0049
10000 0DF4 08                 INX     
10000 0DF5 DF 49              STX     L0049
10000 0DF7 7D 0048            TST     L0048
10000 0DFA 27 0D              BEQ     L0E09
10000 0DFC 7D 0043            TST     L0043
10000 0DFF 26 08              BNE     L0E09
10000 0E01 86 A4              LDAA    #$00A4
10000 0E03 CE 00A4            LDX     #$00A4
10000 0E06 BD 0664            JSR     L0664
10000 0E09 7A 0063    L0E09   DEC     L0063
10000 0E0C 26 B8              BNE     L0DC6
10000 0E0E 7E 0622    L0E0E   JMP     L0622
10000  ;
10000 0E11 CE 00A4    L0E11   LDX     #$00A4
10000 0E14 86 20              LDAA    #$0020
10000 0E16 A7 00      L0E16   STAA    $0000,X
10000 0E18 08                 INX     
10000 0E19 8C 00A9            CPX     #$00A9
10000 0E1C 26 F8              BNE     L0E16
10000 0E1E 39                 RTS     
10000  ; -----------------------------------------------
10000 0E1F BD 0634    L0E1F   JSR     L0634
10000 0E22 DE 2D              LDX     L002D
10000 0E24 DF 31              STX     L0031
10000 0E26 C6 F1              LDAB    #$00F1
10000 0E28 BD 0640            JSR     L0640
10000 0E2B C6 00              LDAB    #$0000
10000 0E2D BD 0667            JSR     L0667
10000 0E30 DE 49              LDX     L0049
10000 0E32 08                 INX     
10000 0E33 08                 INX     
10000 0E34 DF 49              STX     L0049
10000 0E36 96 48              LDAA    L0048
10000 0E38 27 06              BEQ     L0E40
10000 0E3A CE 00A4            LDX     #$00A4
10000 0E3D BD 0664            JSR     L0664
10000 0E40 BD 0E11    L0E40   JSR     L0E11
10000 0E43 BD 062E    L0E43   JSR     L062E
10000 0E46 BD 0643            JSR     L0643
10000 0E49 81 2C              CMPA    #$002C
10000 0E4B 27 03              BEQ     L0E50
10000 0E4D 7E 0622            JMP     L0622
10000  ;
10000 0E50 BD 0634    L0E50   JSR     L0634
10000 0E53 DE 2D              LDX     L002D
10000 0E55 DF 31              STX     L0031
10000 0E57 C6 11              LDAB    #$0011
10000 0E59 BD 0640            JSR     L0640
10000 0E5C C6 00              LDAB    #$0000
10000 0E5E BD 0667            JSR     L0667
10000 0E61 DE 49              LDX     L0049
10000 0E63 08                 INX     
10000 0E64 08                 INX     
10000 0E65 DF 49              STX     L0049
10000 0E67 96 48              LDAA    L0048
10000 0E69 27 D8              BEQ     L0E43
10000 0E6B 96 43              LDAA    L0043
10000 0E6D 26 D4              BNE     L0E43
10000 0E6F CE 00A4            LDX     #$00A4
10000 0E72 BD 0664            JSR     L0664
10000 0E75 20 CC              BRA     L0E43
10000  ;
10000 0E77 8D 4A      L0E77   BSR     L0EC3
10000 0E79 C6 E3              LDAB    #$00E3
10000 0E7B BD 0640            JSR     L0640
10000 0E7E C6 00              LDAB    #$0000
10000 0E80 BD 0667            JSR     L0667
10000 0E83 DE 49              LDX     L0049
10000 0E85 08                 INX     
10000 0E86 DF 49              STX     L0049
10000 0E88 96 48              LDAA    L0048
10000 0E8A 27 06              BEQ     L0E92
10000 0E8C CE 00A4            LDX     #$00A4
10000 0E8F BD 0664            JSR     L0664
10000 0E92 BD 0E11    L0E92   JSR     L0E11
10000 0E95 BD 062E    L0E95   JSR     L062E
10000 0E98 BD 0643            JSR     L0643
10000 0E9B 81 2C              CMPA    #$002C
10000 0E9D 26 21              BNE     L0EC0
10000 0E9F 8D 22              BSR     L0EC3
10000 0EA1 C6 03              LDAB    #$0003
10000 0EA3 BD 0640            JSR     L0640
10000 0EA6 C6 00              LDAB    #$0000
10000 0EA8 BD 0667            JSR     L0667
10000 0EAB DE 49              LDX     L0049
10000 0EAD 08                 INX     
10000 0EAE DF 49              STX     L0049
10000 0EB0 96 48              LDAA    L0048
10000 0EB2 27 E1              BEQ     L0E95
10000 0EB4 96 43              LDAA    L0043
10000 0EB6 26 DD              BNE     L0E95
10000 0EB8 CE 00A4            LDX     #$00A4
10000 0EBB BD 0664            JSR     L0664
10000 0EBE 20 D5              BRA     L0E95
10000  ;
10000 0EC0 7E 0622    L0EC0   JMP     L0622
10000  ;
10000 0EC3 BD 0634    L0EC3   JSR     L0634
10000 0EC6 96 2E              LDAA    L002E
10000 0EC8 7D 002D            TST     L002D
10000 0ECB 27 06              BEQ     L0ED3
10000 0ECD 86 D2              LDAA    #$00D2
10000 0ECF BD 066D            JSR     L066D
10000 0ED2 4F                 CLRA    
10000 0ED3 97 3B      L0ED3   STAA    L003B
10000 0ED5 39                 RTS     
10000  ; -----------------------------------------------
10000 0ED6 7E 0625            JMP     L0625
10000  ;
10000 0ED9 7D 0036    L0ED9   TST     L0036
10000 0EDC 26 07              BNE     L0EE5
10000 0EDE 86 C9              LDAA    #$00C9
10000 0EE0 BD 066D            JSR     L066D
10000 0EE3 20 30              BRA     L0F15
10000  ;
10000 0EE5 86 FF      L0EE5   LDAA    #$00FF
10000 0EE7 97 36              STAA    L0036
10000 0EE9 CE 01DD            LDX     #$01DD
10000 0EEC 86 20              LDAA    #$0020
10000 0EEE A7 00      L0EEE   STAA    $0000,X
10000 0EF0 08                 INX     
10000 0EF1 8C 01E5            CPX     #$01E5
10000 0EF4 26 F8              BNE     L0EEE
10000 0EF6 BD 0646            JSR     L0646
10000 0EF9 CE 01DD            LDX     #$01DD
10000 0EFC 81 0D      L0EFC   CMPA    #$000D
10000 0EFE 27 15              BEQ     L0F15
10000 0F00 81 20              CMPA    #$0020
10000 0F02 2D 04              BLT     L0F08
10000 0F04 81 61              CMPA    #$0061
10000 0F06 2D 02              BLT     L0F0A
10000 0F08 86 20      L0F08   LDAA    #$0020
10000 0F0A A7 00      L0F0A   STAA    $0000,X
10000 0F0C BD 0643            JSR     L0643
10000 0F0F 08                 INX     
10000 0F10 8C 01E5            CPX     #$01E5
10000 0F13 26 E7              BNE     L0EFC
10000 0F15 C6 C0      L0F15   LDAB    #$00C0
10000 0F17 BD 0640            JSR     L0640
10000 0F1A 7E 0625            JMP     L0625
10000  ;
10000 0F1D 7F 0063    L0F1D   CLR     L0063
10000 0F20 C6 FF              LDAB    #$00FF
10000 0F22 BD 0646            JSR     L0646
10000 0F25 81 4E      L0F25   CMPA    #$004E
10000 0F27 26 0C              BNE     L0F35
10000 0F29 D7 63              STAB    L0063
10000 0F2B BD 0643            JSR     L0643
10000 0F2E 81 4F              CMPA    #$004F
10000 0F30 26 63              BNE     L0F95
10000 0F32 BD 0643            JSR     L0643
10000 0F35 81 4F      L0F35   CMPA    #$004F
10000 0F37 26 0C              BNE     L0F45
10000 0F39 7F 0046            CLR     L0046
10000 0F3C 7D 0063            TST     L0063
10000 0F3F 26 5B              BNE     L0F9C
10000 0F41 D7 46              STAB    L0046
10000 0F43 20 57              BRA     L0F9C
10000  ;
10000 0F45 81 4D      L0F45   CMPA    #$004D
10000 0F47 26 0C              BNE     L0F55
10000 0F49 7F 0042            CLR     L0042
10000 0F4C 7D 0063            TST     L0063
10000 0F4F 26 4B              BNE     L0F9C
10000 0F51 D7 42              STAB    L0042
10000 0F53 20 47              BRA     L0F9C
10000  ;
10000 0F55 81 4C      L0F55   CMPA    #$004C
10000 0F57 26 0C              BNE     L0F65
10000 0F59 7F 0044            CLR     L0044
10000 0F5C 7D 0063            TST     L0063
10000 0F5F 27 3B              BEQ     L0F9C
10000 0F61 D7 44              STAB    L0044
10000 0F63 20 37              BRA     L0F9C
10000  ;
10000 0F65 81 47      L0F65   CMPA    #$0047
10000 0F67 26 0C              BNE     L0F75
10000 0F69 7F 0043            CLR     L0043
10000 0F6C 7D 0063            TST     L0063
10000 0F6F 27 2B              BEQ     L0F9C
10000 0F71 D7 43              STAB    L0043
10000 0F73 20 27              BRA     L0F9C
10000  ;
10000 0F75 81 53      L0F75   CMPA    #$0053
10000 0F77 26 0C              BNE     L0F85
10000 0F79 7F 0047            CLR     L0047
10000 0F7C 7D 0063            TST     L0063
10000 0F7F 26 1B              BNE     L0F9C
10000 0F81 D7 47              STAB    L0047
10000 0F83 20 17              BRA     L0F9C
10000  ;
10000 0F85 81 50      L0F85   CMPA    #$0050
10000 0F87 26 0C              BNE     L0F95
10000 0F89 7F 0045            CLR     L0045
10000 0F8C 7D 0063            TST     L0063
10000 0F8F 27 0B              BEQ     L0F9C
10000 0F91 D7 45              STAB    L0045
10000 0F93 20 07              BRA     L0F9C
10000  ;
10000 0F95 86 CC      L0F95   LDAA    #$00CC
10000 0F97 BD 066D            JSR     L066D
10000 0F9A 20 14              BRA     L0FB0
10000  ;
10000 0F9C BD 0643    L0F9C   JSR     L0643
10000 0F9F 81 0D              CMPA    #$000D
10000 0FA1 27 0D              BEQ     L0FB0
10000 0FA3 81 2C              CMPA    #$002C
10000 0FA5 26 F5              BNE     L0F9C
10000 0FA7 7F 0063            CLR     L0063
10000 0FAA BD 0643            JSR     L0643
10000 0FAD 7E 0F25            JMP     L0F25
10000  ;
10000 0FB0 C6 C0      L0FB0   LDAB    #$00C0
10000 0FB2 BD 0640            JSR     L0640
10000 0FB5 7E 0625            JMP     L0625
10000  ;
10000 0FB8 BD 0634    L0FB8   JSR     L0634
10000 0FBB DE 2D              LDX     L002D
10000 0FBD DF 31              STX     L0031
10000 0FBF DF 49              STX     L0049
10000 0FC1 C6 C1              LDAB    #$00C1
10000 0FC3 BD 0640            JSR     L0640
10000 0FC6 7E 0625            JMP     L0625
10000  ;
10000 0FC9 BD 0643    L0FC9   JSR     L0643
10000 0FCC 81 45              CMPA    #$0045
10000 0FCE 27 07              BEQ     L0FD7
10000 0FD0 86 CA              LDAA    #$00CA
10000 0FD2 BD 066D            JSR     L066D
10000 0FD5 20 23              BRA     L0FFA
10000  ;
10000 0FD7 CE 00A4    L0FD7   LDX     #$00A4
10000 0FDA 86 0A              LDAA    #$000A
10000 0FDC D6 3C              LDAB    L003C
10000 0FDE 5C                 INCB    
10000 0FDF 26 03              BNE     L0FE4
10000 0FE1 7E 0622            JMP     L0622
10000  ;
10000 0FE4 5C         L0FE4   INCB    
10000 0FE5 27 05              BEQ     L0FEC
10000 0FE7 A7 00              STAA    $0000,X
10000 0FE9 08                 INX     
10000 0FEA 20 F8              BRA     L0FE4
10000  ;
10000 0FEC A7 02      L0FEC   STAA    $0002,X
10000 0FEE 86 0D              LDAA    #$000D
10000 0FF0 A7 01              STAA    $0001,X
10000 0FF2 86 04              LDAA    #$0004
10000 0FF4 A7 03              STAA    $0003,X
10000 0FF6 86 FE              LDAA    #$00FE
10000 0FF8 97 3C              STAA    L003C
10000 0FFA 7E 0625    L0FFA   JMP     L0625
10000  ;
10000 0FFD CE 01E7            LDX     #$01E7
10000 1000 86 20              LDAA    #$0020
10000 1002 A7 00      L1002   STAA    $0000,X
10000 1004 08                 INX     
10000 1005 8C 01EF            CPX     #$01EF
10000 1008 26 F8              BNE     L1002
10000 100A BD 0646            JSR     L0646
10000 100D BD 062E            JSR     L062E
10000 1010 CE 01E7            LDX     #$01E7
10000 1013 BD 0643    L1013   JSR     L0643
10000 1016 81 0D              CMPA    #$000D
10000 1018 27 BD              BEQ     L0FD7
10000 101A A7 00              STAA    $0000,X
10000 101C 08                 INX     
10000 101D 8C 01EF            CPX     #$01EF
10000 1020 26 F1              BNE     L1013
10000 1022 20 B3              BRA     L0FD7
10000  ;
10000 1024 BD 0634    L1024   JSR     L0634
10000 1027 DE 2D              LDX     L002D
10000 1029 DF 31              STX     L0031
10000 102B C6 F1              LDAB    #$00F1
10000 102D BD 0640            JSR     L0640
10000 1030 96 2D              LDAA    L002D
10000 1032 D6 2E              LDAB    L002E
10000 1034 DB 4A              ADDB    L004A
10000 1036 99 49              ADCA    L0049
10000 1038 97 49              STAA    L0049
10000 103A D7 4A              STAB    L004A
10000 103C 7E 0625            JMP     L0625
10000  ;
10000 103F BD 0634    L103F   JSR     L0634
10000 1042 DE 2D              LDX     L002D
10000 1044 96 3C      L1044   LDAA    L003C
10000 1046 81 FF              CMPA    #$00FF
10000 1048 27 12              BEQ     L105C
10000 104A DE 2D              LDX     L002D
10000 104C 8C 0000            CPX     #$0000
10000 104F 27 0B              BEQ     L105C
10000 1051 09                 DEX     
10000 1052 DF 2D              STX     L002D
10000 1054 CE 0799            LDX     #$0799
10000 1057 BD 0664            JSR     L0664
10000 105A 20 E8              BRA     L1044
10000  ;
10000 105C 7E 0622    L105C   JMP     L0622
10000  ;
10000 105F CE 0000    L105F   LDX     #$0000
10000 1062 DF 31              STX     L0031
10000 1064 7F 0035            CLR     L0035
10000 1067 D6 3A              LDAB    L003A
10000 1069 C5 20              BITB    #$0020
10000 106B 27 4F              BEQ     L10BC
10000 106D 86 02              LDAA    #$0002
10000 106F 97 23              STAA    L0023
10000 1071 BD 0634            JSR     L0634
10000 1074 DE 2D              LDX     L002D
10000 1076 DF 31              STX     L0031
10000 1078 9C 49              CPX     L0049
10000 107A 26 06              BNE     L1082
10000 107C 86 FE      L107C   LDAA    #$00FE
10000 107E 97 32              STAA    L0032
10000 1080 20 30              BRA     L10B2
10000  ;
10000 1082 DE 49      L1082   LDX     L0049
10000 1084 08                 INX     
10000 1085 08                 INX     
10000 1086 DF 2D              STX     L002D
10000 1088 96 2D              LDAA    L002D
10000 108A D6 2E              LDAB    L002E
10000 108C D0 32              SUBB    L0032
10000 108E 27 13              BEQ     L10A3
10000 1090 92 31              SBCA    L0031
10000 1092 24 14              BCC     L10A8
10000 1094 96 31              LDAA    L0031
10000 1096 D6 32              LDAB    L0032
10000 1098 D0 2E              SUBB    L002E
10000 109A 92 2D              SBCA    L002D
10000 109C 4D                 TSTA    
10000 109D 26 16              BNE     L10B5
10000 109F C1 80              CMPB    #$0080
10000 10A1 2A 12              BPL     L10B5
10000 10A3 D7 32      L10A3   STAB    L0032
10000 10A5 C6 E7              LDAB    #$00E7
10000 10A7 39                 RTS     
10000  ; -----------------------------------------------
10000 10A8 4D         L10A8   TSTA    
10000 10A9 26 0A              BNE     L10B5
10000 10AB C1 81              CMPB    #$0081
10000 10AD 2A 06              BPL     L10B5
10000 10AF 50                 NEGB    
10000 10B0 D7 32              STAB    L0032
10000 10B2 C6 E7      L10B2   LDAB    #$00E7
10000 10B4 39                 RTS     
10000  ; -----------------------------------------------
10000 10B5 86 D0      L10B5   LDAA    #$00D0
10000 10B7 BD 066D            JSR     L066D
10000 10BA 20 C0              BRA     L107C
10000  ;
10000 10BC BD 0646    L10BC   JSR     L0646
10000 10BF 97 62              STAA    L0062
10000 10C1 BD 0643            JSR     L0643
10000 10C4 97 63              STAA    L0063
10000 10C6 D6 3A              LDAB    L003A
10000 10C8 C5 04              BITB    #$0004
10000 10CA 26 03              BNE     L10CF
10000 10CC 7E 11D6            JMP     L11D6
10000  ;
10000 10CF 81 20      L10CF   CMPA    #$0020
10000 10D1 26 5E              BNE     L1131
10000 10D3 96 62              LDAA    L0062
10000 10D5 81 41              CMPA    #$0041
10000 10D7 27 0A              BEQ     L10E3
10000 10D9 81 42              CMPA    #$0042
10000 10DB 26 54              BNE     L1131
10000 10DD D6 3B              LDAB    L003B
10000 10DF CA 40              ORAB    #$0040
10000 10E1 D7 3B              STAB    L003B
10000 10E3 DE 37      L10E3   LDX     L0037
10000 10E5 DF 5B              STX     L005B
10000 10E7 97 C2              STAA    L00C2
10000 10E9 BD 0646            JSR     L0646
10000 10EC 97 62              STAA    L0062
10000 10EE BD 0643            JSR     L0643
10000 10F1 97 63              STAA    L0063
10000 10F3 96 62              LDAA    L0062
10000 10F5 81 23              CMPA    #$0023
10000 10F7 27 03              BEQ     L10FC
10000 10F9 7E 11D6            JMP     L11D6
10000  ;
10000 10FC BD 062E    L10FC   JSR     L062E
10000 10FF 96 3A              LDAA    L003A
10000 1101 85 80              BITA    #$0080
10000 1103 27 2C              BEQ     L1131
10000 1105 BD 0634            JSR     L0634
10000 1108 DE 2D              LDX     L002D
10000 110A DF 31              STX     L0031
10000 110C BD 062E            JSR     L062E
10000 110F BD 0643            JSR     L0643
10000 1112 81 2C              CMPA    #$002C
10000 1114 27 1B              BEQ     L1131
10000 1116 96 3A              LDAA    L003A
10000 1118 85 04              BITA    #$0004
10000 111A 27 23              BEQ     L113F
10000 111C 86 02              LDAA    #$0002
10000 111E 97 23              STAA    L0023
10000 1120 C6 E7              LDAB    #$00E7
10000 1122 D7 5A              STAB    L005A
10000 1124 7D 0031            TST     L0031
10000 1127 27 05              BEQ     L112E
10000 1129 86 D2              LDAA    #$00D2
10000 112B BD 066D            JSR     L066D
10000 112E D6 5A      L112E   LDAB    L005A
10000 1130 39                 RTS     
10000  ; -----------------------------------------------
10000 1131 86 D1      L1131   LDAA    #$00D1
10000 1133 BD 066D            JSR     L066D
10000 1136 7F 003B            CLR     L003B
10000 1139 7F 0031            CLR     L0031
10000 113C 7F 0032            CLR     L0032
10000 113F 86 03      L113F   LDAA    #$0003
10000 1141 97 23              STAA    L0023
10000 1143 C6 EB              LDAB    #$00EB
10000 1145 39                 RTS     
10000  ; -----------------------------------------------
10000 1146 DE 5B      L1146   LDX     L005B
10000 1148 DF 37              STX     L0037
10000 114A BD 0634            JSR     L0634
10000 114D DE 2D              LDX     L002D
10000 114F DF 31              STX     L0031
10000 1151 BD 062E            JSR     L062E
10000 1154 BD 0643            JSR     L0643
10000 1157 81 2C              CMPA    #$002C
10000 1159 26 48              BNE     L11A3
10000 115B BD 0643            JSR     L0643
10000 115E 81 58      L115E   CMPA    #$0058
10000 1160 26 CF              BNE     L1131
10000 1162 BD 0643            JSR     L0643
10000 1165 81 20              CMPA    #$0020
10000 1167 27 04              BEQ     L116D
10000 1169 81 0D              CMPA    #$000D
10000 116B 26 C4              BNE     L1131
10000 116D 96 3A      L116D   LDAA    L003A
10000 116F 85 40              BITA    #$0040
10000 1171 27 BE              BEQ     L1131
10000 1173 7D 0031            TST     L0031
10000 1176 27 05              BEQ     L117D
10000 1178 86 D2              LDAA    #$00D2
10000 117A BD 066D            JSR     L066D
10000 117D 86 02      L117D   LDAA    #$0002
10000 117F 97 23              STAA    L0023
10000 1181 96 3B              LDAA    L003B
10000 1183 8A 20              ORAA    #$0020
10000 1185 97 3B              STAA    L003B
10000 1187 C6 E7              LDAB    #$00E7
10000 1189 39                 RTS     
10000  ; -----------------------------------------------
10000 118A 81 58      L118A   CMPA    #$0058
10000 118C 26 11              BNE     L119F
10000 118E 96 62              LDAA    L0062
10000 1190 81 2C              CMPA    #$002C
10000 1192 27 07              BEQ     L119B
10000 1194 81 23      L1194   CMPA    #$0023
10000 1196 26 AE              BNE     L1146
10000 1198 7E 10FC            JMP     L10FC
10000  ;
10000 119B 96 63      L119B   LDAA    L0063
10000 119D 20 BF              BRA     L115E
10000  ;
10000 119F 96 62      L119F   LDAA    L0062
10000 11A1 20 F1              BRA     L1194
10000  ;
10000 11A3 7D 0035    L11A3   TST     L0035
10000 11A6 26 18              BNE     L11C0
10000 11A8 7D 0031            TST     L0031
10000 11AB 26 13              BNE     L11C0
10000 11AD 96 3A              LDAA    L003A
10000 11AF 85 10              BITA    #$0010
10000 11B1 27 0D              BEQ     L11C0
10000 11B3 96 3B              LDAA    L003B
10000 11B5 8A 10              ORAA    #$0010
10000 11B7 97 3B              STAA    L003B
10000 11B9 86 02              LDAA    #$0002
10000 11BB 97 23              STAA    L0023
10000 11BD C6 E7              LDAB    #$00E7
10000 11BF 39                 RTS     
10000  ; -----------------------------------------------
10000 11C0 D6 3A      L11C0   LDAB    L003A
10000 11C2 C5 18              BITB    #$0018
10000 11C4 26 03              BNE     L11C9
10000 11C6 7E 1131            JMP     L1131
10000  ;
10000 11C9 96 3B      L11C9   LDAA    L003B
10000 11CB 8A 30              ORAA    #$0030
10000 11CD 97 3B              STAA    L003B
10000 11CF 86 03              LDAA    #$0003
10000 11D1 97 23              STAA    L0023
10000 11D3 C6 EB              LDAB    #$00EB
10000 11D5 39                 RTS     
10000  ; -----------------------------------------------
10000 11D6 96 63      L11D6   LDAA    L0063
10000 11D8 81 20              CMPA    #$0020
10000 11DA 27 04              BEQ     L11E0
10000 11DC 81 0D              CMPA    #$000D
10000 11DE 26 AA              BNE     L118A
10000 11E0 96 62      L11E0   LDAA    L0062
10000 11E2 81 41              CMPA    #$0041
10000 11E4 27 18              BEQ     L11FE
10000 11E6 81 42              CMPA    #$0042
10000 11E8 26 2A              BNE     L1214
10000 11EA D6 3A              LDAB    L003A
10000 11EC C1 02              CMPB    #$0002
10000 11EE 26 08              BNE     L11F8
10000 11F0 D6 3B              LDAB    L003B
10000 11F2 CA 01              ORAB    #$0001
10000 11F4 D7 3B              STAB    L003B
10000 11F6 20 06              BRA     L11FE
10000  ;
10000 11F8 D6 3B      L11F8   LDAB    L003B
10000 11FA CA 10              ORAB    #$0010
10000 11FC D7 3B              STAB    L003B
10000 11FE 97 C2      L11FE   STAA    L00C2
10000 1200 DE 37              LDX     L0037
10000 1202 DF 5B              STX     L005B
10000 1204 96 3A              LDAA    L003A
10000 1206 85 02              BITA    #$0002
10000 1208 26 03              BNE     L120D
10000 120A 7E 1131            JMP     L1131
10000  ;
10000 120D 86 01      L120D   LDAA    #$0001
10000 120F 97 23              STAA    L0023
10000 1211 C6 E3              LDAB    #$00E3
10000 1213 39                 RTS     
10000  ; -----------------------------------------------
10000 1214 81 58      L1214   CMPA    #$0058
10000 1216 26 03              BNE     L121B
10000 1218 7E 116D            JMP     L116D
10000  ;
10000 121B 7E 1146    L121B   JMP     L1146
10000  ;
10000 121E CE 0000    L121E   LDX     #$0000
10000 1221 DF 2D              STX     L002D
10000 1223 86 2B              LDAA    #$002B
10000 1225 97 2B              STAA    L002B
10000 1227 7F 002C            CLR     L002C
10000 122A BD 0646            JSR     L0646
10000 122D 81 2A              CMPA    #$002A
10000 122F 27 4B              BEQ     L127C
10000 1231 BD 062E            JSR     L062E
10000 1234 BD 0643            JSR     L0643
10000 1237 81 0D              CMPA    #$000D
10000 1239 27 35              BEQ     L1270
10000 123B 81 20              CMPA    #$0020
10000 123D 27 31              BEQ     L1270
10000 123F 81 2C              CMPA    #$002C
10000 1241 27 2D              BEQ     L1270
10000 1243 BD 062E    L1243   JSR     L062E
10000 1246 BD 0643    L1246   JSR     L0643
10000 1249 81 0D              CMPA    #$000D
10000 124B 27 22              BEQ     L126F
10000 124D 81 20              CMPA    #$0020
10000 124F 27 1E              BEQ     L126F
10000 1251 81 2C              CMPA    #$002C
10000 1253 27 1A              BEQ     L126F
10000 1255 81 2B              CMPA    #$002B
10000 1257 27 1F              BEQ     L1278
10000 1259 81 2D              CMPA    #$002D
10000 125B 27 1B              BEQ     L1278
10000 125D 81 2F              CMPA    #$002F
10000 125F 27 17              BEQ     L1278
10000 1261 81 2A              CMPA    #$002A
10000 1263 26 17              BNE     L127C
10000 1265 7D 002C            TST     L002C
10000 1268 27 0E              BEQ     L1278
10000 126A 86 CC      L126A   LDAA    #$00CC
10000 126C BD 066D            JSR     L066D
10000 126F 39         L126F   RTS     
10000  ; -----------------------------------------------
10000 1270 D6 39      L1270   LDAB    L0039
10000 1272 C5 08              BITB    #$0008
10000 1274 27 F4              BEQ     L126A
10000 1276 20 F7              BRA     L126F
10000  ;
10000 1278 97 2B      L1278   STAA    L002B
10000 127A 20 CA              BRA     L1246
10000  ;
10000 127C BD 062E    L127C   JSR     L062E
10000 127F BD 0637            JSR     L0637
10000 1282 96 2B              LDAA    L002B
10000 1284 81 2B              CMPA    #$002B
10000 1286 27 0E              BEQ     L1296
10000 1288 81 2D              CMPA    #$002D
10000 128A 27 19              BEQ     L12A5
10000 128C 81 2A              CMPA    #$002A
10000 128E 27 1F              BEQ     L12AF
10000 1290 81 2F              CMPA    #$002F
10000 1292 27 27              BEQ     L12BB
10000 1294 20 FE      L1294   BRA     L1294
10000  ;
10000 1296 96 2D      L1296   LDAA    L002D
10000 1298 D6 2E              LDAB    L002E
10000 129A DB 30              ADDB    L0030
10000 129C 99 2F              ADCA    L002F
10000 129E 97 2D      L129E   STAA    L002D
10000 12A0 D7 2E              STAB    L002E
10000 12A2 7E 1243            JMP     L1243
10000  ;
10000 12A5 96 2D      L12A5   LDAA    L002D
10000 12A7 D6 2E              LDAB    L002E
10000 12A9 D0 30              SUBB    L0030
10000 12AB 92 2F              SBCA    L002F
10000 12AD 20 EF              BRA     L129E
10000  ;
10000 12AF 96 2D      L12AF   LDAA    L002D
10000 12B1 D6 2E              LDAB    L002E
10000 12B3 CE 002F            LDX     #$002F
10000 12B6 BD 064F            JSR     L064F
10000 12B9 20 E3              BRA     L129E
10000  ;
10000 12BB 96 2D      L12BB   LDAA    L002D
10000 12BD D6 2E              LDAB    L002E
10000 12BF CE 002F            LDX     #$002F
10000 12C2 BD 0631            JSR     L0631
10000 12C5 20 D7              BRA     L129E
10000  ;
10000 12C7 7F 002F    L12C7   CLR     L002F
10000 12CA 7F 0030            CLR     L0030
10000 12CD DE 37              LDX     L0037
10000 12CF DF 81              STX     L0081
10000 12D1 BD 0643            JSR     L0643
10000 12D4 81 2A              CMPA    #$002A
10000 12D6 26 05              BNE     L12DD
10000 12D8 DE 49              LDX     L0049
10000 12DA DF 2F              STX     L002F
10000 12DC 39                 RTS     
10000  ; -----------------------------------------------
10000 12DD 81 27      L12DD   CMPA    #$0027
10000 12DF 26 1A              BNE     L12FB
10000 12E1 BD 0643            JSR     L0643
10000 12E4 97 2E              STAA    L002E
10000 12E6 7F 002D            CLR     L002D
10000 12E9 BD 0643            JSR     L0643
10000 12EC BD 1426            JSR     L1426
10000 12EF 27 03              BEQ     L12F4
10000 12F1 7E 1379            JMP     L1379
10000  ;
10000 12F4 86 CC      L12F4   LDAA    #$00CC
10000 12F6 BD 066D            JSR     L066D
10000 12F9 20 7E              BRA     L1379
10000  ;
10000 12FB CE 002F    L12FB   LDX     #$002F
10000 12FE 81 24              CMPA    #$0024
10000 1300 27 5B              BEQ     L135D
10000 1302 81 40              CMPA    #$0040
10000 1304 27 74              BEQ     L137A
10000 1306 81 25              CMPA    #$0025
10000 1308 26 03              BNE     L130D
10000 130A 7E 13A1            JMP     L13A1
10000  ;
10000 130D 81 30      L130D   CMPA    #$0030
10000 130F 2D 07              BLT     L1318
10000 1311 81 39              CMPA    #$0039
10000 1313 2E 03              BGT     L1318
10000 1315 7E 13F2            JMP     L13F2
10000  ;
10000 1318 97 9C      L1318   STAA    L009C
10000 131A CE 009C            LDX     #$009C
10000 131D C6 20              LDAB    #$0020
10000 131F E7 00      L131F   STAB    $0000,X
10000 1321 08                 INX     
10000 1322 8C 00A2            CPX     #$00A2
10000 1325 26 F8              BNE     L131F
10000 1327 CE 009C            LDX     #$009C
10000 132A 20 10              BRA     L133C
10000  ;
10000 132C BD 0643    L132C   JSR     L0643
10000 132F BD 1426            JSR     L1426
10000 1332 26 1F              BNE     L1353
10000 1334 81 30              CMPA    #$0030
10000 1336 2D 04              BLT     L133C
10000 1338 81 3A              CMPA    #$003A
10000 133A 2D 0D              BLT     L1349
10000 133C 81 41      L133C   CMPA    #$0041
10000 133E 2D 04              BLT     L1344
10000 1340 81 5A              CMPA    #$005A
10000 1342 2F 05              BLE     L1349
10000 1344 86 CC      L1344   LDAA    #$00CC
10000 1346 BD 066D            JSR     L066D
10000 1349 8C 00A2    L1349   CPX     #$00A2
10000 134C 27 DE              BEQ     L132C
10000 134E A7 00              STAA    $0000,X
10000 1350 08                 INX     
10000 1351 20 D9              BRA     L132C
10000  ;
10000 1353 C6 00      L1353   LDAB    #$0000
10000 1355 BD 0673            JSR     L0673
10000 1358 DE 72              LDX     L0072
10000 135A DF 2F              STX     L002F
10000 135C 39                 RTS     
10000  ; -----------------------------------------------
10000 135D 6F 00      L135D   CLR     $0000,X
10000 135F 6F 01              CLR     $0001,X
10000 1361 BD 0643    L1361   JSR     L0643
10000 1364 BD 0628            JSR     L0628
10000 1367 2B 09              BMI     L1372
10000 1369 BD 1415            JSR     L1415
10000 136C AB 01              ADDA    $0001,X
10000 136E A7 01              STAA    $0001,X
10000 1370 20 EF              BRA     L1361
10000  ;
10000 1372 81 48      L1372   CMPA    #$0048
10000 1374 26 03              BNE     L1379
10000 1376 BD 0643            JSR     L0643
10000 1379 39         L1379   RTS     
10000  ; -----------------------------------------------
10000 137A 6F 00      L137A   CLR     $0000,X
10000 137C 6F 01              CLR     $0001,X
10000 137E BD 0643    L137E   JSR     L0643
10000 1381 81 30              CMPA    #$0030
10000 1383 2D 0F              BLT     L1394
10000 1385 81 38              CMPA    #$0038
10000 1387 2A 0B              BPL     L1394
10000 1389 84 07              ANDA    #$0007
10000 138B BD 1419            JSR     L1419
10000 138E AB 01              ADDA    $0001,X
10000 1390 A7 01              STAA    $0001,X
10000 1392 20 EA              BRA     L137E
10000  ;
10000 1394 81 4F      L1394   CMPA    #$004F
10000 1396 27 04              BEQ     L139C
10000 1398 81 51              CMPA    #$0051
10000 139A 26 DD              BNE     L1379
10000 139C BD 0643    L139C   JSR     L0643
10000 139F 20 D8              BRA     L1379
10000  ;
10000 13A1 6F 00      L13A1   CLR     $0000,X
10000 13A3 6F 01              CLR     $0001,X
10000 13A5 BD 0643    L13A5   JSR     L0643
10000 13A8 81 30              CMPA    #$0030
10000 13AA 27 04              BEQ     L13B0
10000 13AC 81 31              CMPA    #$0031
10000 13AE 26 07              BNE     L13B7
10000 13B0 46         L13B0   RORA    
10000 13B1 69 01              ROL     $0001,X
10000 13B3 69 00              ROL     $0000,X
10000 13B5 20 EE              BRA     L13A5
10000  ;
10000 13B7 81 42      L13B7   CMPA    #$0042
10000 13B9 26 BE              BNE     L1379
10000 13BB BD 0643            JSR     L0643
10000 13BE 20 B9              BRA     L1379
10000  ;
10000 13C0 BD 0643    L13C0   JSR     L0643
10000 13C3 BD 1426    L13C3   JSR     L1426
10000 13C6 27 F8              BEQ     L13C0
10000 13C8 DE 37              LDX     L0037
10000 13CA DF 7F              STX     L007F
10000 13CC 09                 DEX     
10000 13CD 09                 DEX     
10000 13CE A6 00              LDAA    $0000,X
10000 13D0 DE 81              LDX     L0081
10000 13D2 DF 37              STX     L0037
10000 13D4 CE 002F            LDX     #$002F
10000 13D7 81 4F              CMPA    #$004F
10000 13D9 27 9F              BEQ     L137A
10000 13DB 81 51              CMPA    #$0051
10000 13DD 27 9B              BEQ     L137A
10000 13DF 81 48              CMPA    #$0048
10000 13E1 26 03              BNE     L13E6
10000 13E3 7E 135D            JMP     L135D
10000  ;
10000 13E6 81 42      L13E6   CMPA    #$0042
10000 13E8 27 B7              BEQ     L13A1
10000 13EA DE 7F              LDX     L007F
10000 13EC DF 37              STX     L0037
10000 13EE 39                 RTS     
10000  ; -----------------------------------------------
10000 13EF BD 0643    L13EF   JSR     L0643
10000 13F2 81 30      L13F2   CMPA    #$0030
10000 13F4 2B CD              BMI     L13C3
10000 13F6 81 39              CMPA    #$0039
10000 13F8 2E C9              BGT     L13C3
10000 13FA 84 0F              ANDA    #$000F
10000 13FC 97 83              STAA    L0083
10000 13FE A6 00              LDAA    $0000,X
10000 1400 E6 01              LDAB    $0001,X
10000 1402 58                 ASLB    
10000 1403 49                 ROLA    
10000 1404 BD 1419            JSR     L1419
10000 1407 EB 01              ADDB    $0001,X
10000 1409 A9 00              ADCA    $0000,X
10000 140B DB 83              ADDB    L0083
10000 140D 89 00              ADCA    #$0000
10000 140F A7 00              STAA    $0000,X
10000 1411 E7 01              STAB    $0001,X
10000 1413 20 DA              BRA     L13EF
10000  ;
10000 1415 68 01      L1415   ASL     $0001,X
10000 1417 69 00              ROL     $0000,X
10000 1419 68 01      L1419   ASL     $0001,X
10000 141B 69 00              ROL     $0000,X
10000 141D 68 01              ASL     $0001,X
10000 141F 69 00              ROL     $0000,X
10000 1421 68 01              ASL     $0001,X
10000 1423 69 00              ROL     $0000,X
10000 1425 39                 RTS     
10000  ; -----------------------------------------------
10000 1426 DF 33      L1426   STX     L0033
10000 1428 CE 1441            LDX     #$1441
10000 142B A1 00      L142B   CMPA    $0000,X
10000 142D 27 0C              BEQ     L143B
10000 142F 08                 INX     
10000 1430 8C 1449            CPX     #$1449
10000 1433 26 F6              BNE     L142B
10000 1435 DE 33              LDX     L0033
10000 1437 7D 079C            TST     L079C
10000 143A 39                 RTS     
10000  ; -----------------------------------------------
10000 143B DE 33      L143B   LDX     L0033
10000 143D 7D 079B            TST     L079B
10000 1440 39                 RTS     
10000  ; -----------------------------------------------
10000 1441 0A                 CLV     
10000 1442 0D                 SEC     
10000 1443 20 2A              BRA     L146F
10000  ;
10000 1445 2B 2C              BMI     L1473
10000 1447 2D 2F              BLT     L1478
10000 1449 D7 76      L1449   STAB    L0076
10000 144B CE 1713            LDX     #$1713
10000 144E DF 79              STX     L0079
10000 1450 01                 NOP     
10000 1451 9F 60              STS     L0060
10000 1453 CE 0084            LDX     #$0084
10000 1456 8E 009B            LDS     #$009B
10000 1459 32         L1459   PULA    
10000 145A A7 00              STAA    $0000,X
10000 145C 08                 INX     
10000 145D 8C 008A            CPX     #$008A
10000 1460 26 F7              BNE     L1459
10000 1462 9E 60              LDS     L0060
10000 1464 01                 NOP     
10000 1465 5D                 TSTB    
10000 1466 2B 07              BMI     L146F
10000 1468 26 09              BNE     L1473
10000 146A CE FFFF            LDX     #$FFFF
10000 146D 20 0C              BRA     L147B
10000  ;
10000 146F DE 2D      L146F   LDX     L002D
10000 1471 20 02              BRA     L1475
10000  ;
10000 1473 DE 49      L1473   LDX     L0049
10000 1475 96 84      L1475   LDAA    L0084
10000 1477 8A 80              ORAA    #$0080
10000                 L1478
10000 1479 97 84              STAA    L0084
10000 147B DF 8A      L147B   STX     L008A
10000 147D 96 79      L147D   LDAA    L0079
10000 147F D6 7A              LDAB    L007A
10000 1481 D0 7C              SUBB    L007C
10000 1483 92 7B              SBCA    L007B
10000 1485 25 03              BCS     L148A
10000 1487 7E 1519            JMP     L1519
10000  ;
10000 148A BD 155F    L148A   JSR     L155F
10000 148D CE 0084            LDX     #$0084
10000 1490 A6 00      L1490   LDAA    $0000,X
10000 1492 A0 08              SUBA    $0008,X
10000 1494 84 7F              ANDA    #$007F
10000 1496 27 05              BEQ     L149D
10000 1498 BD 1554            JSR     L1554
10000 149B 20 E0              BRA     L147D
10000  ;
10000 149D 08         L149D   INX     
10000 149E 8C 008A            CPX     #$008A
10000 14A1 26 ED              BNE     L1490
10000 14A3 7D 0076            TST     L0076
10000 14A6 27 41              BEQ     L14E9
10000 14A8 DE 79              LDX     L0079
10000 14AA DF 77              STX     L0077
10000 14AC 7D 008C            TST     L008C
10000 14AF 2A 13              BPL     L14C4
10000 14B1 DE 8A              LDX     L008A
10000 14B3 9C 92              CPX     L0092
10000 14B5 27 44              BEQ     L14FB
10000 14B7 96 8D              LDAA    L008D
10000 14B9 8A 80              ORAA    #$0080
10000 14BB 97 8D              STAA    L008D
10000 14BD 86 D5              LDAA    #$00D5
10000 14BF BD 066D            JSR     L066D
10000 14C2 20 34              BRA     L14F8
10000  ;
10000 14C4 CE 0084    L14C4   LDX     #$0084
10000 14C7 A6 00      L14C7   LDAA    $0000,X
10000 14C9 A7 08              STAA    $0008,X
10000 14CB 08                 INX     
10000 14CC 8C 008C            CPX     #$008C
10000 14CF 26 F6              BNE     L14C7
10000 14D1 DE 79              LDX     L0079
10000 14D3 DF 67              STX     L0067
10000 14D5 DE 7B              LDX     L007B
10000 14D7 DF 79              STX     L0079
10000 14D9 BD 1575            JSR     L1575
10000 14DC DE 67              LDX     L0067
10000 14DE A6 08      L14DE   LDAA    $0008,X
10000 14E0 A7 00              STAA    $0000,X
10000 14E2 08                 INX     
10000 14E3 9C 7B              CPX     L007B
10000 14E5 26 F7              BNE     L14DE
10000 14E7 20 12              BRA     L14FB
10000  ;
10000 14E9 7D 008C    L14E9   TST     L008C
10000 14EC 2A 20              BPL     L150E
10000 14EE 7D 008D            TST     L008D
10000 14F1 2A 0F              BPL     L1502
10000 14F3 86 CE              LDAA    #$00CE
10000 14F5 BD 066D            JSR     L066D
10000 14F8 BD 1575    L14F8   JSR     L1575
10000 14FB DE 92      L14FB   LDX     L0092
10000 14FD DF 72              STX     L0072
10000 14FF 9E 60              LDS     L0060
10000 1501 39                 RTS     
10000  ; -----------------------------------------------
10000 1502 96 77      L1502   LDAA    L0077
10000 1504 D6 78              LDAB    L0078
10000 1506 D0 7A              SUBB    L007A
10000 1508 92 79              SBCA    L0079
10000 150A 25 07              BCS     L1513
10000 150C 20 ED              BRA     L14FB
10000  ;
10000 150E 86 D3      L150E   LDAA    #$00D3
10000 1510 BD 066D            JSR     L066D
10000 1513 0D         L1513   SEC     
10000 1514 79 0035            ROL     L0035
10000 1517 20 E2              BRA     L14FB
10000  ;
10000 1519 CE 0084    L1519   LDX     #$0084
10000 151C A6 00      L151C   LDAA    $0000,X
10000 151E A7 08              STAA    $0008,X
10000 1520 08                 INX     
10000 1521 8C 008C            CPX     #$008C
10000 1524 26 F6              BNE     L151C
10000 1526 96 7B              LDAA    L007B
10000 1528 D6 7C              LDAB    L007C
10000 152A D0 75              SUBB    L0075
10000 152C 92 74              SBCA    L0074
10000 152E 2A 1D              BPL     L154D
10000 1530 7D 0076            TST     L0076
10000 1533 26 09              BNE     L153E
10000 1535 86 D3              LDAA    #$00D3
10000 1537 BD 066D            JSR     L066D
10000 153A 0D                 SEC     
10000 153B 79 0035            ROL     L0035
10000 153E DE 7B      L153E   LDX     L007B
10000 1540 DF 79              STX     L0079
10000 1542 DF 77              STX     L0077
10000 1544 BD 1575            JSR     L1575
10000 1547 DE 79              LDX     L0079
10000 1549 DF 7B              STX     L007B
10000 154B 20 AE              BRA     L14FB
10000  ;
10000 154D 86 DD      L154D   LDAA    #$00DD
10000 154F BD 066D            JSR     L066D
10000 1552 20 A7              BRA     L14FB
10000  ;
10000 1554 C6 08      L1554   LDAB    #$0008
10000 1556 DE 79              LDX     L0079
10000 1558 08         L1558   INX     
10000 1559 5A                 DECB    
10000 155A 26 FC              BNE     L1558
10000 155C DF 79              STX     L0079
10000 155E 39                 RTS     
10000  ; -----------------------------------------------
10000 155F 01         L155F   NOP     
10000 1560 9F 5E              STS     L005E
10000 1562 CE 008C            LDX     #$008C
10000 1565 9E 79              LDS     L0079
10000 1567 34                 DES     
10000 1568 32         L1568   PULA    
10000 1569 A7 00              STAA    $0000,X
10000 156B 08                 INX     
10000 156C 8C 0094            CPX     #$0094
10000 156F 26 F7              BNE     L1568
10000 1571 9E 5E              LDS     L005E
10000 1573 01                 NOP     
10000 1574 39                 RTS     
10000  ; -----------------------------------------------
10000 1575 01         L1575   NOP     
10000 1576 9F 5E              STS     L005E
10000 1578 C6 08              LDAB    #$0008
10000 157A 8E 008B            LDS     #$008B
10000 157D DE 79              LDX     L0079
10000 157F 32         L157F   PULA    
10000 1580 A7 00              STAA    $0000,X
10000 1582 08                 INX     
10000 1583 5A                 DECB    
10000 1584 26 F9              BNE     L157F
10000 1586 DF 79              STX     L0079
10000 1588 9E 5E              LDS     L005E
10000 158A 01                 NOP     
10000 158B 39                 RTS     
10000  ; -----------------------------------------------
10000 158C CE 172B    L158C   LDX     #$172B
10000 158F DF 79              STX     L0079
10000 1591 96 79      L1591   LDAA    L0079
10000 1593 D6 7A              LDAB    L007A
10000 1595 D0 7C              SUBB    L007C
10000 1597 92 7B              SBCA    L007B
10000 1599 24 3A              BCC     L15D5
10000 159B BD 155F            JSR     L155F
10000 159E 96 8C              LDAA    L008C
10000 15A0 7D 0048            TST     L0048
10000 15A3 27 05              BEQ     L15AA
10000 15A5 4D                 TSTA    
10000 15A6 2A 29              BPL     L15D1
10000 15A8 20 03              BRA     L15AD
10000  ;
10000 15AA 4D         L15AA   TSTA    
10000 15AB 2B 24              BMI     L15D1
10000 15AD 96 92      L15AD   LDAA    L0092
10000 15AF D6 93              LDAB    L0093
10000 15B1 CE 0093            LDX     #$0093
10000 15B4 BD 0676            JSR     L0676
10000 15B7 17                 TBA     
10000 15B8 BD 0676            JSR     L0676
10000 15BB 86 20              LDAA    #$0020
10000 15BD 97 92              STAA    L0092
10000 15BF 86 0D              LDAA    #$000D
10000 15C1 A7 00              STAA    $0000,X
10000 15C3 86 0A              LDAA    #$000A
10000 15C5 A7 01              STAA    $0001,X
10000 15C7 86 04              LDAA    #$0004
10000 15C9 A7 02              STAA    $0002,X
10000 15CB CE 008C            LDX     #$008C
10000 15CE BD 0664            JSR     L0664
10000 15D1 8D 81      L15D1   BSR     L1554
10000 15D3 20 BC              BRA     L1591
10000  ;
10000 15D5 39         L15D5   RTS     
10000  ; -----------------------------------------------
10000 15D6 7D 0048    L15D6   TST     L0048
10000 15D9 27 32              BEQ     L160D
10000 15DB CE 00AF            LDX     #$00AF
10000 15DE DF 56              STX     L0056
10000 15E0 D7 5D              STAB    L005D
10000 15E2 7D 004D            TST     L004D
10000 15E5 26 0A              BNE     L15F1
10000 15E7 86 FF              LDAA    #$00FF
10000 15E9 97 4D              STAA    L004D
10000 15EB CE 16F1            LDX     #$16F1
10000 15EE BD 0655            JSR     PCHSTR     Punch file string
10000 15F1 DE 49      L15F1   LDX     L0049
10000 15F3 DF 4F              STX     L004F
10000 15F5 7D 005D            TST     L005D
10000 15F8 2A 03              BPL     L15FD
10000 15FA 7E 16D0            JMP     L16D0
10000  ;
10000 15FD DE 56      L15FD   LDX     L0056
10000 15FF A6 00      L15FF   LDAA    $0000,X
10000 1601 81 20              CMPA    #$0020
10000 1603 26 09              BNE     L160E
10000 1605 08                 INX     
10000 1606 DF 56              STX     L0056
10000 1608 8C 00B7            CPX     #$00B7
10000 160B 26 F2              BNE     L15FF
10000 160D 39         L160D   RTS     
10000  ; -----------------------------------------------
10000 160E 7D 004E    L160E   TST     L004E
10000 1611 26 25              BNE     L1638
10000 1613 36         L1613   PSHA    
10000 1614 7F 0055            CLR     L0055
10000 1617 86 FF              LDAA    #$00FF
10000 1619 97 4E              STAA    L004E
10000 161B CE 0181            LDX     #$0181
10000 161E 6F 00      L161E   CLR     $0000,X
10000 1620 08                 INX     
10000 1621 8C 01C1            CPX     #$01C1
10000 1624 26 F8              BNE     L161E
10000 1626 DE 4F              LDX     L004F
10000 1628 DF 51              STX     L0051
10000 162A CE 0183            LDX     #$0183
10000 162D 96 51              LDAA    L0051
10000 162F BD 16E5            JSR     L16E5
10000 1632 96 52              LDAA    L0052
10000 1634 BD 16E3            JSR     L16E3
10000 1637 32                 PULA    
10000 1638 DE 4F      L1638   LDX     L004F
10000 163A 9C 51              CPX     L0051
10000 163C 27 05              BEQ     L1643
10000 163E BD 1696            JSR     L1696
10000 1641 20 D0              BRA     L1613
10000  ;
10000 1643 DE 56      L1643   LDX     L0056
10000 1645 BD 0628            JSR     L0628
10000 1648 48                 ASLA    
10000 1649 48                 ASLA    
10000 164A 48                 ASLA    
10000 164B 48                 ASLA    
10000 164C 16                 TAB     
10000 164D 08                 INX     
10000 164E A6 00              LDAA    $0000,X
10000 1650 08                 INX     
10000 1651 DF 56              STX     L0056
10000 1653 BD 0628            JSR     L0628
10000 1656 1B                 ABA     
10000 1657 7D 0042            TST     L0042
10000 165A 27 25              BEQ     L1681
10000 165C 36                 PSHA    
10000 165D 96 4F              LDAA    L004F
10000 165F D6 50              LDAB    L0050
10000 1661 D0 25              SUBB    L0025
10000 1663 92 24              SBCA    L0024
10000 1665 25 0A              BCS     L1671
10000 1667 96 4F              LDAA    L004F
10000 1669 D6 50              LDAB    L0050
10000 166B D0 27              SUBB    L0027
10000 166D 92 26              SBCA    L0026
10000 166F 25 0A              BCS     L167B
10000 1671 32         L1671   PULA    
10000 1672 DE 4F              LDX     L004F
10000 1674 A7 00              STAA    $0000,X
10000 1676 A1 00              CMPA    $0000,X
10000 1678 27 07              BEQ     L1681
10000 167A 36                 PSHA    
10000 167B 86 DA      L167B   LDAA    #$00DA
10000 167D BD 066D            JSR     L066D
10000 1680 32                 PULA    
10000 1681 8D 60      L1681   BSR     L16E3
10000 1683 DE 4F              LDX     L004F
10000 1685 08                 INX     
10000 1686 DF 4F              STX     L004F
10000 1688 DF 51              STX     L0051
10000 168A DE 58              LDX     L0058
10000 168C 8C 01BD            CPX     #$01BD
10000 168F 26 FE      L168F   BNE     L168F
10000 1691 8D 03              BSR     L1696
10000 1693 7E 15FD            JMP     L15FD
10000  ;
10000 1696 36         L1696   PSHA    
10000 1697 7F 004E            CLR     L004E
10000 169A 86 03              LDAA    #$0003
10000 169C CE 0183            LDX     #$0183
10000 169F 4C         L169F   INCA    
10000 16A0 08                 INX     
10000 16A1 6D 00              TST     $0000,X
10000 16A3 26 FA              BNE     L169F
10000 16A5 44                 LSRA    
10000 16A6 36                 PSHA    
10000 16A7 BD 16E3            JSR     L16E3
10000 16AA 96 55              LDAA    L0055
10000 16AC 43                 COMA    
10000 16AD 09                 DEX     
10000 16AE 09                 DEX     
10000 16AF BD 16E5            JSR     L16E5
10000 16B2 86 0D              LDAA    #$000D
10000 16B4 A7 00              STAA    $0000,X
10000 16B6 86 0A              LDAA    #$000A
10000 16B8 A7 01              STAA    $0001,X
10000 16BA 86 00              LDAA    #$0000
10000 16BC A7 02              STAA    $0002,X
10000 16BE 86 04              LDAA    #$0004
10000 16C0 A7 03              STAA    $0003,X
10000 16C2 32                 PULA    
10000 16C3 CE 0181            LDX     #$0181
10000 16C6 8D 1D              BSR     L16E5
10000 16C8 CE 017F            LDX     #$017F   "S1"
10000 16CB BD 0655            JSR     PCHSTR     Punch file string
10000 16CE 32                 PULA    
10000 16CF 39                 RTS     
10000  ; -----------------------------------------------
10000 16D0 7D 004E    L16D0   TST     L004E
10000 16D3 27 02              BEQ     L16D7
10000 16D5 8D BF              BSR     L1696
10000 16D7 CE 1705    L16D7   LDX     #$1705
10000 16DA BD 0655            JSR     PCHSTR     Punch file string
10000 16DD 7F 004D            CLR     L004D
10000 16E0 7E 160D            JMP     L160D
10000  ;
10000 16E3 DE 58      L16E3   LDX     L0058
10000 16E5 36         L16E5   PSHA    
10000 16E6 9B 55              ADDA    L0055
10000 16E8 97 55              STAA    L0055
10000 16EA 32                 PULA    
10000 16EB BD 0676            JSR     L0676
10000 16EE DF 58              STX     L0058
10000 16F0 39                 RTS     
10000 
10000 16F1 53                 FCC     "S00600004844521B",13,10
10000 1703 00                 *****
10000 1704 04                 LSRD    
10000 1705 53                 FCC     "S9030000FC",13,10
10000 1711 00                 *****
10000 1712 04                 LSRD    
10000 1713 C1 20              CMPB    #$0020
10000 1715 20 20              BRA     L1737
10000 1717 20 20              BRA     L1739
10000 1719 FF FFC2            STX     LFFC2
10000 171C 20 20              BRA     L173E
10000 171E 20 20              BRA     L1740
10000 1720 20 FF              BRA     L1721
10000  ;
10000                 L1721
10000  ;
10000 1722 FF D820            STX     LD820
10000 1725 20 20              BRA     L1747
10000 1727 20 20              BRA     L1749
10000 
